Rk,Player,Nation,Pos,Squad,Comp,Age,Born,MP,Starts,Min,90s,Gls,Ast,G+A,G-PK,PK,PKatt,CrdY,CrdR,xG,npxG,xAG,npxG+xAG,PrgC,PrgP,PrgR,Gls,Ast,G+A,G-PK,G+A-PK,xG,xAG,xG+xAG,npxG,npxG+xAG,Matches
1,Erling Haaland,no NOR,FW,Manchester City,eng Premier League,25-166,2000,19,19,"1,641",18.2,01.04,0.22,1.26,0.99,0.05,0.11,0.00,0.00,0.93,0.84,0.14,0.98,1.43,0.77,2.97,01.04,0.22,1.26,0.99,1.21,0.93,0.14,01.07,0.84,0.98,Matches
2,Harry Kane,eng ENG,"FW,MF",Bayern Munich,de Bundesliga,32-159,1993,15,13,"1,174",13.0,1.46,0.23,1.69,1.00,0.46,0.46,0.00,0.00,0.99,0.63,0.26,0.89,1.23,3.23,4.31,1.46,0.23,1.69,1.00,1.23,0.99,0.26,1.25,0.63,0.89,Matches
3,Kylian Mbappé,fr FRA,FW,Real Madrid,es La Liga,27-014,1998,18,18,"1,57",17.4,01.03,0.23,1.26,0.75,0.29,0.34,0.17,0.00,0.90,0.63,0.32,0.95,4.20,4.66,9.60,01.03,0.23,1.26,0.75,0.97,0.90,0.31,1.22,0.63,0.95,Matches
4,Mason Greenwood,eng ENG,"FW,MF",Marseille,fr Ligue 1,24-094,2001,15,14,"1,222",13.6,0.81,0.22,01.03,0.51,0.29,0.37,0.15,0.00,0.63,0.34,0.29,0.63,4.34,7.21,10.1,0.81,0.22,01.03,0.52,0.74,0.63,0.30,0.93,0.34,0.64,Matches
5,Thiago,br BRA,FW,Brentford,eng Premier League,24-191,2001,19,18,"1,582",17.6,0.63,0.06,0.68,0.34,0.28,0.34,0.17,0.00,0.52,0.25,0.13,0.39,0.63,01.08,3.64,0.63,0.06,0.68,0.34,0.40,0.52,0.13,0.65,0.25,0.39,Matches
6,Ferrán Torres,es ESP,FW,Barcelona,es La Liga,25-308,2000,17,13,"1,081",12.0,0.92,0.08,1.00,0.92,0.00,0.00,0.17,0.00,0.71,0.71,0.12,0.83,0.58,1.25,5.83,0.92,0.08,1.00,0.92,1.00,0.71,0.11,0.82,0.71,0.82,Matches
7,Lautaro Martínez,ar ARG,FW,Inter,it Serie A,28-134,1997,16,15,"1,22",13.6,0.66,0.22,0.88,0.66,0.00,0.00,0.15,0.00,0.57,0.57,0.14,0.71,01.03,2.43,7.35,0.66,0.22,0.89,0.66,0.89,0.57,0.14,0.71,0.57,0.71,Matches
8,Vedat Muriqi,xk KVX,FW,Mallorca,es La Liga,31-254,1994,16,15,"1,267",14.1,0.64,0.00,0.64,0.50,0.14,0.14,0.07,0.07,0.43,0.31,0.01,0.33,0.78,01.06,3.97,0.64,0.00,0.64,0.50,0.50,0.43,0.02,0.44,0.32,0.33,Matches
9,Joaquín Panichelli,ar ARG,"FW,MF",Strasbourg,fr Ligue 1,23-088,2002,16,15,"1,315",14.6,0.62,0.00,0.62,0.48,0.14,0.14,0.14,0.00,0.61,0.50,0.11,0.62,0.55,0.75,5.14,0.62,0.00,0.62,0.48,0.48,0.61,0.11,0.72,0.50,0.61,Matches
10,Antoine Semenyo,gh GHA,"FW,MF",Bournemouth,eng Premier League,25-361,2000,18,18,"1,619",18.0,0.50,0.17,0.67,0.44,0.06,0.11,0.22,0.00,0.36,0.27,0.12,0.39,3.78,3.56,6.17,0.50,0.17,0.67,0.44,0.61,0.36,0.12,0.47,0.27,0.39,Matches
11,Jonathan Burkardt,de GER,FW,Eint Frankfurt,de Bundesliga,25-176,2000,10,8,680,7.6,01.05,0.00,01.05,0.92,0.13,0.13,0.13,0.00,0.84,0.74,0.03,0.76,0.66,1.32,3.55,01.06,0.00,01.06,0.93,0.93,0.85,0.03,0.88,0.74,0.77,Matches
12,Dominic Calvert-Lewin,eng ENG,FW,Leeds United,eng Premier League,28-293,1997,17,12,"1,135",12.6,0.63,0.00,0.63,0.56,0.08,0.08,0.00,0.00,0.54,0.48,0.10,0.57,0.63,0.95,4.60,0.63,0.00,0.63,0.56,0.56,0.54,0.10,0.64,0.48,0.57,Matches
13,Luis Díaz,co COL,FW,Bayern Munich,de Bundesliga,28-355,1997,14,13,"1,162",12.9,0.62,0.47,01.09,0.62,0.00,0.00,0.39,0.00,0.59,0.59,0.22,0.81,4.11,3.64,12.3,0.62,0.46,01.08,0.62,01.08,0.59,0.22,0.80,0.59,0.80,Matches
14,Hugo Ekitike,fr FRA,FW,Liverpool,eng Premier League,23-197,2002,18,13,"1,132",12.6,0.63,0.16,0.79,0.63,0.00,0.00,0.00,0.00,0.46,0.46,0.12,0.58,2.30,0.95,6.19,0.64,0.16,0.80,0.64,0.80,0.46,0.12,0.58,0.46,0.58,Matches
15,Esteban Lepaul,fr FRA,FW,Rennes,fr Ligue 1,25-260,2000,14,14,"1,116",12.4,0.65,0.24,0.89,0.65,0.00,0.00,0.00,0.00,0.52,0.52,0.14,0.65,0.40,1.53,4.35,0.65,0.24,0.89,0.65,0.89,0.52,0.14,0.66,0.52,0.66,Matches
16,Robert Lewandowski,pl POL,FW,Barcelona,es La Liga,37-135,1988,13,7,671,7.5,01.07,0.13,1.20,0.93,0.13,0.40,0.13,0.00,01.01,0.69,0.12,0.81,0.80,01.07,5.60,01.07,0.13,1.21,0.94,01.07,01.02,0.12,1.14,0.70,0.82,Matches
17,Jean-Philippe Mateta,fr FRA,FW,Crystal Palace,eng Premier League,28-189,1997,19,19,"1,554",17.3,0.46,0.00,0.46,0.29,0.17,0.17,0.12,0.00,0.64,0.51,0.03,0.54,0.69,1.27,4.45,0.46,0.00,0.46,0.29,0.29,0.65,0.04,0.68,0.51,0.54,Matches
18,Christian Pulisic,us USA,FW,Milan,it Serie A,27-107,1998,12,7,605,6.7,1.19,0.30,1.49,1.19,0.00,0.15,0.00,0.00,0.58,0.46,0.31,0.78,2.99,4.93,7.76,1.19,0.30,1.49,1.19,1.49,0.58,0.31,0.89,0.47,0.77,Matches
19,Deniz Undav,de GER,"FW,MF",Stuttgart,de Bundesliga,29-168,1996,11,9,789,8.8,0.91,0.00,0.91,0.91,0.00,0.00,0.34,0.00,0.55,0.55,0.06,0.60,0.91,2.39,4.89,0.91,0.00,0.91,0.91,0.91,0.55,0.06,0.61,0.55,0.61,Matches
20,Danny Welbeck,eng ENG,FW,Brighton,eng Premier League,35-038,1990,18,12,"1,087",12.1,0.66,0.00,0.66,0.58,0.08,0.25,0.25,0.00,0.60,0.40,0.02,0.43,0.74,0.99,3.80,0.66,0.00,0.66,0.58,0.58,0.60,0.03,0.62,0.40,0.43,Matches
21,Julián Álvarez,ar ARG,FW,Atlético Madrid,es La Liga,25-337,2000,18,17,"1,313",14.6,0.48,0.21,0.68,0.34,0.14,0.21,0.14,0.00,0.42,0.27,0.32,0.58,2.81,4.38,5.41,0.48,0.21,0.69,0.34,0.55,0.43,0.31,0.74,0.27,0.58,Matches
22,Cucho,co COL,FW,Betis,es La Liga,26-258,1999,17,17,"1,476",16.4,0.43,0.18,0.61,0.37,0.06,0.06,0.12,0.00,0.39,0.34,0.21,0.55,1.52,2.62,06.04,0.43,0.18,0.61,0.37,0.55,0.39,0.21,0.60,0.34,0.55,Matches
23,Odsonne Édouard,fr FRA,FW,Lens,fr Ligue 1,27-352,1998,14,13,862,9.6,0.73,0.21,0.94,0.63,0.10,0.10,0.10,0.00,0.50,0.42,0.07,0.49,01.04,02.08,4.48,0.73,0.21,0.94,0.63,0.84,0.50,0.08,0.57,0.41,0.49,Matches
24,Phil Foden,eng ENG,MF,Manchester City,eng Premier League,25-220,2000,17,16,"1,405",15.6,0.45,0.13,0.58,0.45,0.00,0.00,0.19,0.00,0.31,0.31,0.19,0.50,1.73,4.49,5.32,0.45,0.13,0.58,0.45,0.58,0.31,0.19,0.50,0.31,0.50,Matches
25,Michael Olise,fr FRA,FW,Bayern Munich,de Bundesliga,24-022,2001,15,12,"1,172",13.0,0.54,0.62,1.15,0.54,0.00,0.00,0.23,0.00,0.49,0.49,0.58,01.07,6.23,6.69,14.3,0.54,0.61,1.15,0.54,1.15,0.49,0.58,01.07,0.49,01.07,Matches
26,Raphinha,br BRA,"FW,MF",Barcelona,es La Liga,29-020,1996,11,9,700,7.8,0.90,0.38,1.28,0.77,0.13,0.13,0.26,0.00,0.71,0.60,0.33,0.94,4.23,3.85,11.5,0.90,0.39,1.29,0.77,1.16,0.70,0.33,01.03,0.60,0.93,Matches
27,Richarlison,br BRA,FW,Tottenham,eng Premier League,28-238,1997,19,12,"1,169",13.0,0.54,0.23,0.77,0.54,0.00,0.00,0.31,0.00,0.32,0.32,0.16,0.48,01.08,1.62,4.00,0.54,0.23,0.77,0.54,0.77,0.31,0.16,0.48,0.31,0.48,Matches
28,Morgan Rogers,eng ENG,"FW,MF",Aston Villa,eng Premier League,23-161,2002,19,19,"1,687",18.7,0.37,0.16,0.53,0.37,0.00,0.00,0.21,0.00,0.16,0.16,0.12,0.28,02.09,2.94,5.72,0.37,0.16,0.53,0.37,0.53,0.16,0.12,0.28,0.16,0.28,Matches
29,Wesley Saïd,fr FRA,MF,Lens,fr Ligue 1,30-259,1995,17,14,"1,182",13.1,0.53,0.15,0.69,0.46,0.08,0.08,0.00,0.00,0.46,0.40,0.22,0.62,1.60,4.50,05.04,0.53,0.15,0.69,0.46,0.61,0.46,0.22,0.68,0.40,0.62,Matches
30,Haris Tabakovic,ba BIH,FW,Gladbach,de Bundesliga,31-197,1994,14,11,984,10.9,0.64,0.28,0.92,0.64,0.00,0.09,0.00,0.00,0.61,0.54,0.07,0.61,0.37,0.92,3.76,0.64,0.27,0.91,0.64,0.91,0.61,0.07,0.68,0.54,0.61,Matches
31,Nick Woltemade,de GER,FW,Newcastle Utd,eng Premier League,23-323,2002,16,15,"1,172",13.0,0.54,0.08,0.62,0.46,0.08,0.08,0.00,0.00,0.45,0.39,0.07,0.46,0.38,1.23,4.23,0.54,0.08,0.61,0.46,0.54,0.45,0.07,0.52,0.39,0.46,Matches
32,Lamine Yamal,es ESP,FW,Barcelona,es La Liga,18-174,2007,14,13,"1,169",13.0,0.54,0.54,01.08,0.38,0.15,0.15,0.00,0.00,0.38,0.26,0.38,0.65,7.31,5.31,11.0,0.54,0.54,01.08,0.38,0.92,0.38,0.39,0.77,0.26,0.65,Matches
33,Mohamed Amoura,dz ALG,FW,Wolfsburg,de Bundesliga,25-239,2000,14,11,938,10.4,0.58,0.19,0.77,0.48,0.10,0.10,0.19,0.00,0.51,0.44,0.22,0.66,2.50,1.54,07.02,0.58,0.19,0.77,0.48,0.67,0.51,0.23,0.74,0.44,0.66,Matches
34,Fisnik Asllani,xk KVX,"FW,MF",Hoffenheim,de Bundesliga,23-148,2002,15,13,966,10.7,0.56,0.19,0.75,0.56,0.00,0.00,0.09,0.00,0.40,0.40,0.18,0.58,01.03,2.80,7.10,0.56,0.19,0.75,0.56,0.75,0.41,0.17,0.58,0.41,0.58,Matches
35,Christoph Baumgartner,at AUT,MF,RB Leipzig,de Bundesliga,26-155,1999,15,14,"1,201",13.3,0.45,0.45,0.90,0.45,0.00,0.08,0.30,0.00,0.49,0.43,0.15,0.58,1.43,3.38,3.91,0.45,0.45,0.90,0.45,0.90,0.48,0.15,0.64,0.43,0.58,Matches
Rk,Player,Nation,Pos,Squad,Comp,Age,Born,MP,Starts,Min,90s,Gls,Ast,G+A,G-PK,PK,PKatt,CrdY,CrdR,xG,npxG,xAG,npxG+xAG,PrgC,PrgP,PrgR,Gls,Ast,G+A,G-PK,G+A-PK,xG,xAG,xG+xAG,npxG,npxG+xAG,Matches
36,Jarrod Bowen,eng ENG,"FW,MF",West Ham,eng Premier League,29-014,1996,19,19,"1,71",19.0,0.32,0.05,0.37,0.32,0.00,0.00,0.11,0.00,0.23,0.23,0.09,0.33,3.37,1.95,07.05,0.32,0.05,0.37,0.32,0.37,0.23,0.10,0.33,0.23,0.33,Matches
37,Ante Budimir,hr CRO,FW,Osasuna,es La Liga,34-165,1991,16,14,"1,224",13.6,0.44,0.00,0.44,0.22,0.22,0.29,0.00,0.00,0.53,0.29,0.04,0.33,0.51,0.96,3.31,0.44,0.00,0.44,0.22,0.22,0.53,0.04,0.56,0.30,0.33,Matches
38,Hakan Çalhanoğlu,tr TUR,MF,Inter,it Serie A,31-329,1994,13,13,"1,041",11.6,0.52,0.09,0.60,0.34,0.17,0.26,0.17,0.00,0.30,0.10,0.16,0.25,02.07,7.59,02.07,0.52,0.09,0.61,0.35,0.43,0.31,0.15,0.46,0.10,0.25,Matches
39,Romain Del Castillo,fr FRA,"FW,MF",Brest,fr Ligue 1,29-280,1996,15,15,"1,261",14.0,0.43,0.14,0.57,0.07,0.36,0.50,0.00,0.00,0.44,0.04,0.33,0.37,2.29,2.93,7.21,0.43,0.14,0.57,0.07,0.21,0.44,0.33,0.77,0.04,0.37,Matches
40,Yan Diomandé,ci CIV,FW,RB Leipzig,de Bundesliga,19-050,2006,14,10,888,9.9,0.61,0.20,0.81,0.61,0.00,0.00,0.20,0.00,0.32,0.32,0.11,0.43,6.26,04.04,7.88,0.61,0.20,0.81,0.61,0.81,0.32,0.12,0.44,0.32,0.44,Matches
41,Sofiane Diop,ma MAR,"MF,FW",Nice,fr Ligue 1,25-208,2000,16,12,991,11.0,0.55,0.18,0.73,0.36,0.18,0.18,0.27,0.00,0.35,0.22,0.13,0.34,1.82,6.27,05.09,0.54,0.18,0.73,0.36,0.54,0.36,0.13,0.48,0.21,0.34,Matches
42,Hugo Duro,es ESP,FW,Valencia,es La Liga,26-054,1999,17,10,993,11.0,0.55,0.00,0.55,0.55,0.00,0.00,0.27,0.00,0.35,0.35,0.04,0.39,0.36,1.18,4.36,0.54,0.00,0.54,0.54,0.54,0.35,0.04,0.39,0.35,0.39,Matches
43,Antoine Griezmann,fr FRA,"FW,MF",Atlético Madrid,es La Liga,34-288,1991,18,5,671,7.5,0.80,0.00,0.80,0.80,0.00,0.00,0.00,0.00,0.63,0.63,0.12,0.75,1.20,05.07,7.73,0.80,0.00,0.80,0.80,0.80,0.62,0.13,0.75,0.62,0.75,Matches
44,Bruno Guimarães,br BRA,MF,Newcastle Utd,eng Premier League,28-048,1997,18,17,"1,568",17.4,0.34,0.11,0.46,0.34,0.00,0.00,0.23,0.00,0.16,0.16,0.10,0.26,1.38,08.05,03.05,0.34,0.11,0.46,0.34,0.46,0.16,0.10,0.26,0.16,0.26,Matches
45,Rasmus Højlund,dk DEN,FW,Napoli,it Serie A,22-333,2003,12,11,928,10.3,0.58,0.19,0.78,0.58,0.00,0.00,0.10,0.00,0.44,0.44,0.18,0.62,1.65,1.65,6.50,0.58,0.19,0.78,0.58,0.78,0.44,0.18,0.62,0.44,0.62,Matches
46,João Pedro,br BRA,"FW,MF",Chelsea,eng Premier League,24-099,2001,19,17,"1,448",16.1,0.37,0.19,0.56,0.37,0.00,0.00,0.12,0.00,0.40,0.40,0.17,0.58,2.42,3.48,6.15,0.37,0.19,0.56,0.37,0.56,0.40,0.18,0.58,0.40,0.58,Matches
47,Ilan Kebbal,dz ALG,"FW,MF",Paris FC,fr Ligue 1,27-178,1998,16,16,"1,404",15.6,0.38,0.26,0.64,0.26,0.13,0.13,0.13,0.00,0.27,0.17,0.19,0.36,3.85,7.18,07.05,0.38,0.26,0.64,0.26,0.51,0.27,0.19,0.46,0.17,0.36,Matches
48,Rafael Leão,pt POR,FW,Milan,it Serie A,26-207,1999,11,9,726,8.1,0.74,0.12,0.86,0.49,0.25,0.25,0.12,0.00,0.53,0.35,0.27,0.60,2.72,2.47,5.43,0.74,0.12,0.87,0.50,0.62,0.54,0.27,0.80,0.34,0.61,Matches
49,Said El Mala,de GER,"FW,MF",Köln,de Bundesliga,19-130,2006,15,6,682,7.6,0.79,0.26,01.05,0.79,0.00,0.00,0.00,0.00,0.57,0.57,0.17,0.74,3.42,1.18,8.55,0.79,0.26,01.06,0.79,01.06,0.57,0.17,0.74,0.57,0.74,Matches
50,Bryan Mbeumo,cm CMR,MF,Manchester Utd,eng Premier League,26-149,1999,16,16,"1,403",15.6,0.38,0.06,0.45,0.38,0.00,0.00,0.19,0.00,0.35,0.35,0.20,0.56,2.63,2.82,9.29,0.38,0.06,0.45,0.38,0.45,0.36,0.20,0.56,0.36,0.56,Matches
51,Pere Milla,es ESP,"FW,MF",Espanyol,es La Liga,33-102,1992,15,14,"1,06",11.8,0.51,0.00,0.51,0.51,0.00,0.00,0.34,0.08,0.42,0.42,0.14,0.57,1.61,2.97,4.32,0.51,0.00,0.51,0.51,0.51,0.42,0.15,0.57,0.42,0.57,Matches
52,Rafa Mir,es ESP,"FW,MF",Elche,es La Liga,28-199,1997,17,14,"1,23",13.7,0.44,0.00,0.44,0.44,0.00,0.07,0.07,0.00,0.41,0.35,0.04,0.39,01.09,2.85,5.18,0.44,0.00,0.44,0.44,0.44,0.41,0.04,0.45,0.35,0.39,Matches
53,Alberto Moleiro,es ESP,"MF,FW",Villarreal,es La Liga,22-095,2003,16,13,995,11.1,0.54,0.18,0.72,0.54,0.00,0.00,0.18,0.00,0.32,0.32,0.24,0.56,3.15,3.15,5.50,0.54,0.18,0.72,0.54,0.72,0.32,0.24,0.56,0.32,0.56,Matches
54,Riccardo Orsolini,it ITA,FW,Bologna,it Serie A,28-344,1997,16,14,"1,12",12.4,0.48,0.08,0.56,0.24,0.24,0.32,0.08,0.00,0.44,0.19,0.10,0.28,2.90,2.90,8.39,0.48,0.08,0.56,0.24,0.32,0.44,0.09,0.53,0.18,0.28,Matches
55,Nicolás Paz,ar ARG,MF,Como,it Serie A,21-117,2004,16,16,"1,419",15.8,0.38,0.38,0.76,0.38,0.00,0.00,0.19,0.00,0.19,0.19,0.25,0.44,2.47,6.58,5.13,0.38,0.38,0.76,0.38,0.76,0.19,0.25,0.44,0.19,0.44,Matches
56,Kevin Schade,de GER,FW,Brentford,eng Premier League,24-037,2001,18,17,"1,492",16.6,0.36,0.06,0.42,0.36,0.00,0.06,0.30,0.00,0.40,0.35,0.10,0.45,1.69,1.57,3.98,0.36,0.06,0.42,0.36,0.42,0.40,0.10,0.50,0.35,0.45,Matches
57,Patrik Schick,cz CZE,FW,Leverkusen,de Bundesliga,29-344,1996,12,11,850,9.4,0.64,0.21,0.85,0.43,0.21,0.21,0.00,0.00,0.66,0.49,0.07,0.56,0.21,1.28,3.30,0.64,0.21,0.85,0.42,0.64,0.65,0.08,0.73,0.49,0.56,Matches
58,Lassine Sinayoko,ml MLI,"FW,MF",Auxerre,fr Ligue 1,26-026,1999,16,16,"1,346",15.0,0.40,0.13,0.53,0.20,0.20,0.27,0.13,0.00,0.40,0.19,0.17,0.36,1.40,2.67,7.00,0.40,0.13,0.53,0.20,0.33,0.40,0.17,0.57,0.19,0.36,Matches
59,Pavel Šulc,cz CZE,"FW,MF",Lyon,fr Ligue 1,25-005,2000,15,8,807,9.0,0.67,0.22,0.89,0.67,0.00,0.00,0.22,0.00,0.53,0.53,0.22,0.74,2.22,2.78,5.00,0.67,0.22,0.89,0.67,0.89,0.54,0.22,0.75,0.54,0.75,Matches
60,Ollie Watkins,eng ENG,FW,Aston Villa,eng Premier League,30-004,1995,19,16,"1,391",15.5,0.39,0.06,0.45,0.39,0.00,0.00,0.06,0.00,0.44,0.44,0.08,0.52,2.00,0.90,6.19,0.39,0.06,0.45,0.39,0.45,0.44,0.08,0.52,0.44,0.52,Matches
61,Kenan Yıldız,tr TUR,"MF,FW",Juventus,it Serie A,20-244,2005,16,15,"1,336",14.8,0.41,0.27,0.68,0.34,0.07,0.07,0.00,0.00,0.29,0.24,0.28,0.51,4.93,3.72,7.77,0.40,0.27,0.67,0.34,0.61,0.29,0.28,0.57,0.24,0.51,Matches
62,Ilyas Ansah,de GER,"MF,FW",Union Berlin,de Bundesliga,21-056,2004,15,13,"1,09",12.1,0.41,0.08,0.50,0.41,0.00,0.00,0.00,0.00,0.17,0.17,0.09,0.26,1.90,1.74,4.46,0.41,0.08,0.50,0.41,0.50,0.16,0.09,0.26,0.16,0.26,Matches
63,Antony,br BRA,FW,Betis,es La Liga,25-313,2000,12,12,996,11.1,0.45,0.18,0.63,0.45,0.00,0.00,0.09,0.09,0.36,0.36,0.16,0.52,5.59,4.77,10.1,0.45,0.18,0.63,0.45,0.63,0.36,0.16,0.53,0.36,0.53,Matches
64,Hákon Arnar Haraldsson,is ISL,"MF,FW",Lille,fr Ligue 1,22-268,2003,15,13,"1,113",12.4,0.40,0.08,0.48,0.40,0.00,0.00,0.24,0.00,0.33,0.33,0.18,0.50,3.15,05.08,5.97,0.40,0.08,0.49,0.40,0.49,0.33,0.17,0.50,0.33,0.50,Matches
65,Pierre-Emerick Aubameyang,ga GAB,FW,Marseille,fr Ligue 1,36-199,1989,14,10,945,10.5,0.48,0.48,0.95,0.48,0.00,0.00,0.00,0.00,0.59,0.59,0.24,0.83,1.52,2.10,5.71,0.48,0.48,0.95,0.48,0.95,0.59,0.24,0.83,0.59,0.83,Matches
66,Bradley Barcola,fr FRA,FW,Paris S-G,fr Ligue 1,23-123,2002,13,9,785,8.7,0.57,0.00,0.57,0.57,0.00,0.00,0.23,0.00,0.45,0.45,0.22,0.67,4.48,4.37,15.1,0.57,0.00,0.57,0.57,0.57,0.45,0.22,0.67,0.45,0.67,Matches
67,Federico Bonazzoli,it ITA,FW,Cremonese,it Serie A,28-227,1997,14,11,873,9.7,0.52,0.10,0.62,0.41,0.10,0.10,0.10,0.00,0.33,0.25,0.11,0.36,01.03,2.58,3.92,0.52,0.10,0.62,0.41,0.52,0.33,0.12,0.45,0.25,0.36,Matches
68,Tajon Buchanan,ca CAN,"MF,DF",Villarreal,es La Liga,26-329,1999,16,10,987,11.0,0.45,0.00,0.45,0.45,0.00,0.00,0.45,0.00,0.11,0.11,0.12,0.23,03.09,2.36,6.91,0.46,0.00,0.46,0.46,0.46,0.11,0.12,0.22,0.11,0.22,Matches
69,Keinan Davis,eng ENG,FW,Udinese,it Serie A,27-324,1998,16,14,995,11.1,0.45,0.18,0.63,0.27,0.18,0.18,0.27,0.00,0.45,0.31,0.14,0.44,1.62,0.90,4.95,0.45,0.18,0.63,0.27,0.45,0.45,0.14,0.59,0.31,0.44,Matches
70,Karl Etta Eyong,cm CMR,FW,Levante,es La Liga,22-081,2003,12,12,959,10.7,0.47,0.09,0.56,0.47,0.00,0.09,0.19,0.00,0.50,0.44,0.14,0.58,0.56,0.93,4.39,0.47,0.09,0.56,0.47,0.56,0.51,0.14,0.65,0.44,0.58,Matches
Rk,Player,Nation,Pos,Squad,Comp,Age,Born,MP,Starts,Min,90s,Gls,Ast,G+A,G-PK,PK,PKatt,CrdY,CrdR,xG,npxG,xAG,npxG+xAG,PrgC,PrgP,PrgR,Gls,Ast,G+A,G-PK,G+A-PK,xG,xAG,xG+xAG,npxG,npxG+xAG,Matches
71,Ansu Fati,es ESP,"MF,FW",Monaco,fr Ligue 1,23-064,2002,10,4,426,4.7,01.06,0.00,01.06,0.43,0.64,0.85,0.21,0.00,1.45,0.74,0.17,0.91,2.34,3.62,6.60,01.06,0.00,01.06,0.42,0.42,1.45,0.17,1.61,0.75,0.92,Matches
72,Bruno Fernandes,pt POR,MF,Manchester Utd,eng Premier League,31-117,1994,17,17,"1,475",16.4,0.30,0.43,0.73,0.18,0.12,0.24,0.12,0.00,0.43,0.24,0.29,0.52,1.71,8.41,3.29,0.31,0.43,0.73,0.18,0.61,0.42,0.29,0.71,0.24,0.53,Matches
73,Enzo Fernández,ar ARG,MF,Chelsea,eng Premier League,24-351,2001,18,17,"1,547",17.2,0.29,0.06,0.35,0.23,0.06,0.06,0.17,0.00,0.40,0.35,0.20,0.55,1.40,7.91,3.72,0.29,0.06,0.35,0.23,0.29,0.40,0.20,0.59,0.35,0.55,Matches
74,Zian Flemming,nl NED,FW,Burnley,eng Premier League,27-155,1998,15,8,667,7.4,0.68,0.00,0.68,0.41,0.27,0.27,0.41,0.00,0.43,0.22,0.03,0.24,0.14,1.49,3.78,0.67,0.00,0.67,0.40,0.40,0.43,0.03,0.46,0.22,0.25,Matches
75,Jorge de Frutos,es ESP,"FW,MF",Rayo Vallecano,es La Liga,28-317,1997,16,16,"1,169",13.0,0.38,0.08,0.46,0.38,0.00,0.00,0.08,0.00,0.30,0.30,0.15,0.45,2.62,1.62,6.54,0.38,0.08,0.46,0.38,0.46,0.30,0.14,0.44,0.30,0.44,Matches
76,Yann Gboho,fr FRA,"MF,FW",Toulouse,fr Ligue 1,24-354,2001,16,15,"1,35",15.0,0.33,0.07,0.40,0.33,0.00,0.00,0.00,0.00,0.21,0.21,0.13,0.34,04.07,4.67,6.53,0.33,0.07,0.40,0.33,0.40,0.21,0.13,0.34,0.20,0.34,Matches
77,Vincenzo Grifo,it ITA,"FW,MF",Freiburg,de Bundesliga,32-271,1993,15,10,795,8.8,0.57,0.11,0.68,0.23,0.34,0.34,0.00,0.00,0.43,0.16,0.42,0.58,2.39,4.20,5.11,0.57,0.11,0.68,0.23,0.34,0.43,0.42,0.84,0.16,0.57,Matches
78,Serhou Guirassy,gn GUI,FW,Dortmund,de Bundesliga,29-297,1996,14,14,"1,185",13.2,0.38,0.08,0.45,0.38,0.00,0.08,0.15,0.00,0.55,0.49,0.09,0.58,1.36,1.21,5.61,0.38,0.08,0.46,0.38,0.46,0.56,0.09,0.64,0.50,0.59,Matches
79,Viktor Gyökeres,se SWE,FW,Arsenal,eng Premier League,27-213,1998,17,14,"1,162",12.9,0.39,0.00,0.39,0.23,0.16,0.16,0.23,0.00,0.50,0.37,0.09,0.46,0.93,01.09,5.66,0.39,0.00,0.39,0.23,0.23,0.49,0.09,0.58,0.37,0.46,Matches
80,Gauthier Hein,fr FRA,MF,Metz,fr Ligue 1,29-149,1996,14,13,"1,179",13.1,0.38,0.23,0.61,0.15,0.23,0.23,0.23,0.08,0.31,0.13,0.16,0.29,03.05,6.41,4.89,0.38,0.23,0.61,0.15,0.38,0.31,0.16,0.47,0.13,0.29,Matches
81,Hamza Igamane,ma MAR,"FW,MF",Lille,fr Ligue 1,23-062,2002,13,4,432,4.8,01.04,0.21,1.25,01.04,0.00,0.00,0.42,0.00,0.75,0.75,0.10,0.85,2.92,4.79,5.21,01.04,0.21,1.25,01.04,1.25,0.74,0.10,0.85,0.74,0.85,Matches
82,Borja Iglesias,es ESP,FW,Celta Vigo,es La Liga,32-351,1993,16,10,923,10.3,0.49,0.19,0.68,0.39,0.10,0.10,0.29,0.00,0.39,0.31,0.13,0.44,0.78,2.14,4.27,0.49,0.20,0.68,0.39,0.59,0.39,0.13,0.52,0.31,0.44,Matches
83,Eli Junior Kroupi,fr FRA,"FW,MF",Bournemouth,eng Premier League,19-194,2006,14,6,496,5.5,0.91,0.00,0.91,0.91,0.00,0.00,0.18,0.00,0.51,0.51,0.07,0.58,01.09,0.18,5.82,0.91,0.00,0.91,0.91,0.91,0.51,0.08,0.59,0.51,0.59,Matches
84,Vinicius Júnior,br BRA,"FW,MF",Real Madrid,es La Liga,25-175,2000,18,15,"1,325",14.7,0.34,0.34,0.68,0.27,0.07,0.14,0.20,0.00,0.44,0.33,0.23,0.56,7.89,4.29,14.6,0.34,0.34,0.68,0.27,0.61,0.43,0.23,0.66,0.33,0.56,Matches
85,Jakub Kamiński,pl POL,"MF,FW",Köln,de Bundesliga,23-212,2002,15,15,"1,345",14.9,0.34,0.07,0.40,0.34,0.00,0.00,0.00,0.00,0.19,0.19,0.17,0.38,2.15,3.15,5.17,0.33,0.07,0.40,0.33,0.40,0.20,0.18,0.37,0.20,0.37,Matches
86,Tim Lemperle,de GER,FW,Hoffenheim,de Bundesliga,23-332,2002,14,12,995,11.1,0.45,0.09,0.54,0.36,0.09,0.09,0.09,0.00,0.40,0.32,0.12,0.44,02.07,1.98,8.38,0.45,0.09,0.54,0.36,0.45,0.40,0.12,0.52,0.33,0.44,Matches
87,Rolando Mandragora,it ITA,MF,Fiorentina,it Serie A,28-188,1997,17,15,"1,219",13.5,0.37,0.00,0.37,0.30,0.07,0.07,0.30,0.00,0.20,0.14,0.10,0.25,0.44,3.78,2.89,0.37,0.00,0.37,0.30,0.30,0.20,0.11,0.31,0.14,0.25,Matches
88,Pedro Neto,pt POR,FW,Chelsea,eng Premier League,25-300,2000,19,17,"1,459",16.2,0.31,0.19,0.49,0.31,0.00,0.00,0.12,0.00,0.19,0.19,0.25,0.43,4.75,03.02,8.83,0.31,0.19,0.49,0.31,0.49,0.19,0.25,0.43,0.19,0.43,Matches
89,João Neves,pt POR,MF,Paris S-G,fr Ligue 1,21-098,2004,9,7,634,7.0,0.71,0.14,0.86,0.71,0.00,0.00,0.00,0.00,0.21,0.21,0.21,0.43,1.71,5.43,3.86,0.71,0.14,0.85,0.71,0.85,0.21,0.21,0.43,0.21,0.43,Matches
90,Mikel Oyarzabal,es ESP,FW,Real Sociedad,es La Liga,28-257,1997,14,14,"1,227",13.6,0.37,0.22,0.59,0.15,0.22,0.22,0.07,0.00,0.48,0.31,0.26,0.57,2.13,3.16,5.59,0.37,0.22,0.59,0.15,0.37,0.48,0.26,0.74,0.31,0.57,Matches
91,Pablo Pagis,fr FRA,"MF,FW",Lorient,fr Ligue 1,23-005,2002,13,9,712,7.9,0.63,0.00,0.63,0.51,0.13,0.13,0.13,0.00,0.37,0.27,0.16,0.43,02.03,2.78,05.06,0.63,0.00,0.63,0.51,0.51,0.37,0.16,0.53,0.27,0.43,Matches
92,Grischa Prömel,de GER,MF,Hoffenheim,de Bundesliga,30-359,1995,15,7,733,8.1,0.62,0.25,0.86,0.62,0.00,0.00,0.25,0.00,0.36,0.36,0.12,0.49,1.48,3.95,4.20,0.61,0.25,0.86,0.61,0.86,0.36,0.13,0.49,0.36,0.49,Matches
93,Gianluca Scamacca,it ITA,FW,Atalanta,it Serie A,27-002,1999,11,7,694,7.7,0.65,0.00,0.65,0.52,0.13,0.13,0.13,0.00,0.47,0.38,0.06,0.44,0.91,3.25,7.40,0.65,0.00,0.65,0.52,0.52,0.47,0.06,0.54,0.38,0.44,Matches
94,Matìas Soulé,ar ARG,"MF,FW",Roma,it Serie A,22-263,2003,17,16,"1,182",13.1,0.38,0.23,0.61,0.38,0.00,0.00,0.08,0.00,0.18,0.18,0.15,0.33,3.97,4.66,8.17,0.38,0.23,0.61,0.38,0.61,0.18,0.14,0.32,0.18,0.32,Matches
95,Jens Stage,dk DEN,MF,Werder Bremen,de Bundesliga,29-056,1996,13,13,"1,1",12.2,0.41,0.08,0.49,0.41,0.00,0.00,0.25,0.00,0.24,0.24,0.07,0.30,0.49,3.28,1.72,0.41,0.08,0.49,0.41,0.49,0.23,0.06,0.30,0.23,0.30,Matches
96,Florian Thauvin,fr FRA,MF,Lens,fr Ligue 1,32-342,1993,17,16,"1,318",14.6,0.34,0.14,0.48,0.27,0.07,0.14,0.27,0.00,0.44,0.34,0.27,0.60,4.52,6.78,8.97,0.34,0.14,0.48,0.27,0.41,0.44,0.27,0.71,0.33,0.60,Matches
97,Leandro Trossard,be BEL,FW,Arsenal,eng Premier League,31-030,1994,15,11,"1,044",11.6,0.43,0.34,0.78,0.43,0.00,0.00,0.00,0.00,0.34,0.34,0.19,0.53,3.19,04.05,10.0,0.43,0.34,0.78,0.43,0.78,0.34,0.19,0.53,0.34,0.53,Matches
98,Can Uzun,tr TUR,MF,Eint Frankfurt,de Bundesliga,20-053,2005,11,9,651,7.2,0.69,0.42,1.11,0.69,0.00,0.00,0.28,0.00,0.24,0.24,0.28,0.51,1.67,6.25,6.39,0.69,0.41,1.11,0.69,1.11,0.24,0.27,0.51,0.24,0.51,Matches
99,Nikola Vlašić,hr CRO,"MF,FW",Torino,it Serie A,28-091,1997,17,16,"1,259",14.0,0.36,0.14,0.50,0.14,0.21,0.21,0.21,0.00,0.27,0.10,0.08,0.18,1.93,4.64,4.64,0.36,0.14,0.50,0.14,0.29,0.27,0.08,0.35,0.10,0.18,Matches
100,Harry Wilson,wls WAL,FW,Fulham,eng Premier League,28-287,1997,18,16,"1,323",14.7,0.34,0.27,0.61,0.34,0.00,0.00,0.27,0.00,0.18,0.18,0.16,0.35,01.09,2.59,6.80,0.34,0.27,0.61,0.34,0.61,0.19,0.17,0.35,0.19,0.35,Matches
101,Karim Adeyemi,de GER,"MF,FW",Dortmund,de Bundesliga,23-350,2002,15,10,735,8.2,0.49,0.12,0.61,0.49,0.00,0.00,0.24,0.00,0.33,0.33,0.20,0.51,03.05,2.32,9.39,0.49,0.12,0.61,0.49,0.61,0.33,0.19,0.52,0.33,0.52,Matches
102,Jaidon Anthony,eng ENG,"MF,FW",Burnley,eng Premier League,26-033,1999,18,14,"1,143",12.7,0.31,0.08,0.39,0.31,0.00,0.00,0.24,0.00,0.19,0.19,0.05,0.23,1.97,1.42,5.20,0.31,0.08,0.39,0.31,0.39,0.19,0.05,0.23,0.19,0.23,Matches
103,Folarin Balogun,us USA,FW,Monaco,fr Ligue 1,24-184,2001,12,8,754,8.4,0.48,0.12,0.60,0.36,0.12,0.12,0.00,0.12,0.60,0.51,0.17,0.68,2.26,1.90,8.21,0.48,0.12,0.60,0.36,0.48,0.60,0.17,0.77,0.51,0.68,Matches
104,Maximilian Beier,de GER,"MF,FW",Dortmund,de Bundesliga,23-078,2002,13,8,701,7.8,0.51,0.26,0.77,0.51,0.00,0.00,0.26,0.00,0.42,0.42,0.14,0.56,1.54,1.92,9.49,0.51,0.26,0.77,0.51,0.77,0.42,0.14,0.56,0.42,0.56,Matches
105,Jude Bellingham,eng ENG,MF,Real Madrid,es La Liga,22-188,2003,14,11,"1,012",11.2,0.36,0.27,0.63,0.36,0.00,0.00,0.09,0.00,0.39,0.39,0.21,0.61,2.32,8.93,5.00,0.36,0.27,0.62,0.36,0.62,0.40,0.21,0.60,0.40,0.60,Matches
Rk,Player,Nation,Pos,Squad,Comp,Age,Born,MP,Starts,Min,90s,Gls,Ast,G+A,G-PK,PK,PKatt,CrdY,CrdR,xG,npxG,xAG,npxG+xAG,PrgC,PrgP,PrgR,Gls,Ast,G+A,G-PK,G+A-PK,xG,xAG,xG+xAG,npxG,npxG+xAG,Matches
106,Domenico Berardi,it ITA,FW,Sassuolo,it Serie A,31-155,1994,11,11,894,9.9,0.40,0.30,0.71,0.20,0.20,0.20,0.20,0.00,0.29,0.13,0.16,0.29,1.82,4.24,5.76,0.40,0.30,0.70,0.20,0.50,0.29,0.16,0.45,0.13,0.29,Matches
107,Ange-Yoan Bonny,fr FRA,FW,Inter,it Serie A,22-070,2003,12,5,437,4.9,0.82,0.61,1.43,0.82,0.00,0.00,0.00,0.00,0.37,0.37,0.37,0.71,02.04,2.45,8.57,0.82,0.62,1.44,0.82,1.44,0.36,0.37,0.73,0.36,0.73,Matches
108,Julian Brandt,de GER,"MF,FW",Dortmund,de Bundesliga,29-246,1996,12,7,672,7.5,0.53,0.27,0.80,0.53,0.00,0.00,0.00,0.00,0.41,0.41,0.27,0.68,1.47,3.47,8.67,0.54,0.27,0.80,0.54,0.80,0.41,0.27,0.68,0.41,0.68,Matches
109,Emi Buendía,ar ARG,"MF,FW",Aston Villa,eng Premier League,29-009,1996,17,8,675,7.5,0.53,0.27,0.80,0.53,0.00,0.00,0.27,0.00,0.20,0.20,0.17,0.39,2.27,4.93,3.60,0.53,0.27,0.80,0.53,0.80,0.20,0.18,0.38,0.20,0.38,Matches
110,Oliver Burke,sct SCO,"MF,FW",Union Berlin,de Bundesliga,28-271,1997,14,10,784,8.7,0.46,0.00,0.46,0.46,0.00,0.00,0.23,0.00,0.26,0.26,0.05,0.31,1.61,1.95,6.44,0.46,0.00,0.46,0.46,0.46,0.26,0.05,0.31,0.26,0.31,Matches
111,Casemiro,br BRA,MF,Manchester Utd,eng Premier League,33-314,1992,17,16,"1,138",12.6,0.32,0.08,0.40,0.32,0.00,0.00,0.56,0.08,0.22,0.22,0.07,0.29,0.71,5.24,1.59,0.32,0.08,0.40,0.32,0.40,0.22,0.07,0.29,0.22,0.29,Matches
112,Santiago Castro,ar ARG,FW,Bologna,it Serie A,21-096,2004,14,9,899,10.0,0.40,0.10,0.50,0.40,0.00,0.00,0.10,0.00,0.28,0.28,0.08,0.37,0.60,1.40,5.00,0.40,0.10,0.50,0.40,0.50,0.28,0.08,0.37,0.28,0.37,Matches
113,Sidiki Cherif,fr FRA,FW,Angers,fr Ligue 1,19-019,2006,16,12,979,10.9,0.37,0.00,0.37,0.37,0.00,0.00,0.28,0.00,0.27,0.27,0.04,0.30,2.84,1.56,5.69,0.37,0.00,0.37,0.37,0.37,0.27,0.04,0.31,0.27,0.31,Matches
114,Kevin De Bruyne,be BEL,MF,Napoli,it Serie A,34-189,1991,8,7,566,6.3,0.63,0.00,0.63,0.16,0.48,0.48,0.16,0.00,0.52,0.14,0.24,0.38,2.70,6.83,5.24,0.64,0.00,0.64,0.16,0.16,0.52,0.23,0.75,0.15,0.38,Matches
115,Kiernan Dewsbury-Hall,eng ENG,MF,Everton,eng Premier League,27-119,1998,15,15,"1,257",14.0,0.29,0.14,0.43,0.29,0.00,0.00,0.36,0.00,0.11,0.11,0.21,0.32,1.64,5.21,4.14,0.29,0.14,0.43,0.29,0.43,0.11,0.21,0.32,0.11,0.32,Matches
116,Ritsu Doan,jp JPN,"FW,MF",Eint Frankfurt,de Bundesliga,27-201,1998,15,15,"1,228",13.6,0.29,0.29,0.59,0.29,0.00,0.00,0.07,0.00,0.18,0.18,0.23,0.40,1.76,04.04,8.16,0.29,0.29,0.59,0.29,0.59,0.18,0.23,0.40,0.18,0.40,Matches
117,Danilho Doekhi,nl NED,DF,Union Berlin,de Bundesliga,27-187,1998,15,15,"1,35",15.0,0.27,0.00,0.27,0.27,0.00,0.00,0.13,0.00,0.17,0.17,0.03,0.20,0.33,2.27,0.53,0.27,0.00,0.27,0.27,0.27,0.17,0.03,0.20,0.17,0.20,Matches
118,Kamory Doumbia,ml MLI,MF,Brest,fr Ligue 1,22-319,2003,12,12,912,10.1,0.40,0.20,0.59,0.40,0.00,0.00,0.40,0.00,0.26,0.26,0.18,0.44,1.19,3.66,3.37,0.39,0.20,0.59,0.39,0.59,0.26,0.18,0.44,0.26,0.44,Matches
119,Anastasios Douvikas,gr GRE,FW,Como,it Serie A,26-154,1999,16,7,767,8.5,0.47,0.00,0.47,0.47,0.00,0.00,0.00,0.00,0.29,0.29,0.09,0.39,1.29,2.47,5.18,0.47,0.00,0.47,0.47,0.47,0.29,0.10,0.39,0.29,0.39,Matches
120,Breel Embolo,ch SUI,FW,Rennes,fr Ligue 1,28-323,1997,13,10,856,9.5,0.42,0.11,0.53,0.42,0.00,0.00,0.11,0.00,0.34,0.34,0.03,0.37,0.74,1.37,4.63,0.42,0.11,0.53,0.42,0.53,0.33,0.03,0.37,0.33,0.37,Matches
121,Emanuel Emegha,nl NED,FW,Strasbourg,fr Ligue 1,22-334,2003,7,4,414,4.6,0.87,0.43,1.30,0.87,0.00,0.00,0.65,0.00,0.76,0.76,0.26,01.02,0.87,0.22,2.83,0.87,0.43,1.30,0.87,1.30,0.77,0.26,01.03,0.77,01.03,Matches
122,Eberechi Eze,eng ENG,"MF,FW",Arsenal,eng Premier League,27-188,1998,14,11,910,10.1,0.40,0.20,0.59,0.40,0.00,0.00,0.00,0.00,0.23,0.23,0.12,0.35,2.38,4.16,4.36,0.40,0.20,0.59,0.40,0.59,0.22,0.12,0.34,0.22,0.34,Matches
123,Roberto Férnandez,es ESP,FW,Espanyol,es La Liga,23-184,2002,17,13,"1,213",13.5,0.30,0.15,0.44,0.22,0.07,0.07,0.07,0.00,0.33,0.27,0.22,0.50,0.74,0.96,3.78,0.30,0.15,0.45,0.22,0.37,0.34,0.22,0.56,0.28,0.50,Matches
124,Pablo Fornals,es ESP,MF,Betis,es La Liga,29-315,1996,17,17,"1,389",15.4,0.26,0.26,0.52,0.26,0.00,0.00,0.06,0.00,0.14,0.14,0.21,0.35,1.62,7.86,05.06,0.26,0.26,0.52,0.26,0.52,0.14,0.21,0.35,0.14,0.35,Matches
125,Cody Gakpo,nl NED,FW,Liverpool,eng Premier League,26-241,1999,17,13,"1,166",13.0,0.31,0.23,0.54,0.31,0.00,0.00,0.00,0.00,0.32,0.32,0.28,0.61,4.31,3.15,11.1,0.31,0.23,0.54,0.31,0.54,0.32,0.29,0.61,0.32,0.61,Matches
126,Olivier Giroud,fr FRA,FW,Lille,fr Ligue 1,39-095,1986,14,12,"1,022",11.4,0.35,0.09,0.44,0.26,0.09,0.18,0.09,0.00,0.48,0.35,0.12,0.47,0.44,0.88,3.77,0.35,0.09,0.44,0.26,0.35,0.49,0.12,0.61,0.35,0.47,Matches
127,Serge Gnabry,de GER,"MF,FW",Bayern Munich,de Bundesliga,30-173,1995,12,8,649,7.2,0.56,0.69,1.25,0.56,0.00,0.00,0.14,0.00,0.40,0.40,0.36,0.76,2.22,4.58,7.92,0.55,0.69,1.25,0.55,1.25,0.40,0.36,0.76,0.40,0.76,Matches
128,Ryan Gravenberch,nl NED,MF,Liverpool,eng Premier League,23-232,2002,17,17,"1,501",16.7,0.24,0.12,0.36,0.24,0.00,0.00,0.18,0.00,0.06,0.06,0.09,0.15,2.40,5.63,1.68,0.24,0.12,0.36,0.24,0.36,0.06,0.09,0.15,0.06,0.15,Matches
129,Álex Grimaldo,es ESP,DF,Leverkusen,de Bundesliga,30-105,1995,11,11,929,10.3,0.39,0.29,0.68,0.29,0.10,0.10,0.19,0.00,0.25,0.17,0.28,0.46,3.30,5.53,5.63,0.39,0.29,0.68,0.29,0.58,0.25,0.28,0.53,0.17,0.45,Matches
130,Andreas Hountondji,bj BEN,"FW,MF",St. Pauli,de Bundesliga,23-176,2002,12,9,610,6.8,0.59,0.00,0.59,0.59,0.00,0.15,0.15,0.00,0.26,0.13,0.01,0.16,2.50,1.18,8.53,0.59,0.00,0.59,0.59,0.59,0.27,0.02,0.29,0.14,0.16,Matches
131,Wilson Isidor,fr FRA,FW,Sunderland,eng Premier League,25-129,2000,19,11,977,10.9,0.37,0.00,0.37,0.37,0.00,0.00,0.09,0.00,0.31,0.31,0.00,0.31,0.83,0.83,04.04,0.37,0.00,0.37,0.37,0.37,0.31,0.00,0.31,0.31,0.31,Matches
132,Raúl Jiménez,mx MEX,FW,Fulham,eng Premier League,34-243,1991,18,14,"1,136",12.6,0.32,0.16,0.48,0.24,0.08,0.08,0.24,0.00,0.40,0.34,0.07,0.41,0.56,1.98,4.13,0.32,0.16,0.48,0.24,0.40,0.40,0.07,0.48,0.34,0.41,Matches
133,Moise Kean,it ITA,FW,Fiorentina,it Serie A,25-309,2000,16,16,"1,406",15.6,0.26,0.06,0.32,0.19,0.06,0.06,0.13,0.00,0.63,0.58,0.00,0.58,1.67,0.64,4.55,0.26,0.06,0.32,0.19,0.26,0.63,0.00,0.63,0.58,0.58,Matches
134,Fermin López,es ESP,"MF,FW",Barcelona,es La Liga,22-237,2003,12,7,649,7.2,0.56,0.28,0.83,0.56,0.00,0.00,0.14,0.00,0.33,0.33,0.39,0.71,2.22,4.72,6.53,0.55,0.28,0.83,0.55,0.83,0.33,0.38,0.71,0.33,0.71,Matches
135,Frank Magri,cm CMR,"FW,MF",Toulouse,fr Ligue 1,26-121,1999,16,15,"1,172",13.0,0.31,0.00,0.31,0.31,0.00,0.08,0.23,0.00,0.27,0.22,0.09,0.31,01.08,1.62,4.38,0.31,0.00,0.31,0.31,0.31,0.27,0.09,0.36,0.21,0.30,Matches
136,Donyell Malen,nl NED,FW,Aston Villa,eng Premier League,26-359,1999,19,5,630,7.0,0.57,0.14,0.71,0.57,0.00,0.00,0.00,0.00,0.57,0.57,0.06,0.64,1.86,2.00,5.00,0.57,0.14,0.71,0.57,0.71,0.58,0.06,0.64,0.58,0.64,Matches
137,Borja Mayoral,es ESP,FW,Getafe,es La Liga,28-273,1997,14,12,"1,041",11.6,0.34,0.09,0.43,0.34,0.00,0.09,0.00,0.00,0.25,0.18,0.02,0.20,0.26,2.33,3.10,0.35,0.09,0.43,0.35,0.43,0.25,0.02,0.27,0.18,0.20,Matches
138,Gerard Moreno,es ESP,FW,Villarreal,es La Liga,33-271,1992,7,7,437,4.9,0.82,0.00,0.82,0.61,0.20,0.20,0.00,0.00,0.41,0.24,0.29,0.53,2.65,6.12,5.31,0.82,0.00,0.82,0.62,0.62,0.41,0.29,0.70,0.25,0.54,Matches
139,Iliman Ndiaye,sn SEN,FW,Everton,eng Premier League,25-303,2000,16,16,"1,341",14.9,0.27,0.13,0.40,0.20,0.07,0.07,0.13,0.00,0.21,0.16,0.17,0.34,3.56,1.74,6.51,0.27,0.13,0.40,0.20,0.34,0.21,0.18,0.39,0.16,0.34,Matches
140,Lukas Nmecha,de GER,FW,Leeds United,eng Premier League,27-020,1998,16,6,583,6.5,0.62,0.00,0.62,0.46,0.15,0.31,0.00,0.00,0.66,0.40,0.03,0.42,01.08,0.77,4.77,0.62,0.00,0.62,0.46,0.46,0.66,0.02,0.68,0.40,0.42,Matches
Rk,Player,Nation,Pos,Squad,Comp,Age,Born,MP,Starts,Min,90s,Gls,Ast,G+A,G-PK,PK,PKatt,CrdY,CrdR,xG,npxG,xAG,npxG+xAG,PrgC,PrgP,PrgR,Gls,Ast,G+A,G-PK,G+A-PK,xG,xAG,xG+xAG,npxG,npxG+xAG,Matches
141,Dani Olmo,es ESP,MF,Barcelona,es La Liga,27-241,1998,13,8,834,9.3,0.43,0.22,0.65,0.43,0.00,0.00,0.00,0.00,0.35,0.35,0.25,0.60,02.04,5.70,6.45,0.43,0.22,0.65,0.43,0.65,0.36,0.24,0.60,0.36,0.60,Matches
142,Gift Orban,ng NGA,FW,Hellas Verona,it Serie A,23-170,2002,13,10,927,10.3,0.39,0.10,0.49,0.29,0.10,0.10,0.29,0.00,0.66,0.58,0.07,0.66,1.26,1.46,6.12,0.39,0.10,0.49,0.29,0.39,0.66,0.07,0.73,0.59,0.66,Matches
143,Lucas Paquetá,br BRA,"MF,FW",West Ham,eng Premier League,28-129,1997,17,17,"1,449",16.1,0.25,0.06,0.31,0.12,0.12,0.12,0.43,0.06,0.17,0.08,0.14,0.22,0.62,5.84,3.48,0.25,0.06,0.31,0.12,0.19,0.18,0.15,0.32,0.08,0.22,Matches
144,Mateo Pellegrino,ar ARG,FW,Parma,it Serie A,24-308,2001,16,16,"1,369",15.2,0.26,0.07,0.33,0.20,0.07,0.07,0.20,0.00,0.24,0.18,0.08,0.26,0.72,1.32,3.16,0.26,0.07,0.33,0.20,0.26,0.23,0.08,0.31,0.18,0.26,Matches
145,Rayan Philippe,fr FRA,"FW,MF",Hamburger SV,de Bundesliga,25-072,2000,15,10,919,10.2,0.39,0.00,0.39,0.39,0.00,0.10,0.20,0.00,0.37,0.29,0.11,0.39,1.96,1.57,5.39,0.39,0.00,0.39,0.39,0.39,0.37,0.10,0.47,0.29,0.40,Matches
146,Andrea Pinamonti,it ITA,FW,Sassuolo,it Serie A,26-229,1999,16,16,"1,304",14.5,0.28,0.14,0.41,0.28,0.00,0.07,0.07,0.00,0.29,0.23,0.10,0.33,0.55,01.03,4.14,0.28,0.14,0.41,0.28,0.41,0.29,0.10,0.40,0.22,0.33,Matches
147,Ernest Poku,nl NED,"MF,DF",Leverkusen,de Bundesliga,21-340,2004,13,9,800,8.9,0.45,0.22,0.67,0.45,0.00,0.00,0.00,0.00,0.20,0.20,0.12,0.34,6.18,1.91,8.20,0.45,0.23,0.68,0.45,0.68,0.21,0.13,0.33,0.21,0.33,Matches
148,Gonçalo Ramos,pt POR,FW,Paris S-G,fr Ligue 1,24-197,2001,16,8,788,8.8,0.45,0.00,0.45,0.34,0.11,0.11,0.23,0.00,0.59,0.50,0.05,0.55,0.80,0.80,4.20,0.46,0.00,0.46,0.34,0.34,0.59,0.05,0.64,0.50,0.55,Matches
149,Tijjani Reijnders,nl NED,MF,Manchester City,eng Premier League,27-158,1998,18,14,"1,177",13.1,0.31,0.15,0.46,0.31,0.00,0.00,0.15,0.00,0.27,0.27,0.17,0.44,2.52,3.97,4.12,0.31,0.15,0.46,0.31,0.46,0.27,0.17,0.43,0.27,0.43,Matches
150,Iván Romero,es ESP,FW,Levante,es La Liga,24-268,2001,13,12,972,10.8,0.37,0.00,0.37,0.37,0.00,0.00,0.19,0.00,0.41,0.41,0.09,0.50,1.39,1.67,4.72,0.37,0.00,0.37,0.37,0.37,0.41,0.09,0.50,0.41,0.50,Matches
151,Rômulo,br BRA,FW,RB Leipzig,de Bundesliga,23-329,2002,11,10,874,9.7,0.41,0.31,0.72,0.41,0.00,0.00,0.00,0.00,0.48,0.48,0.14,0.63,0.82,2.47,4.12,0.41,0.31,0.72,0.41,0.72,0.48,0.14,0.63,0.48,0.63,Matches
152,Bukayo Saka,eng ENG,FW,Arsenal,eng Premier League,24-120,2001,17,15,"1,321",14.7,0.27,0.14,0.41,0.20,0.07,0.07,0.07,0.00,0.35,0.30,0.30,0.60,05.03,2.59,12.9,0.27,0.14,0.41,0.20,0.34,0.35,0.30,0.65,0.30,0.60,Matches
153,Mohamed Salah,eg EGY,"FW,MF",Liverpool,eng Premier League,33-202,1992,14,12,"1,183",13.1,0.31,0.23,0.53,0.23,0.08,0.08,0.08,0.00,0.34,0.29,0.23,0.51,3.89,4.81,12.9,0.30,0.23,0.53,0.23,0.46,0.35,0.22,0.57,0.29,0.51,Matches
154,Albert Sambi Lokonga,be BEL,MF,Hamburger SV,de Bundesliga,26-073,1999,12,10,831,9.2,0.43,0.00,0.43,0.43,0.00,0.00,0.11,0.00,0.13,0.13,0.08,0.20,01.09,4.24,3.80,0.43,0.00,0.43,0.43,0.43,0.13,0.07,0.20,0.13,0.20,Matches
155,Stefan Schimmer,de GER,FW,Heidenheim,de Bundesliga,31-250,1994,10,1,386,4.3,0.93,0.23,1.16,0.93,0.00,0.00,0.23,0.00,0.81,0.81,0.42,1.23,0.70,02.09,5.58,0.93,0.23,1.17,0.93,1.17,0.82,0.42,1.24,0.82,1.24,Matches
156,André Silva,pt POR,FW,Elche,es La Liga,30-058,1995,14,9,770,8.6,0.47,0.00,0.47,0.47,0.00,0.00,0.00,0.00,0.48,0.48,0.13,0.62,1.98,3.49,5.47,0.47,0.00,0.47,0.47,0.47,0.48,0.13,0.61,0.48,0.61,Matches
157,Giovanni Simeone,ar ARG,FW,Torino,it Serie A,30-182,1995,14,11,901,10.0,0.40,0.00,0.40,0.40,0.00,0.00,0.00,0.00,0.38,0.38,0.16,0.55,1.70,1.30,6.10,0.40,0.00,0.40,0.40,0.40,0.38,0.16,0.55,0.38,0.55,Matches
158,Sambou Soumano,sn SEN,FW,Lorient,fr Ligue 1,25-000,2001,16,7,664,7.4,0.54,0.27,0.81,0.54,0.00,0.14,0.27,0.00,0.66,0.53,0.12,0.65,1.22,1.49,4.19,0.54,0.27,0.81,0.54,0.81,0.66,0.12,0.78,0.53,0.65,Matches
159,Alexander Sørloth,no NOR,FW,Atlético Madrid,es La Liga,30-029,1995,17,8,814,9.0,0.44,0.00,0.44,0.44,0.00,0.00,0.33,0.11,0.42,0.42,0.06,0.48,2.33,1.22,5.78,0.44,0.00,0.44,0.44,0.44,0.42,0.06,0.47,0.42,0.47,Matches
160,Marcus Tavernier,eng ENG,"MF,FW",Bournemouth,eng Premier League,26-287,1999,19,17,"1,515",16.8,0.24,0.12,0.36,0.18,0.06,0.06,0.18,0.00,0.23,0.18,0.14,0.32,03.04,5.00,06.01,0.24,0.12,0.36,0.18,0.30,0.23,0.13,0.37,0.18,0.32,Matches
161,Marcus Thuram,fr FRA,FW,Inter,it Serie A,28-150,1997,11,9,704,7.8,0.51,0.13,0.64,0.51,0.00,0.00,0.00,0.00,0.40,0.40,0.19,0.59,3.33,1.41,9.36,0.51,0.13,0.64,0.51,0.64,0.40,0.19,0.59,0.40,0.59,Matches
162,Jamie Vardy,eng ENG,FW,Cremonese,it Serie A,38-357,1987,13,11,"1,055",11.7,0.34,0.00,0.34,0.34,0.00,0.00,0.17,0.00,0.21,0.21,0.06,0.27,1.11,0.94,4.19,0.34,0.00,0.34,0.34,0.34,0.21,0.06,0.27,0.21,0.27,Matches
163,Robinio Vaz,fr FRA,FW,Marseille,fr Ligue 1,18-320,2007,14,3,379,4.2,0.95,0.48,1.43,0.95,0.00,0.00,0.48,0.00,0.55,0.55,0.19,0.74,1.19,0.95,8.57,0.95,0.47,1.42,0.95,1.42,0.55,0.20,0.74,0.55,0.74,Matches
164,Carlos Vicente,es ESP,"MF,FW",Alavés,es La Liga,26-255,1999,17,8,951,10.6,0.38,0.00,0.38,0.09,0.28,0.28,0.09,0.00,0.30,0.08,0.21,0.28,2.92,1.79,09.06,0.38,0.00,0.38,0.09,0.09,0.31,0.20,0.51,0.08,0.29,Matches
165,Callum Wilson,eng ENG,FW,West Ham,eng Premier League,33-310,1992,16,7,721,8.0,0.50,0.13,0.63,0.50,0.00,0.00,0.00,0.00,0.45,0.45,0.03,0.47,1.63,0.88,4.00,0.50,0.12,0.62,0.50,0.62,0.45,0.02,0.47,0.45,0.47,Matches
166,Andre-Frank Zambo Anguissa,cm CMR,MF,Napoli,it Serie A,30-048,1995,11,10,933,10.4,0.38,0.10,0.48,0.38,0.00,0.00,0.10,0.00,0.22,0.22,0.13,0.34,0.96,3.85,4.13,0.39,0.10,0.48,0.39,0.48,0.22,0.12,0.34,0.22,0.34,Matches
167,Nicolò Zaniolo,it ITA,FW,Udinese,it Serie A,26-185,1999,15,13,"1,011",11.2,0.36,0.09,0.45,0.36,0.00,0.00,0.36,0.00,0.26,0.26,0.12,0.38,02.05,3.39,3.66,0.36,0.09,0.45,0.36,0.45,0.26,0.11,0.37,0.26,0.37,Matches
168,Akor Adams,ng NGA,FW,Sevilla,es La Liga,25-339,2000,14,8,852,9.5,0.32,0.21,0.53,0.32,0.00,0.00,0.11,0.00,0.41,0.41,0.08,0.49,1.79,0.84,4.32,0.32,0.21,0.53,0.32,0.53,0.41,0.08,0.50,0.41,0.50,Matches
169,Che Adams,sct SCO,"FW,MF",Torino,it Serie A,29-174,1996,16,9,889,9.9,0.30,0.10,0.40,0.30,0.00,0.00,0.00,0.00,0.26,0.26,0.11,0.38,01.01,02.02,6.67,0.30,0.10,0.40,0.30,0.40,0.27,0.11,0.38,0.27,0.38,Matches
170,Jayden Addai,nl NED,FW,Como,it Serie A,20-130,2005,10,7,618,6.9,0.43,0.00,0.43,0.43,0.00,0.00,0.43,0.00,0.20,0.20,0.07,0.28,3.48,02.03,7.83,0.44,0.00,0.44,0.44,0.44,0.21,0.07,0.28,0.21,0.28,Matches
171,Tosin Aiyegun,bj BEN,"MF,FW",Lorient,fr Ligue 1,27-191,1998,14,9,709,7.9,0.38,0.00,0.38,0.38,0.00,0.13,0.13,0.00,0.53,0.38,0.10,0.47,1.52,2.15,4.18,0.38,0.00,0.38,0.38,0.38,0.53,0.10,0.63,0.38,0.47,Matches
172,Maghnes Akliouche,fr FRA,"FW,MF",Monaco,fr Ligue 1,23-312,2002,15,14,"1,205",13.4,0.22,0.15,0.37,0.22,0.00,0.00,0.15,0.00,0.27,0.27,0.19,0.46,3.28,5.30,6.94,0.22,0.15,0.37,0.22,0.37,0.27,0.19,0.46,0.27,0.46,Matches
173,Nadiem Amiri,de GER,MF,Mainz 05,de Bundesliga,29-068,1996,13,13,"1,123",12.5,0.24,0.08,0.32,0.00,0.24,0.24,0.40,0.00,0.26,0.06,0.16,0.22,1.68,7.84,2.64,0.24,0.08,0.32,0.00,0.08,0.26,0.16,0.42,0.07,0.23,Matches
174,Youssef El-Arabi,ma MAR,FW,Nantes,fr Ligue 1,38-334,1987,14,7,544,6.0,0.50,0.00,0.50,0.50,0.00,0.17,0.00,0.00,0.25,0.08,0.08,0.17,1.17,1.83,3.50,0.50,0.00,0.50,0.50,0.50,0.25,0.08,0.32,0.09,0.17,Matches
175,Mauro Arambarri,uy URU,MF,Getafe,es La Liga,30-095,1995,18,18,"1,588",17.6,0.17,0.00,0.17,0.17,0.00,0.00,0.17,0.00,0.15,0.15,0.02,0.17,0.63,2.67,2.10,0.17,0.00,0.17,0.17,0.17,0.15,0.02,0.17,0.15,0.17,Matches
Rk,Player,Nation,Pos,Squad,Comp,Age,Born,MP,Starts,Min,90s,Gls,Ast,G+A,G-PK,PK,PKatt,CrdY,CrdR,xG,npxG,xAG,npxG+xAG,PrgC,PrgP,PrgR,Gls,Ast,G+A,G-PK,G+A-PK,xG,xAG,xG+xAG,npxG,npxG+xAG,Matches
176,Harvey Barnes,eng ENG,FW,Newcastle Utd,eng Premier League,28-025,1997,18,8,833,9.3,0.32,0.00,0.32,0.32,0.00,0.00,0.00,0.00,0.41,0.41,0.15,0.56,3.55,3.12,9.57,0.32,0.00,0.32,0.32,0.32,0.41,0.15,0.56,0.41,0.56,Matches
177,Ander Barrenetxea,es ESP,"MF,FW",Real Sociedad,es La Liga,24-007,2001,15,12,978,10.9,0.28,0.28,0.55,0.28,0.00,0.00,0.18,0.00,0.15,0.15,0.33,0.47,3.94,4.50,8.90,0.28,0.28,0.55,0.28,0.55,0.14,0.33,0.47,0.14,0.47,Matches
178,Ludovic Blas,fr FRA,"MF,DF",Rennes,fr Ligue 1,28-003,1997,14,7,673,7.5,0.40,0.13,0.53,0.13,0.27,0.27,0.00,0.00,0.43,0.21,0.27,0.48,2.93,5.73,8.00,0.40,0.13,0.53,0.13,0.27,0.42,0.27,0.69,0.21,0.48,Matches
179,Gennaro Borrelli,it ITA,FW,Cagliari,it Serie A,25-299,2000,17,9,844,9.4,0.32,0.00,0.32,0.32,0.00,0.00,0.21,0.00,0.17,0.17,0.03,0.20,0.64,0.96,04.04,0.32,0.00,0.32,0.32,0.32,0.17,0.03,0.20,0.17,0.20,Matches
180,Lucas Boyé,ar ARG,"FW,MF",Alavés,es La Liga,29-309,1996,12,10,911,10.1,0.30,0.00,0.30,0.20,0.10,0.10,0.20,0.10,0.26,0.18,0.10,0.28,0.99,2.57,4.65,0.30,0.00,0.30,0.20,0.20,0.26,0.10,0.36,0.18,0.28,Matches
181,Marius Bülter,de GER,FW,Köln,de Bundesliga,32-280,1993,13,9,740,8.2,0.37,0.37,0.73,0.37,0.00,0.00,0.24,0.00,0.30,0.30,0.30,0.61,2.20,2.80,7.20,0.36,0.36,0.73,0.36,0.73,0.30,0.31,0.61,0.30,0.61,Matches
182,Wouter Burger,nl NED,MF,Hoffenheim,de Bundesliga,24-321,2001,14,14,"1,161",12.9,0.23,0.31,0.54,0.23,0.00,0.00,0.16,0.00,0.13,0.13,0.25,0.38,0.39,5.89,03.02,0.23,0.31,0.54,0.23,0.54,0.13,0.25,0.38,0.13,0.38,Matches
183,Moisés Caicedo,ec ECU,MF,Chelsea,eng Premier League,24-062,2001,15,14,"1,252",13.9,0.22,0.07,0.29,0.22,0.00,0.00,0.36,0.07,0.05,0.05,0.08,0.13,0.79,6.33,0.86,0.22,0.07,0.29,0.22,0.29,0.05,0.08,0.13,0.05,0.13,Matches
184,Matteo Cancellieri,it ITA,FW,Lazio,it Serie A,23-325,2002,10,9,694,7.7,0.39,0.00,0.39,0.39,0.00,0.00,0.26,0.00,0.29,0.29,0.06,0.34,1.95,2.73,7.66,0.39,0.00,0.39,0.39,0.39,0.28,0.06,0.34,0.28,0.34,Matches
185,Matty Cash,pl POL,DF,Aston Villa,eng Premier League,28-149,1997,18,18,"1,591",17.7,0.17,0.06,0.23,0.17,0.00,0.00,0.28,0.00,0.04,0.04,0.08,0.12,1.36,3.22,3.84,0.17,0.06,0.23,0.17,0.23,0.04,0.09,0.12,0.04,0.12,Matches
186,Trevoh Chalobah,eng ENG,DF,Chelsea,eng Premier League,26-182,1999,18,18,"1,56",17.3,0.17,0.00,0.17,0.17,0.00,0.00,0.17,0.06,0.06,0.06,0.01,0.07,0.87,03.01,0.17,0.17,0.00,0.17,0.17,0.17,0.06,0.01,0.07,0.06,0.07,Matches
187,Félix Correia,pt POR,"FW,MF",Lille,fr Ligue 1,24-346,2001,16,13,"1,048",11.6,0.26,0.34,0.60,0.26,0.00,0.00,0.09,0.00,0.19,0.19,0.30,0.49,2.50,5.86,9.74,0.26,0.34,0.60,0.26,0.60,0.19,0.30,0.49,0.19,0.49,Matches
188,Samu Costa,pt POR,MF,Mallorca,es La Liga,25-037,2000,14,11,"1,041",11.6,0.26,0.00,0.26,0.26,0.00,0.00,0.52,0.00,0.05,0.05,0.08,0.13,0.60,3.45,2.24,0.26,0.00,0.26,0.26,0.26,0.05,0.08,0.13,0.05,0.13,Matches
189,Charlie Cresswell,eng ENG,DF,Toulouse,fr Ligue 1,23-139,2002,17,17,"1,53",17.0,0.18,0.06,0.24,0.18,0.00,0.00,0.24,0.00,0.12,0.12,0.04,0.16,0.41,2.47,0.35,0.18,0.06,0.24,0.18,0.24,0.13,0.03,0.16,0.13,0.16,Matches
190,Matheus Cunha,br BRA,"MF,FW",Manchester Utd,eng Premier League,26-221,1999,16,14,"1,209",13.4,0.22,0.07,0.30,0.22,0.00,0.00,0.07,0.00,0.34,0.34,0.10,0.46,3.51,3.81,4.85,0.22,0.07,0.30,0.22,0.30,0.34,0.11,0.45,0.34,0.45,Matches
191,Arnaut Danjuma,nl NED,"FW,MF",Valencia,es La Liga,28-337,1997,16,13,"1,071",11.9,0.25,0.08,0.34,0.25,0.00,0.08,0.00,0.00,0.31,0.24,0.07,0.32,3.36,1.34,6.64,0.25,0.08,0.34,0.25,0.34,0.31,0.07,0.38,0.25,0.32,Matches
192,Ermedin Demirović,ba BIH,FW,Stuttgart,de Bundesliga,27-284,1998,6,6,492,5.5,0.55,0.18,0.73,0.36,0.18,0.18,0.18,0.00,0.40,0.25,0.09,0.35,0.73,2.00,5.27,0.55,0.18,0.73,0.37,0.55,0.41,0.09,0.50,0.26,0.35,Matches
193,Habib Diallo,sn SEN,FW,Metz,fr Ligue 1,30-199,1995,11,10,922,10.2,0.29,0.10,0.39,0.29,0.00,0.10,0.00,0.00,0.46,0.38,0.03,0.41,01.08,0.98,2.84,0.29,0.10,0.39,0.29,0.39,0.46,0.03,0.49,0.38,0.41,Matches
194,Aron Dønnum,no NOR,"MF,DF",Toulouse,fr Ligue 1,27-258,1998,14,14,"1,246",13.8,0.22,0.14,0.36,0.00,0.22,0.22,0.36,0.00,0.25,0.08,0.22,0.30,2.83,5.72,5.29,0.22,0.14,0.36,0.00,0.14,0.25,0.21,0.47,0.08,0.29,Matches
195,Emersonn,br BRA,FW,Toulouse,fr Ligue 1,21-171,2004,13,10,806,9.0,0.33,0.22,0.56,0.33,0.00,0.00,0.33,0.11,0.51,0.51,0.04,0.56,1.33,1.67,5.00,0.33,0.22,0.56,0.33,0.56,0.51,0.05,0.56,0.51,0.56,Matches
196,Sebastiano Esposito,it ITA,"FW,MF",Cagliari,it Serie A,23-185,2002,17,16,"1,218",13.5,0.22,0.15,0.37,0.22,0.00,0.00,0.30,0.00,0.13,0.13,0.18,0.30,0.67,4.59,04.07,0.22,0.15,0.37,0.22,0.37,0.13,0.18,0.31,0.13,0.31,Matches
197,Abde Ezzalzouli,ma MAR,FW,Betis,es La Liga,24-017,2001,11,9,780,8.7,0.34,0.34,0.69,0.34,0.00,0.00,0.11,0.00,0.41,0.41,0.34,0.75,5.17,2.53,10.3,0.35,0.35,0.69,0.35,0.69,0.41,0.34,0.75,0.41,0.75,Matches
198,Álvaro García,es ESP,"FW,MF",Rayo Vallecano,es La Liga,33-068,1992,18,14,"1,244",13.8,0.22,0.07,0.29,0.22,0.00,0.00,0.14,0.00,0.37,0.37,0.21,0.58,1.38,1.59,8.41,0.22,0.07,0.29,0.22,0.29,0.37,0.21,0.58,0.37,0.58,Matches
199,Morgan Gibbs-White,eng ENG,"MF,FW",Nott'ham Forest,eng Premier League,25-341,2000,19,18,"1,601",17.8,0.17,0.06,0.22,0.17,0.00,0.00,0.00,0.00,0.26,0.26,0.07,0.33,02.02,6.18,7.25,0.17,0.06,0.22,0.17,0.22,0.26,0.07,0.32,0.26,0.32,Matches
200,Giovane,br BRA,FW,Hellas Verona,it Serie A,22-040,2003,16,16,"1,22",13.6,0.22,0.29,0.51,0.22,0.00,0.00,0.15,0.00,0.19,0.19,0.22,0.41,2.65,1.91,6.99,0.22,0.30,0.52,0.22,0.52,0.19,0.22,0.41,0.19,0.41,Matches
201,Angel Gomes,eng ENG,MF,Marseille,fr Ligue 1,25-125,2000,13,12,879,9.8,0.31,0.00,0.31,0.31,0.00,0.00,0.41,0.00,0.14,0.14,0.08,0.22,1.12,4.69,3.16,0.31,0.00,0.31,0.31,0.31,0.15,0.08,0.23,0.15,0.23,Matches
202,Diego Gómez,py PAR,"MF,FW",Brighton,eng Premier League,22-282,2003,17,13,"1,116",12.4,0.24,0.00,0.24,0.24,0.00,0.00,0.40,0.00,0.31,0.31,0.11,0.43,1.13,2.10,2.74,0.24,0.00,0.24,0.24,0.24,0.31,0.12,0.43,0.31,0.43,Matches
203,Gonçalo Guedes,pt POR,"MF,FW",Real Sociedad,es La Liga,29-035,1996,17,11,842,9.4,0.32,0.11,0.43,0.32,0.00,0.00,0.00,0.00,0.18,0.18,0.09,0.27,2.55,2.66,9.47,0.32,0.11,0.43,0.32,0.43,0.18,0.08,0.26,0.18,0.26,Matches
204,Arda Güler,tr TUR,MF,Real Madrid,es La Liga,20-312,2005,18,15,"1,138",12.6,0.24,0.40,0.63,0.24,0.00,0.00,0.08,0.00,0.29,0.29,0.37,0.66,1.90,7.22,4.21,0.24,0.40,0.63,0.24,0.63,0.29,0.37,0.66,0.29,0.66,Matches
205,Albert Guðmundsson,is ISL,"FW,MF",Fiorentina,it Serie A,28-202,1997,15,11,981,10.9,0.28,0.09,0.37,0.09,0.18,0.18,0.28,0.00,0.21,0.06,0.09,0.15,2.39,3.94,4.68,0.28,0.09,0.37,0.09,0.18,0.21,0.09,0.29,0.06,0.15,Matches
206,Jan Paul van Hecke,nl NED,DF,Brighton,eng Premier League,25-209,2000,18,18,"1,62",18.0,0.17,0.06,0.22,0.17,0.00,0.00,0.22,0.00,0.09,0.09,0.01,0.10,2.78,07.06,0.28,0.17,0.06,0.22,0.17,0.22,0.09,0.01,0.10,0.09,0.10,Matches
207,Callum Hudson-Odoi,eng ENG,FW,Nott'ham Forest,eng Premier League,25-057,2000,18,10,"1,03",11.4,0.26,0.09,0.35,0.26,0.00,0.00,0.00,0.00,0.16,0.16,0.18,0.33,5.35,3.42,10.9,0.26,0.09,0.35,0.26,0.35,0.15,0.18,0.33,0.15,0.33,Matches
208,Nicolas Jackson,sn SEN,FW,Bayern Munich,de Bundesliga,24-197,2001,12,5,409,4.5,0.67,0.00,0.67,0.67,0.00,0.00,0.00,0.00,0.62,0.62,0.31,0.93,1.78,2.67,8.67,0.66,0.00,0.66,0.66,0.66,0.61,0.31,0.92,0.61,0.92,Matches
209,Lennart Karl,de GER,"MF,FW",Bayern Munich,de Bundesliga,17-315,2008,13,6,548,6.1,0.49,0.33,0.82,0.49,0.00,0.00,0.00,0.00,0.59,0.59,0.28,0.85,3.28,5.41,15.1,0.49,0.33,0.82,0.49,0.82,0.59,0.28,0.86,0.59,0.86,Matches
210,Bilal El Khannouss,ma MAR,"MF,FW",Stuttgart,de Bundesliga,21-238,2004,12,11,948,10.5,0.29,0.29,0.57,0.29,0.00,0.00,0.19,0.00,0.12,0.12,0.23,0.35,2.86,6.57,6.57,0.28,0.28,0.57,0.28,0.57,0.12,0.23,0.35,0.12,0.35,Matches
Rk,Player,Nation,Pos,Squad,Comp,Age,Born,MP,Starts,Min,90s,Gls,Ast,G+A,G-PK,PK,PKatt,CrdY,CrdR,xG,npxG,xAG,npxG+xAG,PrgC,PrgP,PrgR,Gls,Ast,G+A,G-PK,G+A-PK,xG,xAG,xG+xAG,npxG,npxG+xAG,Matches
211,Rani Khedira,de GER,MF,Union Berlin,de Bundesliga,31-341,1994,14,14,"1,242",13.8,0.22,0.00,0.22,0.22,0.00,0.00,0.36,0.00,0.07,0.07,0.03,0.10,0.65,2.32,1.23,0.22,0.00,0.22,0.22,0.22,0.07,0.03,0.10,0.07,0.10,Matches
212,Kiké,es ESP,FW,Espanyol,es La Liga,36-039,1989,16,6,649,7.2,0.42,0.00,0.42,0.28,0.14,0.14,0.14,0.00,0.51,0.42,0.11,0.53,1.11,1.94,6.25,0.42,0.00,0.42,0.28,0.28,0.52,0.11,0.63,0.41,0.52,Matches
213,Christian Kofane,cm CMR,FW,Leverkusen,de Bundesliga,19-161,2006,14,5,551,6.1,0.49,0.00,0.49,0.49,0.00,0.00,0.49,0.00,0.61,0.61,0.05,0.66,1.48,0.82,5.74,0.49,0.00,0.49,0.49,0.49,0.60,0.05,0.65,0.60,0.65,Matches
214,Ismaël Koné,ca CAN,MF,Sassuolo,it Serie A,23-211,2002,15,15,"1,222",13.6,0.22,0.00,0.22,0.22,0.00,0.00,0.22,0.07,0.08,0.08,0.07,0.15,1.99,2.87,1.76,0.22,0.00,0.22,0.22,0.22,0.08,0.07,0.15,0.08,0.15,Matches
215,Andrej Kramarić,hr CRO,"MF,FW",Hoffenheim,de Bundesliga,34-198,1991,15,9,809,9.0,0.33,0.33,0.67,0.22,0.11,0.11,0.11,0.00,0.28,0.19,0.19,0.38,2.33,4.89,7.44,0.33,0.33,0.67,0.22,0.56,0.27,0.19,0.47,0.19,0.38,Matches
216,Khvicha Kvaratskhelia,ge GEO,FW,Paris S-G,fr Ligue 1,24-325,2001,14,8,687,7.6,0.39,0.39,0.79,0.39,0.00,0.00,0.13,0.00,0.29,0.29,0.30,0.59,5.66,4.34,14.1,0.39,0.39,0.79,0.39,0.79,0.29,0.30,0.59,0.29,0.59,Matches
217,Armand Lauriente,fr FRA,FW,Sassuolo,it Serie A,27-030,1998,17,13,976,10.8,0.28,0.28,0.56,0.28,0.00,0.00,0.09,0.00,0.14,0.14,0.15,0.29,3.15,3.15,8.24,0.28,0.28,0.55,0.28,0.55,0.14,0.15,0.28,0.14,0.28,Matches
218,Adrián Liso,es ESP,"FW,MF",Getafe,es La Liga,20-276,2005,15,15,"1,175",13.1,0.23,0.00,0.23,0.23,0.00,0.00,0.08,0.00,0.11,0.11,0.01,0.11,0.92,01.07,5.34,0.23,0.00,0.23,0.23,0.23,0.11,0.01,0.12,0.11,0.12,Matches
219,Diego López,es ESP,"FW,MF",Valencia,es La Liga,23-235,2002,17,14,"1,131",12.6,0.24,0.00,0.24,0.24,0.00,0.00,0.16,0.00,0.17,0.17,0.07,0.24,2.22,2.46,5.24,0.24,0.00,0.24,0.24,0.24,0.16,0.07,0.24,0.16,0.24,Matches
220,Johan Manzambi,ch SUI,"MF,FW",Freiburg,de Bundesliga,20-081,2005,13,12,"1,006",11.2,0.27,0.18,0.45,0.27,0.00,0.00,0.27,0.09,0.14,0.14,0.18,0.32,3.13,4.82,4.64,0.27,0.18,0.45,0.27,0.45,0.15,0.18,0.32,0.15,0.32,Matches
221,Samuel Mbangula,be BEL,FW,Werder Bremen,de Bundesliga,21-352,2004,13,9,677,7.5,0.40,0.13,0.53,0.40,0.00,0.00,0.00,0.00,0.08,0.08,0.08,0.15,2.53,3.20,4.00,0.40,0.13,0.53,0.40,0.53,0.08,0.07,0.15,0.08,0.15,Matches
222,Ethan Mbappé,fr FRA,"FW,MF",Lille,fr Ligue 1,19-005,2006,9,2,227,2.5,1.20,0.40,1.60,1.20,0.00,0.00,0.00,0.00,0.32,0.32,0.44,0.76,2.80,3.60,8.00,1.19,0.40,1.59,1.19,1.59,0.32,0.43,0.76,0.32,0.76,Matches
223,Kader Meïté,fr FRA,FW,Rennes,fr Ligue 1,18-084,2007,14,5,424,4.7,0.64,0.43,01.06,0.64,0.00,0.00,0.00,0.00,0.49,0.49,0.17,0.64,1.28,0.85,6.17,0.64,0.42,01.06,0.64,01.06,0.49,0.16,0.65,0.49,0.65,Matches
224,Brais Méndez,es ESP,MF,Real Sociedad,es La Liga,28-361,1997,16,12,"1,002",11.1,0.27,0.18,0.45,0.27,0.00,0.00,0.27,0.00,0.17,0.17,0.12,0.29,1.71,6.22,5.77,0.27,0.18,0.45,0.27,0.45,0.17,0.12,0.29,0.17,0.29,Matches
225,Mikel Merino,es ESP,"MF,FW",Arsenal,eng Premier League,29-195,1996,18,10,929,10.3,0.29,0.29,0.58,0.29,0.00,0.00,0.10,0.00,0.19,0.19,0.14,0.33,1.36,3.50,3.11,0.29,0.29,0.58,0.29,0.58,0.20,0.14,0.33,0.20,0.33,Matches
226,Georges Mikautadze,ge GEO,FW,Villarreal,es La Liga,25-064,2000,11,6,586,6.5,0.46,0.31,0.77,0.46,0.00,0.00,0.00,0.00,0.38,0.38,0.14,0.52,1.69,2.00,6.00,0.46,0.31,0.77,0.46,0.77,0.38,0.14,0.52,0.38,0.52,Matches
227,Takumi Minamino,jp JPN,"MF,FW",Monaco,fr Ligue 1,30-352,1995,15,11,944,10.5,0.29,0.19,0.48,0.29,0.00,0.00,0.38,0.00,0.30,0.30,0.23,0.52,2.38,4.19,5.24,0.29,0.19,0.48,0.29,0.48,0.30,0.22,0.53,0.30,0.53,Matches
228,Stefano Moreo,it ITA,"FW,MF",Pisa,it Serie A,32-187,1993,16,9,704,7.8,0.38,0.13,0.51,0.26,0.13,0.13,0.00,0.00,0.29,0.19,0.08,0.27,1.41,1.54,3.72,0.38,0.13,0.51,0.26,0.38,0.29,0.08,0.37,0.19,0.27,Matches
229,Mason Mount,eng ENG,MF,Manchester Utd,eng Premier League,26-358,1999,15,10,785,8.7,0.34,0.00,0.34,0.34,0.00,0.00,0.00,0.00,0.17,0.17,0.13,0.29,1.61,5.52,5.52,0.34,0.00,0.34,0.34,0.34,0.17,0.12,0.29,0.17,0.29,Matches
230,Daniel Muñoz,co COL,"DF,MF",Crystal Palace,eng Premier League,29-222,1996,14,14,"1,259",14.0,0.21,0.14,0.36,0.21,0.00,0.00,0.29,0.00,0.13,0.13,0.18,0.31,1.50,02.07,5.36,0.21,0.14,0.36,0.21,0.36,0.13,0.18,0.31,0.13,0.31,Matches
231,Roberto Navarro,es ESP,"FW,MF",Athletic Club,es La Liga,23-266,2002,14,5,540,6.0,0.50,0.00,0.50,0.50,0.00,0.00,0.17,0.00,0.35,0.35,0.08,0.43,3.67,2.33,7.00,0.50,0.00,0.50,0.50,0.50,0.35,0.09,0.44,0.35,0.44,Matches
232,Rassoul Ndiaye,sn SEN,MF,Le Havre,fr Ligue 1,24-023,2001,16,13,"1,084",12.0,0.25,0.00,0.25,0.25,0.00,0.00,0.08,0.00,0.14,0.14,0.06,0.20,1.83,04.08,4.58,0.25,0.00,0.25,0.25,0.25,0.14,0.05,0.20,0.14,0.20,Matches
233,David Neres,br BRA,"FW,MF",Napoli,it Serie A,28-306,1997,14,9,821,9.1,0.33,0.33,0.66,0.33,0.00,0.00,0.22,0.00,0.16,0.16,0.25,0.42,04.07,2.97,8.35,0.33,0.33,0.66,0.33,0.66,0.16,0.26,0.42,0.16,0.42,Matches
234,Justin Njinmah,de GER,FW,Werder Bremen,de Bundesliga,25-049,2000,14,8,664,7.4,0.41,0.00,0.41,0.41,0.00,0.00,0.14,0.00,0.23,0.23,0.05,0.28,2.97,0.81,8.51,0.41,0.00,0.41,0.41,0.41,0.23,0.05,0.28,0.23,0.28,Matches
235,M'Bala Nzola,ao ANG,FW,Pisa,it Serie A,29-138,1996,14,10,943,10.5,0.29,0.00,0.29,0.10,0.19,0.19,0.10,0.10,0.43,0.29,0.07,0.35,2.29,2.00,6.67,0.29,0.00,0.29,0.10,0.10,0.43,0.07,0.50,0.28,0.35,Matches
236,Jens Odgaard,dk DEN,MF,Bologna,it Serie A,26-278,1999,13,8,670,7.4,0.41,0.14,0.54,0.41,0.00,0.00,0.14,0.00,0.20,0.20,0.12,0.32,02.03,2.97,4.32,0.40,0.13,0.54,0.40,0.54,0.21,0.11,0.32,0.21,0.32,Matches
237,Dango Ouattara,bf BFA,FW,Brentford,eng Premier League,23-326,2002,15,12,"1,062",11.8,0.25,0.00,0.25,0.25,0.00,0.00,0.25,0.00,0.30,0.30,0.09,0.39,2.37,1.53,6.78,0.25,0.00,0.25,0.25,0.25,0.29,0.09,0.39,0.29,0.39,Matches
238,Assan Ouedraogo,de GER,MF,RB Leipzig,de Bundesliga,19-239,2006,11,8,550,6.1,0.49,0.49,0.98,0.49,0.00,0.00,0.00,0.00,0.31,0.31,0.34,0.67,2.62,2.46,4.26,0.49,0.49,0.98,0.49,0.98,0.31,0.35,0.66,0.31,0.66,Matches
239,Azzedine Ounahi,ma MAR,"MF,FW",Girona,es La Liga,25-259,2000,10,9,780,8.7,0.34,0.11,0.46,0.34,0.00,0.00,0.57,0.00,0.10,0.10,0.16,0.26,3.56,7.59,5.75,0.35,0.12,0.46,0.35,0.46,0.11,0.16,0.27,0.11,0.27,Matches
240,Igor Paixão,br BRA,"FW,MF",Marseille,fr Ligue 1,25-189,2000,13,10,868,9.6,0.31,0.10,0.42,0.31,0.00,0.00,0.10,0.00,0.30,0.30,0.05,0.35,3.13,2.50,10.8,0.31,0.10,0.41,0.31,0.41,0.30,0.05,0.35,0.30,0.35,Matches
241,Cole Palmer,eng ENG,MF,Chelsea,eng Premier League,23-242,2002,9,7,500,5.6,0.54,0.00,0.54,0.36,0.18,0.18,0.00,0.00,0.45,0.30,0.04,0.36,3.93,5.89,6.43,0.54,0.00,0.54,0.36,0.36,0.45,0.04,0.50,0.31,0.35,Matches
242,Dženan Pejčinović,de GER,FW,Wolfsburg,de Bundesliga,20-322,2005,13,5,430,4.8,0.63,0.00,0.63,0.63,0.00,0.00,0.21,0.00,0.56,0.56,0.00,0.58,01.04,1.46,3.33,0.63,0.00,0.63,0.63,0.63,0.57,0.00,0.58,0.57,0.58,Matches
243,Prosper Peter,ng NGA,FW,Angers,fr Ligue 1,18-147,2007,14,7,637,7.1,0.42,0.00,0.42,0.42,0.00,0.00,0.00,0.00,0.51,0.51,0.06,0.56,0.99,1.41,4.51,0.42,0.00,0.42,0.42,0.42,0.51,0.05,0.56,0.51,0.56,Matches
244,Raúl,es ESP,FW,Osasuna,es La Liga,25-061,2000,16,5,590,6.6,0.45,0.00,0.45,0.45,0.00,0.00,0.15,0.00,0.44,0.44,0.05,0.48,1.67,1.36,4.55,0.46,0.00,0.46,0.46,0.46,0.44,0.05,0.49,0.44,0.49,Matches
245,Fabian Rieder,ch SUI,"MF,FW",Augsburg,de Bundesliga,23-321,2002,13,13,"1,05",11.7,0.26,0.17,0.43,0.17,0.09,0.09,0.17,0.00,0.22,0.15,0.15,0.32,1.28,3.93,6.32,0.26,0.17,0.43,0.17,0.34,0.22,0.16,0.38,0.16,0.31,Matches
Rk,Player,Nation,Pos,Squad,Comp,Age,Born,MP,Starts,Min,90s,Gls,Ast,G+A,G-PK,PK,PKatt,CrdY,CrdR,xG,npxG,xAG,npxG+xAG,PrgC,PrgP,PrgR,Gls,Ast,G+A,G-PK,G+A-PK,xG,xAG,xG+xAG,npxG,npxG+xAG,Matches
246,Álvaro Rodríguez,uy URU,FW,Elche,es La Liga,21-173,2004,14,8,754,8.4,0.36,0.48,0.83,0.36,0.00,0.00,0.00,0.00,0.38,0.38,0.26,0.64,1.43,1.19,6.67,0.36,0.48,0.84,0.36,0.84,0.38,0.26,0.64,0.38,0.64,Matches
247,Carlos Romero,es ESP,DF,Espanyol,es La Liga,24-066,2001,16,16,"1,407",15.6,0.19,0.13,0.32,0.19,0.00,0.00,0.06,0.00,0.09,0.09,0.11,0.20,2.69,2.24,3.78,0.19,0.13,0.32,0.19,0.32,0.09,0.11,0.20,0.09,0.20,Matches
248,Isaac Romero,es ESP,FW,Sevilla,es La Liga,25-230,2000,12,9,719,8.0,0.38,0.00,0.38,0.38,0.00,0.00,0.38,0.13,0.40,0.40,0.05,0.45,1.13,1.38,4.25,0.38,0.00,0.38,0.38,0.38,0.40,0.05,0.45,0.40,0.45,Matches
249,Aitor Ruibal,es ESP,"FW,DF",Betis,es La Liga,29-287,1996,13,7,714,7.9,0.38,0.00,0.38,0.38,0.00,0.00,0.25,0.00,0.30,0.30,0.09,0.39,0.89,3.80,05.06,0.38,0.00,0.38,0.38,0.38,0.30,0.09,0.39,0.30,0.39,Matches
250,Ismaila Sarr,sn SEN,"MF,FW",Crystal Palace,eng Premier League,27-312,1998,12,12,"1,008",11.2,0.27,0.09,0.36,0.27,0.00,0.00,0.09,0.00,0.37,0.37,0.09,0.46,2.77,2.77,05.09,0.27,0.09,0.36,0.27,0.36,0.36,0.09,0.45,0.36,0.45,Matches
251,Derry Scherhant,de GER,"FW,MF",Freiburg,de Bundesliga,23-054,2002,13,3,437,4.9,0.61,0.00,0.61,0.61,0.00,0.00,0.00,0.00,0.22,0.22,0.10,0.33,2.65,1.43,8.78,0.62,0.00,0.62,0.62,0.62,0.22,0.11,0.33,0.22,0.33,Matches
252,Moses Simon,ng NGA,"FW,MF",Paris FC,fr Ligue 1,30-175,1995,16,14,"1,146",12.7,0.24,0.16,0.39,0.24,0.00,0.00,0.00,0.00,0.17,0.17,0.17,0.34,4.80,02.05,9.53,0.24,0.16,0.39,0.24,0.39,0.18,0.16,0.34,0.18,0.34,Matches
253,Leo Skiri Østigård,no NOR,DF,Genoa,it Serie A,26-036,1999,12,12,"1,002",11.1,0.27,0.09,0.36,0.27,0.00,0.00,0.36,0.00,0.22,0.22,0.06,0.27,0.09,2.16,0.18,0.27,0.09,0.36,0.27,0.36,0.21,0.06,0.27,0.21,0.27,Matches
254,Emile Smith Rowe,eng ENG,MF,Fulham,eng Premier League,25-159,2000,19,7,759,8.4,0.36,0.00,0.36,0.36,0.00,0.00,0.12,0.00,0.33,0.33,0.06,0.39,2.74,6.19,5.83,0.36,0.00,0.36,0.36,0.36,0.34,0.05,0.39,0.34,0.39,Matches
255,Issa Soumaré,sn SEN,"FW,MF",Le Havre,fr Ligue 1,25-085,2000,16,16,"1,44",16.0,0.19,0.13,0.31,0.13,0.06,0.19,0.06,0.00,0.54,0.38,0.15,0.53,2.63,2.31,6.69,0.19,0.12,0.31,0.12,0.25,0.54,0.15,0.69,0.38,0.53,Matches
256,Anton Stach,de GER,MF,Leeds United,eng Premier League,27-049,1998,17,16,"1,361",15.1,0.20,0.13,0.33,0.20,0.00,0.00,0.13,0.00,0.13,0.13,0.20,0.34,1.92,4.57,2.78,0.20,0.13,0.33,0.20,0.33,0.13,0.20,0.33,0.13,0.33,Matches
257,Cristhian Stuani,uy URU,FW,Girona,es La Liga,39-083,1986,9,1,203,2.3,1.30,0.00,1.30,0.00,1.30,1.30,0.87,0.00,1.17,0.22,0.00,0.22,0.00,0.43,1.30,1.33,0.00,1.33,0.00,0.00,1.19,0.00,1.19,0.20,0.20,Matches
258,Williot Swedberg,se SWE,"MF,FW",Celta Vigo,es La Liga,21-336,2004,10,5,444,4.9,0.61,0.00,0.61,0.61,0.00,0.00,0.20,0.00,0.45,0.45,0.02,0.47,1.84,02.04,5.51,0.61,0.00,0.61,0.61,0.61,0.45,0.02,0.46,0.45,0.46,Matches
259,Edmond Tapsoba,bf BFA,DF,Leverkusen,de Bundesliga,26-335,1999,14,14,"1,225",13.6,0.22,0.15,0.37,0.22,0.00,0.00,0.22,0.00,0.08,0.08,0.03,0.11,0.74,4.56,0.88,0.22,0.15,0.37,0.22,0.37,0.08,0.03,0.11,0.08,0.11,Matches
260,Martin Terrier,fr FRA,MF,Leverkusen,de Bundesliga,28-305,1997,8,2,286,3.2,0.94,0.00,0.94,0.94,0.00,0.00,0.00,0.00,0.31,0.31,0.22,0.50,2.81,2.50,6.25,0.94,0.00,0.94,0.94,0.94,0.30,0.21,0.51,0.30,0.51,Matches
261,Malik Tillman,us USA,MF,Leverkusen,de Bundesliga,23-220,2002,11,10,811,9.0,0.33,0.11,0.44,0.33,0.00,0.00,0.11,0.00,0.26,0.26,0.19,0.44,2.11,3.44,4.44,0.33,0.11,0.44,0.33,0.44,0.25,0.19,0.44,0.25,0.44,Matches
262,Corentin Tolisso,fr FRA,MF,Lyon,fr Ligue 1,31-153,1994,16,15,"1,307",14.5,0.21,0.00,0.21,0.21,0.00,0.07,0.21,0.00,0.43,0.37,0.16,0.53,0.97,5.86,4.76,0.21,0.00,0.21,0.21,0.21,0.43,0.16,0.59,0.37,0.53,Matches
263,Tiago Tomás,pt POR,"FW,MF",Stuttgart,de Bundesliga,23-201,2002,14,6,628,7.0,0.43,0.00,0.43,0.43,0.00,0.00,0.29,0.00,0.56,0.56,0.11,0.67,1.57,2.71,7.86,0.43,0.00,0.43,0.43,0.43,0.57,0.11,0.68,0.57,0.68,Matches
264,Viktor Tsyhankov,ua UKR,"MF,FW",Girona,es La Liga,28-049,1997,11,10,772,8.6,0.35,0.23,0.58,0.35,0.00,0.00,0.00,0.00,0.22,0.22,0.17,0.40,03.02,02.09,5.58,0.35,0.23,0.58,0.35,0.58,0.23,0.17,0.40,0.23,0.40,Matches
265,Lesley Ugochukwu,fr FRA,MF,Burnley,eng Premier League,21-283,2004,18,13,"1,142",12.7,0.24,0.00,0.24,0.24,0.00,0.00,0.16,0.08,0.17,0.17,0.02,0.19,1.34,03.07,2.28,0.24,0.00,0.24,0.24,0.24,0.16,0.03,0.19,0.16,0.19,Matches
266,Germán Valera,es ESP,"DF,MF",Elche,es La Liga,23-293,2002,16,14,"1,175",13.1,0.23,0.15,0.38,0.23,0.00,0.00,0.08,0.00,0.11,0.11,0.11,0.23,3.36,3.28,7.86,0.23,0.15,0.38,0.23,0.38,0.11,0.11,0.23,0.11,0.23,Matches
267,Vladyslav Vanat,ua UKR,FW,Girona,es La Liga,23-364,2002,14,14,995,11.1,0.27,0.00,0.27,0.27,0.00,0.00,0.09,0.00,0.31,0.31,0.10,0.41,0.72,0.90,2.97,0.27,0.00,0.27,0.27,0.27,0.30,0.10,0.40,0.30,0.40,Matches
268,Ruben Vargas,ch SUI,"FW,MF",Sevilla,es La Liga,27-151,1998,12,11,863,9.6,0.31,0.42,0.73,0.21,0.10,0.10,0.10,0.00,0.21,0.13,0.15,0.28,3.23,3.33,5.52,0.31,0.42,0.73,0.21,0.63,0.21,0.15,0.36,0.13,0.28,Matches
269,Micky van de Ven,nl NED,DF,Tottenham,eng Premier League,24-259,2001,18,18,"1,609",17.9,0.17,0.00,0.17,0.17,0.00,0.00,0.22,0.00,0.09,0.09,0.01,0.11,0.56,2.51,0.11,0.17,0.00,0.17,0.17,0.17,0.10,0.01,0.11,0.10,0.11,Matches
270,Dušan Vlahović,rs SRB,FW,Juventus,it Serie A,25-340,2000,13,8,680,7.6,0.39,0.13,0.53,0.26,0.13,0.13,0.00,0.00,0.53,0.43,0.08,0.51,1.18,01.05,7.50,0.40,0.13,0.53,0.26,0.40,0.54,0.09,0.62,0.43,0.52,Matches
271,Luca Waldschmidt,de GER,"FW,MF",Köln,de Bundesliga,29-229,1996,10,5,372,4.1,0.73,0.49,1.22,0.49,0.24,0.24,0.00,0.00,0.78,0.59,0.27,0.85,1.95,2.44,4.63,0.73,0.48,1.21,0.48,0.97,0.78,0.26,01.04,0.59,0.85,Matches
272,Wesley,br BRA,DF,Roma,it Serie A,22-119,2003,15,15,"1,272",14.1,0.21,0.00,0.21,0.21,0.00,0.00,0.28,0.00,0.09,0.09,0.19,0.28,3.12,3.69,09.01,0.21,0.00,0.21,0.21,0.21,0.09,0.19,0.27,0.09,0.27,Matches
273,Nico Williams,es ESP,FW,Athletic Club,es La Liga,23-175,2002,14,11,968,10.8,0.28,0.19,0.46,0.19,0.09,0.19,0.09,0.00,0.35,0.20,0.32,0.53,5.83,2.69,10.2,0.28,0.19,0.46,0.19,0.37,0.35,0.32,0.67,0.20,0.53,Matches
274,Patrick Wimmer,at AUT,FW,Wolfsburg,de Bundesliga,24-218,2001,12,10,785,8.7,0.34,0.34,0.69,0.34,0.00,0.00,0.34,0.00,0.22,0.22,0.09,0.30,1.61,2.99,5.40,0.34,0.34,0.69,0.34,0.69,0.21,0.09,0.30,0.21,0.30,Matches
275,Mattia Zaccagni,it ITA,FW,Lazio,it Serie A,30-201,1995,15,15,"1,261",14.0,0.21,0.00,0.21,0.21,0.00,0.00,0.21,0.07,0.17,0.17,0.11,0.28,2.50,3.00,6.50,0.21,0.00,0.21,0.21,0.21,0.17,0.11,0.28,0.17,0.28,Matches
276,Martín Zubimendi,es ESP,MF,Arsenal,eng Premier League,26-335,1999,19,18,"1,589",17.7,0.17,0.06,0.23,0.17,0.00,0.00,0.17,0.00,0.11,0.11,0.06,0.16,1.47,5.59,01.07,0.17,0.06,0.23,0.17,0.23,0.11,0.06,0.17,0.11,0.17,Matches
277,Himad Abdelli,dz ALG,MF,Angers,fr Ligue 1,26-047,1999,13,11,943,10.5,0.19,0.00,0.19,0.00,0.19,0.19,0.10,0.00,0.19,0.04,0.04,0.09,3.71,7.52,1.14,0.19,0.00,0.19,0.00,0.00,0.19,0.04,0.23,0.04,0.08,Matches
278,Matthis Abline,fr FRA,"FW,MF",Nantes,fr Ligue 1,22-281,2003,16,13,"1,248",13.9,0.14,0.14,0.29,0.14,0.00,0.07,0.22,0.00,0.25,0.20,0.10,0.30,3.67,02.09,5.68,0.14,0.14,0.29,0.14,0.29,0.26,0.10,0.36,0.20,0.30,Matches
279,Tyler Adams,us USA,MF,Bournemouth,eng Premier League,26-323,1999,15,15,"1,195",13.3,0.15,0.08,0.23,0.15,0.00,0.00,0.38,0.00,0.04,0.04,0.01,0.04,0.90,4.59,0.53,0.15,0.08,0.23,0.15,0.23,0.03,0.01,0.04,0.03,0.04,Matches
280,Abdelhamid Ait Boudlal,ma MAR,DF,Rennes,fr Ligue 1,19-262,2006,9,8,648,7.2,0.28,0.14,0.42,0.28,0.00,0.00,0.28,0.14,0.17,0.17,0.04,0.21,1.11,3.47,0.97,0.28,0.14,0.42,0.28,0.42,0.17,0.04,0.21,0.17,0.21,Matches
Rk,Player,Nation,Pos,Squad,Comp,Age,Born,MP,Starts,Min,90s,Gls,Ast,G+A,G-PK,PK,PKatt,CrdY,CrdR,xG,npxG,xAG,npxG+xAG,PrgC,PrgP,PrgR,Gls,Ast,G+A,G-PK,G+A-PK,xG,xAG,xG+xAG,npxG,npxG+xAG,Matches
281,Mohamed Ali Cho,fr FRA,FW,Nice,fr Ligue 1,21-349,2004,9,8,617,6.9,0.29,0.29,0.58,0.29,0.00,0.00,0.00,0.00,0.16,0.16,0.23,0.39,4.20,3.19,7.83,0.29,0.29,0.58,0.29,0.58,0.16,0.24,0.39,0.16,0.39,Matches
282,Thiago Almada,ar ARG,"MF,FW",Atlético Madrid,es La Liga,24-252,2001,11,4,432,4.8,0.42,0.21,0.63,0.42,0.00,0.00,0.21,0.00,0.48,0.48,0.21,0.69,2.92,06.04,4.38,0.42,0.21,0.62,0.42,0.62,0.47,0.21,0.68,0.47,0.68,Matches
283,Carlos Álvarez,es ESP,"MF,FW",Levante,es La Liga,22-150,2003,16,13,"1,12",12.4,0.16,0.08,0.24,0.16,0.00,0.00,0.16,0.00,0.10,0.10,0.22,0.32,2.26,5.73,2.42,0.16,0.08,0.24,0.16,0.24,0.10,0.22,0.32,0.10,0.32,Matches
284,Michael Amir Murillo,pa PAN,DF,Marseille,fr Ligue 1,29-326,1996,13,10,843,9.4,0.21,0.00,0.21,0.21,0.00,0.00,0.43,0.00,0.10,0.10,0.07,0.16,02.02,3.72,7.34,0.21,0.00,0.21,0.21,0.21,0.09,0.07,0.16,0.09,0.16,Matches
285,Benjamin André,fr FRA,MF,Lille,fr Ligue 1,35-153,1990,13,13,"1,159",12.9,0.16,0.08,0.23,0.16,0.00,0.00,0.39,0.00,0.12,0.12,0.07,0.19,1.24,6.98,3.49,0.16,0.08,0.23,0.16,0.23,0.12,0.07,0.18,0.12,0.18,Matches
286,Ronald Araújo,uy URU,DF,Barcelona,es La Liga,26-302,1999,11,7,649,7.2,0.28,0.00,0.28,0.28,0.00,0.00,0.28,0.00,0.06,0.06,0.00,0.06,1.53,04.03,0.56,0.28,0.00,0.28,0.28,0.28,0.05,0.00,0.06,0.05,0.06,Matches
287,Iago Aspas,es ESP,"FW,MF",Celta Vigo,es La Liga,38-155,1987,15,7,660,7.3,0.27,0.27,0.55,0.14,0.14,0.14,0.27,0.00,0.36,0.25,0.41,0.66,2.33,9.86,6.85,0.27,0.27,0.55,0.14,0.41,0.35,0.41,0.76,0.24,0.65,Matches
288,Alex Baena,es ESP,"MF,FW",Atlético Madrid,es La Liga,24-167,2001,10,8,551,6.1,0.33,0.16,0.49,0.33,0.00,0.00,0.33,0.00,0.20,0.20,0.41,0.61,3.11,06.07,7.70,0.33,0.16,0.49,0.33,0.49,0.19,0.41,0.60,0.19,0.60,Matches
289,Samson Baidoo,at AUT,DF,Lens,fr Ligue 1,21-278,2004,16,15,"1,395",15.5,0.13,0.06,0.19,0.13,0.00,0.00,0.13,0.00,0.09,0.09,0.04,0.13,0.19,2.58,0.06,0.13,0.06,0.19,0.13,0.19,0.09,0.04,0.13,0.09,0.13,Matches
290,Johan Bakayoko,be BEL,FW,RB Leipzig,de Bundesliga,22-258,2003,12,8,664,7.4,0.27,0.00,0.27,0.27,0.00,0.00,0.14,0.00,0.19,0.19,0.09,0.27,2.97,02.03,8.78,0.27,0.00,0.27,0.27,0.27,0.19,0.09,0.28,0.19,0.28,Matches
291,Daniel Ballard,nir NIR,DF,Sunderland,eng Premier League,26-103,1999,15,12,"1,122",12.5,0.16,0.00,0.16,0.16,0.00,0.00,0.16,0.00,0.11,0.11,0.06,0.17,0.48,2.32,0.32,0.16,0.00,0.16,0.16,0.16,0.11,0.06,0.17,0.11,0.17,Matches
292,Thierno Barry,fr FRA,FW,Everton,eng Premier League,23-074,2002,19,11,929,10.3,0.19,0.00,0.19,0.19,0.00,0.00,0.19,0.00,0.32,0.32,0.04,0.37,0.78,0.68,5.24,0.19,0.00,0.19,0.19,0.19,0.32,0.04,0.36,0.32,0.36,Matches
293,Davide Bartesaghi,it ITA,DF,Milan,it Serie A,20-005,2005,13,11,"1,002",11.1,0.18,0.00,0.18,0.18,0.00,0.00,0.09,0.00,0.05,0.05,0.14,0.19,1.44,1.89,7.12,0.18,0.00,0.18,0.18,0.18,0.06,0.13,0.19,0.06,0.19,Matches
294,Federico Baschirotto,it ITA,DF,Cremonese,it Serie A,29-105,1996,17,17,"1,53",17.0,0.12,0.00,0.12,0.12,0.00,0.00,0.06,0.00,0.04,0.04,0.00,0.04,0.35,1.65,0.12,0.12,0.00,0.12,0.12,0.12,0.04,0.00,0.04,0.04,0.04,Matches
295,Rafik Belghali,dz ALG,"DF,FW",Hellas Verona,it Serie A,23-210,2002,15,12,"1,105",12.3,0.16,0.00,0.16,0.16,0.00,0.00,0.41,0.00,0.12,0.12,0.08,0.20,2.36,3.25,5.37,0.16,0.00,0.16,0.16,0.16,0.12,0.08,0.20,0.12,0.20,Matches
296,Yassin Belkhdim,fr FRA,"MF,FW",Angers,fr Ligue 1,23-323,2002,16,15,"1,261",14.0,0.14,0.14,0.29,0.14,0.00,0.00,0.14,0.00,0.09,0.09,0.08,0.17,0.79,2.29,03.07,0.14,0.14,0.29,0.14,0.29,0.09,0.08,0.17,0.09,0.17,Matches
297,Andrea Belotti,it ITA,FW,Cagliari,it Serie A,32-014,1993,3,3,188,2.1,0.95,0.00,0.95,0.48,0.48,0.48,0.00,0.00,0.90,0.52,0.00,0.57,1.43,1.43,4.76,0.96,0.00,0.96,0.48,0.48,0.92,0.02,0.94,0.54,0.56,Matches
298,Nabil Bentaleb,dz ALG,MF,Lille,fr Ligue 1,31-040,1994,14,5,520,5.8,0.34,0.17,0.52,0.17,0.17,0.17,0.17,0.00,0.19,0.07,0.07,0.14,01.03,8.45,01.03,0.35,0.17,0.52,0.17,0.35,0.20,0.07,0.27,0.06,0.13,Matches
299,Álex Berenguer,es ESP,"FW,MF",Athletic Club,es La Liga,30-183,1995,16,15,"1,197",13.3,0.15,0.15,0.30,0.15,0.00,0.00,0.15,0.00,0.20,0.20,0.27,0.47,2.86,3.23,8.27,0.15,0.15,0.30,0.15,0.30,0.21,0.27,0.48,0.21,0.48,Matches
300,Medon Berisha,al ALB,MF,Lecce,it Serie A,22-074,2003,13,12,871,9.7,0.21,0.31,0.52,0.21,0.00,0.00,0.00,0.00,0.12,0.12,0.27,0.39,1.96,4.74,2.16,0.21,0.31,0.52,0.21,0.52,0.13,0.27,0.39,0.13,0.39,Matches
301,Adrian Bernabe,es ESP,MF,Parma,it Serie A,24-222,2001,16,16,"1,273",14.1,0.14,0.00,0.14,0.14,0.00,0.00,0.00,0.00,0.12,0.12,0.10,0.21,1.84,5.89,2.55,0.14,0.00,0.14,0.14,0.14,0.12,0.10,0.22,0.12,0.22,Matches
302,Mika Biereth,dk DEN,"FW,MF",Monaco,fr Ligue 1,22-329,2003,15,10,746,8.3,0.24,0.00,0.24,0.24,0.00,0.00,0.00,0.00,0.39,0.39,0.08,0.46,0.48,1.33,6.63,0.24,0.00,0.24,0.24,0.24,0.38,0.08,0.46,0.38,0.46,Matches
303,Jeremie Boga,ci CIV,"FW,MF",Nice,fr Ligue 1,29-000,1997,14,7,646,7.2,0.28,0.28,0.56,0.28,0.00,0.00,0.00,0.00,0.22,0.22,0.14,0.38,3.47,2.64,4.58,0.28,0.28,0.56,0.28,0.56,0.23,0.15,0.37,0.23,0.37,Matches
304,Brian Brobbey,nl NED,FW,Sunderland,eng Premier League,23-336,2002,14,5,527,5.9,0.34,0.17,0.51,0.34,0.00,0.00,0.17,0.00,0.25,0.25,0.02,0.27,0.51,1.19,3.90,0.34,0.17,0.51,0.34,0.51,0.25,0.02,0.27,0.25,0.27,Matches
305,Santiago Bueno,uy URU,DF,Wolves,eng Premier League,27-055,1998,10,9,845,9.4,0.21,0.00,0.21,0.21,0.00,0.00,0.21,0.00,0.17,0.17,0.01,0.17,0.43,2.77,0.11,0.21,0.00,0.21,0.21,0.21,0.17,0.01,0.17,0.17,0.17,Matches
306,Leandro Cabrera,uy URU,DF,Espanyol,es La Liga,34-200,1991,16,16,"1,44",16.0,0.13,0.00,0.13,0.13,0.00,0.00,0.06,0.00,0.09,0.09,0.03,0.11,0.06,2.81,0.31,0.12,0.00,0.12,0.12,0.12,0.09,0.02,0.11,0.09,0.11,Matches
307,Nicolò Cambiaghi,it ITA,FW,Bologna,it Serie A,25-006,2000,14,9,820,9.1,0.22,0.44,0.66,0.22,0.00,0.00,0.33,0.00,0.16,0.16,0.22,0.38,4.84,03.08,8.35,0.22,0.44,0.66,0.22,0.66,0.17,0.21,0.38,0.17,0.38,Matches
308,Valentín Castellanos,ar ARG,FW,Lazio,it Serie A,27-092,1998,11,8,692,7.7,0.26,0.39,0.65,0.26,0.00,0.00,0.26,0.00,0.26,0.26,0.22,0.48,0.78,2.21,5.84,0.26,0.39,0.65,0.26,0.65,0.26,0.22,0.48,0.26,0.48,Matches
309,Catena,es ESP,DF,Osasuna,es La Liga,31-067,1994,16,16,"1,44",16.0,0.13,0.06,0.19,0.13,0.00,0.00,0.38,0.00,0.10,0.10,0.02,0.12,0.13,2.38,0.56,0.12,0.06,0.19,0.12,0.19,0.10,0.02,0.12,0.10,0.12,Matches
310,Rayan Cherki,fr FRA,"MF,FW",Manchester City,eng Premier League,22-139,2003,14,9,732,8.1,0.25,0.86,1.11,0.25,0.00,0.00,0.12,0.00,0.15,0.15,0.63,0.78,5.43,6.54,10.4,0.25,0.86,1.11,0.25,1.11,0.15,0.63,0.78,0.15,0.78,Matches
311,Federico Chiesa,it ITA,"FW,MF",Liverpool,eng Premier League,28-070,1997,14,1,234,2.6,0.77,0.38,1.15,0.77,0.00,0.00,0.77,0.00,0.46,0.46,0.50,0.96,03.08,4.23,10.4,0.77,0.38,1.15,0.77,1.15,0.47,0.49,0.96,0.47,0.96,Matches
312,Samuel Chukwueze,ng NGA,FW,Fulham,eng Premier League,26-226,1999,9,3,398,4.4,0.45,0.91,1.36,0.45,0.00,0.00,0.00,0.00,0.23,0.23,0.39,0.61,4.32,04.09,10.0,0.45,0.90,1.36,0.45,1.36,0.23,0.39,0.61,0.23,0.61,Matches
313,Lorenzo Colombo,it ITA,"FW,MF",Genoa,it Serie A,23-301,2002,17,11,895,9.9,0.20,0.10,0.30,0.20,0.00,0.10,0.10,0.00,0.45,0.37,0.03,0.40,0.91,0.91,6.36,0.20,0.10,0.30,0.20,0.30,0.45,0.03,0.48,0.37,0.40,Matches
314,Santi Comesaña,es ESP,MF,Villarreal,es La Liga,29-090,1996,15,13,"1,063",11.8,0.17,0.17,0.34,0.17,0.00,0.00,0.17,0.00,0.22,0.22,0.10,0.31,1.10,5.00,3.31,0.17,0.17,0.34,0.17,0.34,0.22,0.10,0.32,0.22,0.32,Matches
315,Francisco Conceição,pt POR,"MF,FW",Juventus,it Serie A,23-020,2002,13,11,890,9.9,0.20,0.00,0.20,0.20,0.00,0.00,0.10,0.00,0.28,0.28,0.08,0.36,6.16,3.23,7.47,0.20,0.00,0.20,0.20,0.20,0.29,0.08,0.36,0.29,0.36,Matches
Rk,Player,Nation,Pos,Squad,Comp,Age,Born,MP,Starts,Min,90s,Gls,Ast,G+A,G-PK,PK,PKatt,CrdY,CrdR,xG,npxG,xAG,npxG+xAG,PrgC,PrgP,PrgR,Gls,Ast,G+A,G-PK,G+A-PK,xG,xAG,xG+xAG,npxG,npxG+xAG,Matches
316,Lassana Coulibaly,ml MLI,MF,Lecce,it Serie A,29-268,1996,14,14,"1,179",13.1,0.15,0.00,0.15,0.15,0.00,0.00,0.23,0.00,0.11,0.11,0.02,0.13,0.92,2.82,02.06,0.15,0.00,0.15,0.15,0.15,0.10,0.02,0.13,0.10,0.13,Matches
317,Josh Cullen,ie IRL,MF,Burnley,eng Premier League,29-271,1996,18,18,"1,514",16.8,0.12,0.12,0.24,0.12,0.00,0.00,0.12,0.00,0.05,0.05,0.13,0.18,0.42,04.05,0.65,0.12,0.12,0.24,0.12,0.24,0.05,0.12,0.18,0.05,0.18,Matches
318,Adam Daghim,dk DEN,FW,Wolfsburg,de Bundesliga,20-097,2005,9,5,549,6.1,0.33,0.00,0.33,0.33,0.00,0.00,0.00,0.00,0.11,0.11,0.00,0.13,4.10,2.95,8.20,0.33,0.00,0.33,0.33,0.33,0.12,0.01,0.13,0.12,0.13,Matches
319,Juan David Cabal,co COL,DF,Juventus,it Serie A,24-360,2001,6,1,138,1.5,1.33,0.00,1.33,1.33,0.00,0.00,0.67,0.00,0.53,0.53,0.20,0.73,0.67,3.33,2.00,1.30,0.00,1.30,1.30,1.30,0.51,0.21,0.72,0.51,0.72,Matches
320,Maxim De Cuyper,be BEL,"DF,FW",Brighton,eng Premier League,25-012,2000,16,11,869,9.7,0.21,0.00,0.21,0.21,0.00,0.00,0.10,0.00,0.14,0.14,0.16,0.32,1.55,4.43,5.36,0.21,0.00,0.21,0.21,0.21,0.15,0.17,0.32,0.15,0.32,Matches
321,Charles De Ketelaere,be BEL,"MF,FW",Atalanta,it Serie A,24-299,2001,15,12,"1,068",11.9,0.17,0.08,0.25,0.17,0.00,0.00,0.17,0.00,0.18,0.18,0.30,0.49,6.13,08.07,10.2,0.17,0.08,0.25,0.17,0.25,0.19,0.30,0.49,0.19,0.49,Matches
322,Ousmane Dembélé,fr FRA,FW,Paris S-G,fr Ligue 1,28-233,1997,8,3,336,3.7,0.54,0.54,01.08,0.00,0.54,0.81,0.00,0.00,0.81,0.16,0.49,0.65,5.95,14.3,7.84,0.54,0.54,01.07,0.00,0.54,0.80,0.48,1.28,0.17,0.65,Matches
323,Amad Diallo,ci CIV,"DF,MF",Manchester Utd,eng Premier League,23-176,2002,15,14,"1,203",13.4,0.15,0.15,0.30,0.15,0.00,0.00,0.07,0.00,0.28,0.28,0.22,0.49,5.30,3.66,9.10,0.15,0.15,0.30,0.15,0.30,0.27,0.22,0.50,0.27,0.50,Matches
324,Rúben Dias,pt POR,DF,Manchester City,eng Premier League,28-234,1997,19,18,"1,626",18.1,0.11,0.00,0.11,0.11,0.00,0.00,0.06,0.00,0.02,0.02,0.01,0.03,0.72,4.48,0.06,0.11,0.00,0.11,0.11,0.11,0.02,0.01,0.03,0.02,0.03,Matches
325,Kevin Diks,id IDN,DF,Gladbach,de Bundesliga,29-089,1996,15,14,"1,243",13.8,0.14,0.00,0.14,0.00,0.14,0.14,0.22,0.00,0.17,0.06,0.01,0.07,01.01,4.35,0.72,0.14,0.00,0.14,0.00,0.00,0.17,0.01,0.18,0.06,0.07,Matches
326,Federico Dimarco,it ITA,DF,Inter,it Serie A,28-054,1997,15,12,"1,121",12.5,0.16,0.40,0.56,0.16,0.00,0.00,0.08,0.00,0.09,0.09,0.45,0.54,1.68,5.20,8.72,0.16,0.40,0.56,0.16,0.56,0.08,0.45,0.54,0.08,0.54,Matches
327,Harouna Djibrin,cm CMR,FW,Angers,fr Ligue 1,19-059,2006,8,0,137,1.5,1.33,0.00,1.33,1.33,0.00,0.00,0.67,0.00,0.67,0.67,0.13,0.80,6.00,3.33,5.33,1.31,0.00,1.31,1.31,1.31,0.68,0.12,0.79,0.68,0.79,Matches
328,Jean-Luc Dompé,fr FRA,"FW,MF",Hamburger SV,de Bundesliga,30-144,1995,11,9,820,9.1,0.22,0.00,0.22,0.22,0.00,0.00,0.00,0.00,0.12,0.12,0.31,0.43,4.40,3.30,11.0,0.22,0.00,0.22,0.22,0.22,0.12,0.31,0.43,0.12,0.43,Matches
329,Fodé Doucouré,ml MLI,"MF,FW",Le Havre,fr Ligue 1,24-334,2001,15,7,665,7.4,0.27,0.14,0.41,0.27,0.00,0.00,0.00,0.00,0.18,0.18,0.30,0.49,1.89,3.78,7.70,0.27,0.14,0.41,0.27,0.41,0.18,0.30,0.48,0.18,0.48,Matches
330,Désiré Doué,fr FRA,"FW,MF",Paris S-G,fr Ligue 1,20-214,2005,7,4,356,4.0,0.50,0.25,0.75,0.50,0.00,0.00,0.00,0.00,0.40,0.40,0.23,0.63,5.50,4.75,11.5,0.51,0.25,0.76,0.51,0.76,0.39,0.24,0.63,0.39,0.63,Matches
331,Artem Dovbyk,ua UKR,FW,Roma,it Serie A,28-196,1997,11,3,333,3.7,0.54,0.27,0.81,0.54,0.00,0.00,0.00,0.00,0.54,0.54,0.30,0.84,01.08,1.35,4.59,0.54,0.27,0.81,0.54,0.81,0.55,0.30,0.85,0.55,0.85,Matches
332,Pablo Durán,es ESP,"FW,MF",Celta Vigo,es La Liga,24-223,2001,13,8,646,7.2,0.28,0.00,0.28,0.28,0.00,0.00,0.00,0.00,0.31,0.31,0.01,0.32,0.69,1.94,6.25,0.28,0.00,0.28,0.28,0.28,0.30,0.02,0.32,0.30,0.32,Matches
333,Maximilian Eggestein,de GER,MF,Freiburg,de Bundesliga,29-026,1996,15,15,"1,35",15.0,0.13,0.00,0.13,0.13,0.00,0.00,0.13,0.00,0.15,0.15,0.07,0.22,0.73,3.80,0.67,0.13,0.00,0.13,0.13,0.13,0.16,0.06,0.22,0.16,0.22,Matches
334,Jeff Ekhator,it ITA,FW,Genoa,it Serie A,19-053,2006,13,3,353,3.9,0.51,0.00,0.51,0.51,0.00,0.00,0.77,0.00,0.41,0.41,0.03,0.44,0.77,0.77,8.21,0.51,0.00,0.51,0.51,0.51,0.40,0.03,0.43,0.40,0.43,Matches
335,Evanilson,br BRA,FW,Bournemouth,eng Premier League,26-089,1999,17,14,"1,271",14.1,0.14,0.00,0.14,0.14,0.00,0.00,0.07,0.00,0.32,0.32,0.11,0.43,0.64,0.92,3.62,0.14,0.00,0.14,0.14,0.14,0.32,0.12,0.43,0.32,0.43,Matches
336,Mattia Felici,it ITA,"FW,DF",Cagliari,it Serie A,24-261,2001,11,4,411,4.6,0.43,0.22,0.65,0.43,0.00,0.00,0.65,0.00,0.15,0.15,0.13,0.28,4.35,1.96,7.39,0.44,0.22,0.66,0.44,0.66,0.16,0.13,0.29,0.16,0.29,Matches
337,Evan Ferguson,ie IRL,FW,Roma,it Serie A,21-076,2004,13,7,617,6.9,0.29,0.29,0.58,0.29,0.00,0.00,0.14,0.00,0.29,0.29,0.25,0.52,2.17,0.72,8.70,0.29,0.29,0.58,0.29,0.58,0.29,0.24,0.53,0.29,0.53,Matches
338,Mateus Fernandes,pt POR,"MF,FW",West Ham,eng Premier League,21-177,2004,17,16,"1,325",14.7,0.14,0.07,0.20,0.14,0.00,0.00,0.14,0.00,0.06,0.06,0.09,0.15,1.36,3.61,1.70,0.14,0.07,0.20,0.14,0.20,0.06,0.09,0.15,0.06,0.15,Matches
339,Matias Fernandez-Pardo,be BEL,FW,Lille,fr Ligue 1,20-334,2005,12,10,885,9.8,0.20,0.31,0.51,0.20,0.00,0.00,0.20,0.00,0.26,0.26,0.28,0.53,6.63,3.47,12.1,0.20,0.31,0.51,0.20,0.51,0.26,0.27,0.53,0.26,0.53,Matches
340,Malick Fofana,be BEL,FW,Lyon,fr Ligue 1,20-278,2005,9,9,721,8.0,0.25,0.13,0.38,0.25,0.00,0.00,0.13,0.00,0.34,0.34,0.24,0.59,4.38,1.75,11.9,0.25,0.12,0.37,0.25,0.37,0.34,0.24,0.58,0.34,0.58,Matches
341,Rayan Fofana,fr FRA,FW,Lens,fr Ligue 1,19-325,2006,14,4,507,5.6,0.36,0.00,0.36,0.36,0.00,0.00,0.00,0.00,0.55,0.55,0.04,0.59,1.61,0.54,6.79,0.36,0.00,0.36,0.36,0.36,0.56,0.03,0.59,0.56,0.59,Matches
342,Lyle Foster,za RSA,FW,Burnley,eng Premier League,25-122,2000,13,11,868,9.6,0.21,0.10,0.31,0.21,0.00,0.00,0.21,0.00,0.17,0.17,0.08,0.25,1.35,1.25,5.73,0.21,0.10,0.31,0.21,0.31,0.17,0.08,0.25,0.17,0.25,Matches
343,Chris Führich,de GER,"FW,MF",Stuttgart,de Bundesliga,27-359,1998,14,4,434,4.8,0.42,0.42,0.83,0.42,0.00,0.00,0.00,0.00,0.13,0.13,0.15,0.27,4.38,06.04,9.17,0.41,0.41,0.83,0.41,0.83,0.13,0.15,0.28,0.13,0.28,Matches
344,Gianluca Gaetano,it ITA,"MF,FW",Cagliari,it Serie A,25-243,2000,17,6,640,7.1,0.28,0.28,0.56,0.28,0.00,0.00,0.42,0.00,0.18,0.18,0.18,0.37,2.25,5.63,5.21,0.28,0.28,0.56,0.28,0.56,0.18,0.18,0.36,0.18,0.36,Matches
345,Conor Gallagher,eng ENG,MF,Atlético Madrid,es La Liga,25-331,2000,18,4,634,7.0,0.29,0.00,0.29,0.29,0.00,0.00,0.29,0.00,0.11,0.11,0.06,0.17,2.71,3.43,4.43,0.28,0.00,0.28,0.28,0.28,0.12,0.06,0.18,0.12,0.18,Matches
346,Idrissa Gana Gueye,sn SEN,MF,Everton,eng Premier League,36-099,1989,13,13,"1,051",11.7,0.17,0.00,0.17,0.17,0.00,0.00,0.00,0.09,0.09,0.09,0.03,0.12,0.43,4.70,1.45,0.17,0.00,0.17,0.17,0.17,0.09,0.03,0.12,0.09,0.12,Matches
347,Ismaëlo Ganiou,bf BFA,DF,Lens,fr Ligue 1,20-295,2005,6,6,522,5.8,0.34,0.00,0.34,0.34,0.00,0.00,0.34,0.17,0.19,0.19,0.00,0.19,1.21,3.62,0.86,0.34,0.00,0.34,0.34,0.34,0.19,0.00,0.19,0.19,0.19,Matches
348,James Garner,eng ENG,"MF,DF",Everton,eng Premier League,24-296,2001,19,19,"1,703",18.9,0.11,0.16,0.26,0.11,0.00,0.00,0.21,0.00,0.07,0.07,0.13,0.21,01.06,5.50,1.53,0.11,0.16,0.26,0.11,0.26,0.07,0.13,0.21,0.07,0.21,Matches
349,Willem Geubbels,fr FRA,FW,Paris FC,fr Ligue 1,24-140,2001,14,7,574,6.4,0.31,0.00,0.31,0.31,0.00,0.00,0.00,0.00,0.48,0.48,0.06,0.55,1.56,01.09,6.25,0.31,0.00,0.31,0.31,0.31,0.48,0.06,0.54,0.48,0.54,Matches
350,Dimitris Giannoulis,gr GRE,"DF,MF",Augsburg,de Bundesliga,30-078,1995,13,12,896,10.0,0.20,0.20,0.40,0.20,0.00,0.00,0.50,0.00,0.09,0.09,0.15,0.24,2.20,3.10,5.10,0.20,0.20,0.40,0.20,0.40,0.09,0.15,0.24,0.09,0.24,Matches
Rk,Player,Nation,Pos,Squad,Comp,Age,Born,MP,Starts,Min,90s,Gls,Ast,G+A,G-PK,PK,PKatt,CrdY,CrdR,xG,npxG,xAG,npxG+xAG,PrgC,PrgP,PrgR,Gls,Ast,G+A,G-PK,G+A-PK,xG,xAG,xG+xAG,npxG,npxG+xAG,Matches
351,Martial Godo,eng ENG,"MF,DF",Strasbourg,fr Ligue 1,22-295,2003,11,3,307,3.4,0.59,0.00,0.59,0.59,0.00,0.00,0.59,0.00,0.56,0.56,0.03,0.56,2.94,1.47,11.8,0.59,0.00,0.59,0.59,0.59,0.55,0.02,0.57,0.55,0.57,Matches
352,Aleksandr Golovin,ru RUS,"FW,MF",Monaco,fr Ligue 1,29-218,1996,10,9,658,7.3,0.27,0.14,0.41,0.27,0.00,0.00,0.14,0.00,0.26,0.26,0.10,0.36,1.64,3.84,06.03,0.27,0.14,0.41,0.27,0.41,0.27,0.09,0.36,0.27,0.36,Matches
353,Anthony Gordon,eng ENG,FW,Newcastle Utd,eng Premier League,24-313,2001,14,12,856,9.5,0.21,0.11,0.32,0.00,0.21,0.21,0.00,0.11,0.45,0.28,0.23,0.52,5.16,4.11,8.00,0.21,0.11,0.32,0.00,0.11,0.45,0.24,0.69,0.28,0.52,Matches
354,Jack Grealish,eng ENG,FW,Everton,eng Premier League,30-115,1995,17,15,"1,358",15.1,0.13,0.26,0.40,0.13,0.00,0.00,0.20,0.00,0.13,0.13,0.25,0.38,5.30,3.91,8.15,0.13,0.27,0.40,0.13,0.40,0.13,0.25,0.38,0.13,0.38,Matches
355,Marco Grüll,at AUT,FW,Werder Bremen,de Bundesliga,27-181,1998,15,12,"1,049",11.7,0.17,0.09,0.26,0.17,0.00,0.00,0.34,0.00,0.15,0.15,0.09,0.24,2.65,3.42,5.98,0.17,0.09,0.26,0.17,0.26,0.15,0.09,0.24,0.15,0.24,Matches
356,Marc Guéhi,eng ENG,DF,Crystal Palace,eng Premier League,25-174,2000,18,18,"1,62",18.0,0.11,0.11,0.22,0.11,0.00,0.00,0.17,0.00,0.11,0.11,0.08,0.19,1.22,5.50,0.44,0.11,0.11,0.22,0.11,0.22,0.10,0.09,0.19,0.10,0.19,Matches
357,Mattéo Guendouzi,fr FRA,MF,Lazio,it Serie A,26-264,1999,14,14,"1,248",13.9,0.14,0.07,0.22,0.14,0.00,0.00,0.36,0.07,0.09,0.09,0.06,0.14,01.01,5.18,2.59,0.14,0.07,0.22,0.14,0.22,0.09,0.06,0.15,0.09,0.15,Matches
358,Raphaël Guerreiro,pt POR,"MF,DF",Bayern Munich,de Bundesliga,32-012,1993,9,4,389,4.3,0.47,0.47,0.93,0.47,0.00,0.00,0.00,0.00,0.26,0.26,0.23,0.51,0.93,3.49,6.51,0.46,0.46,0.93,0.46,0.93,0.26,0.24,0.50,0.26,0.50,Matches
359,Pape Gueye,sn SEN,MF,Villarreal,es La Liga,26-344,1999,13,9,776,8.6,0.23,0.12,0.35,0.23,0.00,0.00,0.58,0.00,0.12,0.12,0.12,0.22,1.40,7.56,02.09,0.23,0.12,0.35,0.23,0.35,0.11,0.11,0.22,0.11,0.22,Matches
360,Bahereba Guirassy,fr FRA,"FW,MF",Nantes,fr Ligue 1,19-127,2006,13,9,694,7.7,0.26,0.13,0.39,0.26,0.00,0.00,0.00,0.00,0.21,0.21,0.10,0.30,2.60,1.82,6.75,0.26,0.13,0.39,0.26,0.39,0.20,0.10,0.30,0.20,0.30,Matches
361,Malo Gusto,fr FRA,"DF,MF",Chelsea,eng Premier League,22-229,2003,17,11,"1,056",11.7,0.17,0.17,0.34,0.17,0.00,0.00,0.26,0.09,0.10,0.10,0.10,0.21,1.20,5.30,3.33,0.17,0.17,0.34,0.17,0.34,0.10,0.10,0.20,0.10,0.20,Matches
362,Joško Gvardiol,hr CRO,DF,Manchester City,eng Premier League,23-345,2002,15,14,"1,252",13.9,0.14,0.14,0.29,0.14,0.00,0.00,0.14,0.00,0.17,0.17,0.03,0.20,1.44,6.62,0.58,0.14,0.14,0.29,0.14,0.29,0.17,0.03,0.20,0.17,0.20,Matches
363,Achraf Hakimi,ma MAR,DF,Paris S-G,fr Ligue 1,27-060,1998,9,6,657,7.3,0.27,0.00,0.27,0.27,0.00,0.00,0.27,0.00,0.16,0.16,0.10,0.26,2.47,6.71,15.1,0.27,0.00,0.27,0.27,0.27,0.16,0.10,0.26,0.16,0.26,Matches
364,Santiago Hidalgo,ar ARG,"FW,MF",Toulouse,fr Ligue 1,20-320,2005,13,2,269,3.0,0.67,0.67,1.33,0.67,0.00,0.00,0.33,0.00,0.37,0.37,0.07,0.43,2.33,1.67,8.00,0.67,0.67,1.34,0.67,1.34,0.38,0.06,0.43,0.38,0.43,Matches
365,Jonas Hofmann,de GER,"MF,DF",Leverkusen,de Bundesliga,33-173,1992,12,8,629,7.0,0.29,0.14,0.43,0.29,0.00,0.00,0.14,0.00,0.19,0.19,0.19,0.37,1.57,3.86,8.00,0.29,0.14,0.43,0.29,0.43,0.18,0.19,0.37,0.18,0.37,Matches
366,Pierre Højbjerg,dk DEN,MF,Marseille,fr Ligue 1,30-151,1995,14,12,"1,122",12.5,0.16,0.08,0.24,0.16,0.00,0.00,0.16,0.00,0.12,0.12,0.08,0.21,1.60,8.00,1.60,0.16,0.08,0.24,0.16,0.24,0.12,0.08,0.21,0.12,0.21,Matches
367,George Ilenikhena,ng NGA,"FW,MF",Monaco,fr Ligue 1,19-140,2006,12,2,286,3.2,0.63,0.00,0.63,0.63,0.00,0.00,0.00,0.00,0.37,0.37,0.09,0.47,1.56,1.56,6.88,0.63,0.00,0.63,0.63,0.63,0.37,0.10,0.48,0.37,0.48,Matches
368,Alexander Isak,se SWE,FW,Liverpool,eng Premier League,26-104,1999,10,6,504,5.6,0.36,0.18,0.54,0.36,0.00,0.00,0.00,0.00,0.36,0.36,0.11,0.46,01.07,1.43,4.29,0.36,0.18,0.54,0.36,0.54,0.37,0.11,0.47,0.37,0.47,Matches
369,Gustav Isaksen,dk DEN,FW,Lazio,it Serie A,24-259,2001,11,7,618,6.9,0.29,0.00,0.29,0.29,0.00,0.00,0.00,0.00,0.25,0.25,0.06,0.30,3.91,0.87,6.96,0.29,0.00,0.29,0.29,0.29,0.25,0.06,0.31,0.25,0.31,Matches
370,Alex Iwobi,ng NGA,"MF,FW",Fulham,eng Premier League,29-245,1996,16,16,"1,328",14.8,0.14,0.14,0.27,0.14,0.00,0.00,0.14,0.00,0.05,0.05,0.14,0.19,3.45,5.81,4.66,0.14,0.14,0.27,0.14,0.27,0.05,0.14,0.19,0.05,0.19,Matches
371,Lee Jae-sung,kr KOR,"MF,FW",Mainz 05,de Bundesliga,33-146,1992,13,13,"1,06",11.8,0.17,0.00,0.17,0.17,0.00,0.00,0.08,0.00,0.14,0.14,0.09,0.24,0.42,02.03,5.34,0.17,0.00,0.17,0.17,0.17,0.14,0.09,0.23,0.14,0.23,Matches
372,Reece James,eng ENG,"DF,MF",Chelsea,eng Premier League,26-026,1999,18,13,"1,249",13.9,0.14,0.29,0.43,0.14,0.00,0.00,0.22,0.00,0.06,0.06,0.22,0.29,1.29,5.83,2.16,0.14,0.29,0.43,0.14,0.43,0.06,0.22,0.29,0.06,0.29,Matches
373,Mathias Jensen,dk DEN,MF,Brentford,eng Premier League,30-002,1996,17,7,634,7.0,0.29,0.00,0.29,0.29,0.00,0.00,0.14,0.00,0.09,0.09,0.03,0.11,0.71,5.57,3.71,0.28,0.00,0.28,0.28,0.28,0.09,0.03,0.12,0.09,0.12,Matches
374,Brennan Johnson,wls WAL,"FW,MF",Tottenham,eng Premier League,24-225,2001,16,6,610,6.8,0.29,0.00,0.29,0.29,0.00,0.00,0.29,0.00,0.15,0.15,0.06,0.21,2.50,1.76,5.88,0.30,0.00,0.30,0.30,0.30,0.15,0.06,0.21,0.15,0.21,Matches
375,Mateo Joseph,es ESP,"FW,MF",Mallorca,es La Liga,22-076,2003,16,12,"1,055",11.7,0.17,0.09,0.26,0.17,0.00,0.00,0.17,0.00,0.30,0.30,0.06,0.36,1.28,0.85,4.44,0.17,0.09,0.26,0.17,0.26,0.30,0.06,0.35,0.30,0.35,Matches
376,Ferran Jutglà,es ESP,"FW,MF",Celta Vigo,es La Liga,26-336,1999,14,10,727,8.1,0.25,0.12,0.37,0.25,0.00,0.00,0.37,0.00,0.28,0.28,0.09,0.37,1.98,1.23,8.15,0.25,0.12,0.37,0.25,0.37,0.28,0.09,0.37,0.28,0.37,Matches
377,Martijn Kaars,nl NED,"FW,MF",St. Pauli,de Bundesliga,26-304,1999,12,6,589,6.5,0.31,0.00,0.31,0.31,0.00,0.00,0.00,0.00,0.22,0.22,0.02,0.23,2.00,1.38,7.54,0.31,0.00,0.31,0.31,0.31,0.21,0.02,0.23,0.21,0.23,Matches
378,Anton Kade,de GER,"DF,MF",Augsburg,de Bundesliga,21-351,2004,10,7,669,7.4,0.27,0.00,0.27,0.27,0.00,0.00,0.27,0.00,0.26,0.26,0.16,0.42,1.49,3.38,5.68,0.27,0.00,0.27,0.27,0.27,0.26,0.16,0.42,0.26,0.42,Matches
379,Michael Keane,eng ENG,DF,Everton,eng Premier League,32-357,1993,17,17,"1,504",16.7,0.12,0.00,0.12,0.12,0.00,0.00,0.00,0.00,0.07,0.07,0.01,0.07,0.24,2.22,0.30,0.12,0.00,0.12,0.12,0.12,0.07,0.01,0.07,0.07,0.07,Matches
380,Marc-Oliver Kempf,de GER,DF,Como,it Serie A,30-340,1995,14,8,726,8.1,0.25,0.00,0.25,0.25,0.00,0.00,0.12,0.00,0.12,0.12,0.00,0.12,0.74,1.48,0.12,0.25,0.00,0.25,0.25,0.25,0.12,0.01,0.12,0.12,0.12,Matches
381,Semih Kılıçsoy,tr TUR,FW,Cagliari,it Serie A,20-141,2005,9,3,308,3.4,0.59,0.00,0.59,0.59,0.00,0.00,0.29,0.00,0.21,0.21,0.09,0.26,1.18,1.47,5.29,0.58,0.00,0.58,0.58,0.58,0.19,0.08,0.27,0.19,0.27,Matches
382,Justin Kluivert,nl NED,MF,Bournemouth,eng Premier League,26-243,1999,17,9,846,9.4,0.21,0.00,0.21,0.21,0.00,0.00,0.43,0.00,0.23,0.23,0.14,0.37,2.13,3.51,7.55,0.21,0.00,0.21,0.21,0.21,0.23,0.14,0.38,0.23,0.38,Matches
383,Ansgar Knauff,de GER,"FW,MF",Eint Frankfurt,de Bundesliga,23-358,2002,14,8,751,8.3,0.24,0.12,0.36,0.24,0.00,0.00,0.24,0.00,0.23,0.23,0.28,0.51,3.49,1.69,11.0,0.24,0.12,0.36,0.24,0.36,0.23,0.28,0.50,0.23,0.50,Matches
384,Robin Koch,de GER,DF,Eint Frankfurt,de Bundesliga,29-170,1996,15,15,"1,321",14.7,0.14,0.00,0.14,0.14,0.00,0.00,0.00,0.00,0.06,0.06,0.01,0.07,0.20,4.90,0.34,0.14,0.00,0.14,0.14,0.14,0.06,0.01,0.08,0.06,0.08,Matches
385,Koke,es ESP,MF,Atlético Madrid,es La Liga,33-360,1992,17,13,"1,181",13.1,0.15,0.15,0.31,0.15,0.00,0.00,0.31,0.00,0.02,0.02,0.10,0.12,0.23,6.26,0.92,0.15,0.15,0.30,0.15,0.30,0.02,0.10,0.13,0.02,0.13,Matches
Rk,Player,Nation,Pos,Squad,Comp,Age,Born,MP,Starts,Min,90s,Gls,Ast,G+A,G-PK,PK,PKatt,CrdY,CrdR,xG,npxG,xAG,npxG+xAG,PrgC,PrgP,PrgR,Gls,Ast,G+A,G-PK,G+A-PK,xG,xAG,xG+xAG,npxG,npxG+xAG,Matches
386,Mert Kömür,de GER,"FW,MF",Augsburg,de Bundesliga,20-170,2005,14,9,842,9.4,0.21,0.21,0.43,0.21,0.00,0.00,0.11,0.00,0.28,0.28,0.14,0.41,2.34,2.77,4.89,0.21,0.21,0.43,0.21,0.43,0.28,0.14,0.42,0.28,0.42,Matches
387,Filip Kostić,rs SRB,"DF,FW",Juventus,it Serie A,33-063,1992,11,4,370,4.1,0.49,0.24,0.73,0.49,0.00,0.00,0.00,0.00,0.10,0.10,0.17,0.27,2.44,2.93,6.83,0.49,0.24,0.73,0.49,0.73,0.10,0.16,0.26,0.10,0.26,Matches
388,Jean-Philippe Krasso,ci CIV,FW,Paris FC,fr Ligue 1,28-170,1997,16,8,720,8.0,0.25,0.25,0.50,0.13,0.13,0.13,0.00,0.00,0.31,0.21,0.28,0.49,0.63,1.25,5.63,0.25,0.25,0.50,0.12,0.37,0.31,0.27,0.58,0.21,0.49,Matches
389,Ladislav Krejčí,cz CZE,"DF,MF",Wolves,eng Premier League,26-258,1999,14,14,"1,233",13.7,0.15,0.07,0.22,0.15,0.00,0.00,0.15,0.00,0.15,0.15,0.06,0.20,0.73,4.45,0.66,0.15,0.07,0.22,0.15,0.22,0.14,0.06,0.20,0.14,0.20,Matches
390,Nikola Krstović,me MNE,FW,Atalanta,it Serie A,25-273,2000,13,6,558,6.2,0.32,0.48,0.81,0.32,0.00,0.00,0.16,0.00,0.61,0.61,0.08,0.71,1.45,2.58,6.61,0.32,0.48,0.81,0.32,0.81,0.62,0.09,0.70,0.62,0.70,Matches
391,Lukas Kübler,de GER,DF,Freiburg,de Bundesliga,33-126,1992,12,11,894,9.9,0.20,0.10,0.30,0.20,0.00,0.00,0.20,0.00,0.30,0.30,0.04,0.34,01.01,3.23,2.63,0.20,0.10,0.30,0.20,0.30,0.30,0.04,0.34,0.30,0.34,Matches
392,Takefusa Kubo,jp JPN,"MF,FW",Real Sociedad,es La Liga,24-213,2001,15,10,933,10.4,0.19,0.10,0.29,0.19,0.00,0.00,0.00,0.00,0.19,0.19,0.15,0.35,4.90,3.17,8.75,0.19,0.10,0.29,0.19,0.29,0.20,0.16,0.35,0.20,0.35,Matches
393,Mohammed Kudus,gh GHA,"FW,MF",Tottenham,eng Premier League,25-154,2000,18,18,"1,517",16.9,0.12,0.30,0.41,0.12,0.00,0.00,0.18,0.00,0.11,0.11,0.17,0.28,3.31,2.49,7.87,0.12,0.30,0.42,0.12,0.42,0.11,0.17,0.28,0.11,0.28,Matches
394,Rémy Labeau Lascary,gp GLP,"FW,MF",Brest,fr Ligue 1,22-306,2003,10,2,298,3.3,0.61,0.00,0.61,0.61,0.00,0.00,0.30,0.00,0.67,0.67,0.00,0.70,2.73,1.52,5.76,0.60,0.00,0.60,0.60,0.60,0.67,0.01,0.68,0.67,0.68,Matches
395,Konrad Laimer,at AUT,DF,Bayern Munich,de Bundesliga,28-221,1997,14,11,996,11.1,0.18,0.27,0.45,0.18,0.00,0.00,0.45,0.00,0.15,0.15,0.24,0.41,3.60,7.57,7.57,0.18,0.27,0.45,0.18,0.45,0.16,0.25,0.41,0.16,0.41,Matches
396,Théo Le Bris,fr FRA,DF,Lorient,fr Ligue 1,23-094,2002,15,10,901,10.0,0.20,0.10,0.30,0.20,0.00,0.00,0.00,0.00,0.11,0.11,0.07,0.18,2.30,2.60,7.00,0.20,0.10,0.30,0.20,0.30,0.11,0.07,0.18,0.11,0.18,Matches
397,Enzo Le Fée,fr FRA,"MF,FW",Sunderland,eng Premier League,25-334,2000,18,16,"1,395",15.5,0.13,0.19,0.32,0.00,0.13,0.13,0.26,0.00,0.14,0.05,0.14,0.18,1.74,2.84,5.10,0.13,0.19,0.32,0.00,0.19,0.14,0.14,0.28,0.04,0.18,Matches
398,Keane Lewis-Potter,eng ENG,"FW,DF",Brentford,eng Premier League,24-315,2001,17,9,825,9.2,0.22,0.11,0.33,0.22,0.00,0.00,0.11,0.00,0.13,0.13,0.10,0.23,02.07,2.61,5.43,0.22,0.11,0.33,0.22,0.33,0.13,0.10,0.23,0.13,0.23,Matches
399,Danny Loader,cm CMR,"FW,MF",Auxerre,fr Ligue 1,25-128,2000,14,13,"1,182",13.1,0.15,0.08,0.23,0.15,0.00,0.00,0.31,0.00,0.27,0.27,0.18,0.44,02.06,1.98,4.58,0.15,0.08,0.23,0.15,0.23,0.27,0.18,0.44,0.27,0.44,Matches
400,Ademola Lookman,ng NGA,"FW,MF",Atalanta,it Serie A,28-075,1997,11,9,783,8.7,0.23,0.00,0.23,0.23,0.00,0.00,0.00,0.00,0.30,0.30,0.14,0.44,05.06,2.53,8.97,0.23,0.00,0.23,0.23,0.23,0.30,0.14,0.44,0.30,0.44,Matches
401,Shuto Machino,jp JPN,"FW,MF",Gladbach,de Bundesliga,26-095,1999,14,6,593,6.6,0.30,0.00,0.30,0.30,0.00,0.00,0.15,0.00,0.15,0.15,0.06,0.21,01.06,1.21,4.85,0.30,0.00,0.30,0.30,0.30,0.16,0.06,0.22,0.16,0.22,Matches
402,Gabriel Magalhães,br BRA,DF,Arsenal,eng Premier League,28-015,1997,13,12,"1,086",12.1,0.17,0.17,0.33,0.17,0.00,0.00,0.08,0.00,0.10,0.10,0.12,0.22,0.50,3.55,0.08,0.17,0.17,0.33,0.17,0.33,0.10,0.12,0.22,0.10,0.22,Matches
403,Lovro Majer,hr CRO,MF,Wolfsburg,de Bundesliga,27-351,1998,13,9,759,8.4,0.24,0.24,0.48,0.24,0.00,0.00,0.36,0.00,0.21,0.21,0.13,0.35,2.26,4.76,3.69,0.24,0.24,0.47,0.24,0.47,0.21,0.13,0.34,0.21,0.34,Matches
404,Ruslan Malinovskyi,ua UKR,MF,Genoa,it Serie A,32-244,1993,15,14,"1,065",11.8,0.17,0.08,0.25,0.08,0.08,0.08,0.42,0.00,0.13,0.06,0.13,0.19,1.36,5.00,2.29,0.17,0.08,0.25,0.08,0.17,0.12,0.13,0.25,0.06,0.18,Matches
405,Vincent Marchetti,fr FRA,MF,Paris FC,fr Ligue 1,28-183,1997,12,8,634,7.0,0.29,0.00,0.29,0.29,0.00,0.00,0.14,0.00,0.29,0.29,0.01,0.29,1.00,3.57,1.14,0.28,0.00,0.28,0.28,0.28,0.28,0.01,0.29,0.28,0.29,Matches
406,Mario Martín,es ESP,"MF,FW",Getafe,es La Liga,21-304,2004,17,15,"1,108",12.3,0.16,0.00,0.16,0.16,0.00,0.00,0.49,0.00,0.07,0.07,0.02,0.08,1.30,1.87,3.74,0.16,0.00,0.16,0.16,0.16,0.06,0.01,0.08,0.06,0.08,Matches
407,Toni Martínez,es ESP,FW,Alavés,es La Liga,28-187,1997,16,11,"1,009",11.2,0.18,0.09,0.27,0.18,0.00,0.00,0.00,0.00,0.26,0.26,0.02,0.28,0.71,0.80,3.93,0.18,0.09,0.27,0.18,0.27,0.26,0.02,0.28,0.26,0.28,Matches
408,Igor Matanovic,hr CRO,FW,Freiburg,de Bundesliga,22-278,2003,12,0,259,2.9,0.69,0.00,0.69,0.34,0.34,0.34,0.00,0.00,0.59,0.31,0.14,0.45,0.34,0.69,3.79,0.69,0.00,0.69,0.35,0.35,0.60,0.13,0.73,0.33,0.46,Matches
409,Pape Matar Sarr,sn SEN,MF,Tottenham,eng Premier League,23-111,2002,14,7,709,7.9,0.25,0.25,0.51,0.25,0.00,0.00,0.00,0.00,0.13,0.13,0.09,0.22,1.77,3.42,3.16,0.25,0.25,0.51,0.25,0.51,0.13,0.09,0.22,0.13,0.22,Matches
410,Jean Mattéo Bahoya,fr FRA,"FW,MF",Eint Frankfurt,de Bundesliga,20-241,2005,14,8,624,6.9,0.29,0.14,0.43,0.29,0.00,0.00,0.00,0.00,0.20,0.20,0.25,0.45,04.06,2.32,8.12,0.29,0.14,0.43,0.29,0.43,0.21,0.24,0.45,0.21,0.45,Matches
411,Senny Mayulu,fr FRA,"MF,FW",Paris S-G,fr Ligue 1,19-231,2006,12,10,787,8.7,0.23,0.23,0.46,0.23,0.00,0.00,0.11,0.00,0.28,0.28,0.18,0.45,2.30,2.18,5.86,0.23,0.23,0.46,0.23,0.46,0.27,0.18,0.45,0.27,0.45,Matches
412,Ibrahim Maza,dz ALG,MF,Leverkusen,de Bundesliga,20-040,2005,12,7,684,7.6,0.26,0.13,0.39,0.26,0.00,0.00,0.13,0.00,0.21,0.21,0.08,0.28,2.63,6.45,6.18,0.26,0.13,0.39,0.26,0.39,0.21,0.08,0.28,0.21,0.28,Matches
413,Scott McTominay,sct SCO,MF,Napoli,it Serie A,29-026,1996,15,14,"1,261",14.0,0.14,0.21,0.36,0.14,0.00,0.00,0.07,0.00,0.27,0.27,0.07,0.35,1.36,2.64,4.43,0.14,0.21,0.36,0.14,0.36,0.27,0.07,0.35,0.27,0.35,Matches
414,Nuno Mendes,pt POR,DF,Paris S-G,fr Ligue 1,23-198,2002,10,6,580,6.4,0.31,0.31,0.63,0.31,0.00,0.00,0.16,0.00,0.22,0.22,0.25,0.47,3.91,6.25,8.28,0.31,0.31,0.62,0.31,0.62,0.22,0.24,0.46,0.22,0.46,Matches
415,Maximilian Mittelstädt,de GER,DF,Stuttgart,de Bundesliga,28-291,1997,14,11,937,10.4,0.19,0.29,0.48,0.10,0.10,0.10,0.19,0.00,0.13,0.06,0.18,0.25,1.83,6.15,4.23,0.19,0.29,0.48,0.10,0.38,0.14,0.19,0.32,0.06,0.25,Matches
416,Terem Moffi,ng NGA,FW,Nice,fr Ligue 1,26-223,1999,10,6,488,5.4,0.37,0.00,0.37,0.37,0.00,0.00,0.00,0.00,0.61,0.61,0.09,0.70,0.74,1.67,4.26,0.37,0.00,0.37,0.37,0.37,0.60,0.10,0.70,0.60,0.70,Matches
417,Mostafa Mohamed,eg EGY,FW,Nantes,fr Ligue 1,28-036,1997,15,8,753,8.4,0.24,0.00,0.24,0.24,0.00,0.00,0.12,0.00,0.19,0.19,0.01,0.20,0.60,0.95,2.14,0.24,0.00,0.24,0.24,0.24,0.19,0.01,0.20,0.19,0.20,Matches
418,Afonso Moreira,pt POR,FW,Lyon,fr Ligue 1,20-290,2005,14,5,565,6.3,0.32,0.63,0.95,0.32,0.00,0.00,0.32,0.00,0.13,0.13,0.49,0.62,4.29,02.06,13.2,0.32,0.64,0.96,0.32,0.96,0.13,0.49,0.63,0.13,0.63,Matches
419,Tarik Muharemovic,ba BIH,DF,Sassuolo,it Serie A,22-309,2003,14,14,"1,26",14.0,0.14,0.14,0.29,0.14,0.00,0.00,0.29,0.00,0.06,0.06,0.06,0.11,0.36,3.00,0.07,0.14,0.14,0.29,0.14,0.29,0.06,0.06,0.12,0.06,0.12,Matches
420,Víctor Muñoz,es ESP,"FW,MF",Osasuna,es La Liga,22-174,2003,17,15,"1,217",13.5,0.15,0.07,0.22,0.15,0.00,0.00,0.15,0.00,0.13,0.13,0.06,0.19,3.78,0.59,6.74,0.15,0.07,0.22,0.15,0.22,0.13,0.06,0.19,0.13,0.19,Matches
Rk,Player,Nation,Pos,Squad,Comp,Age,Born,MP,Starts,Min,90s,Gls,Ast,G+A,G-PK,PK,PKatt,CrdY,CrdR,xG,npxG,xAG,npxG+xAG,PrgC,PrgP,PrgR,Gls,Ast,G+A,G-PK,G+A-PK,xG,xAG,xG+xAG,npxG,npxG+xAG,Matches
421,Jacob Murphy,eng ENG,FW,Newcastle Utd,eng Premier League,30-313,1995,16,11,913,10.1,0.20,0.10,0.30,0.20,0.00,0.00,0.00,0.00,0.28,0.28,0.35,0.62,2.57,3.37,10.9,0.20,0.10,0.30,0.20,0.30,0.28,0.34,0.62,0.28,0.62,Matches
422,Konan N'dri,ci CIV,"FW,MF",Lecce,it Serie A,25-068,2000,11,0,210,2.3,0.87,0.00,0.87,0.87,0.00,0.00,0.87,0.00,0.13,0.13,0.09,0.22,6.52,1.74,11.3,0.86,0.00,0.86,0.86,0.86,0.13,0.07,0.20,0.13,0.20,Matches
423,Sebastian Nanasi,se SWE,MF,Strasbourg,fr Ligue 1,23-232,2002,7,4,334,3.7,0.54,0.27,0.81,0.54,0.00,0.00,0.00,0.00,0.41,0.41,0.43,0.84,2.70,5.68,8.65,0.54,0.27,0.81,0.54,0.81,0.39,0.44,0.83,0.39,0.83,Matches
424,Eddie Nketiah,eng ENG,"MF,FW",Crystal Palace,eng Premier League,26-218,1999,12,2,424,4.7,0.43,0.00,0.43,0.43,0.00,0.00,0.43,0.00,0.40,0.40,0.19,0.62,3.40,1.91,5.11,0.42,0.00,0.42,0.42,0.42,0.41,0.20,0.61,0.41,0.61,Matches
425,Christopher Nkunku,fr FRA,FW,Milan,it Serie A,28-050,1997,12,6,618,6.9,0.29,0.29,0.58,0.14,0.14,0.14,0.00,0.00,0.51,0.39,0.07,0.46,0.43,2.61,7.39,0.29,0.29,0.58,0.15,0.44,0.51,0.07,0.58,0.39,0.46,Matches
426,Tijjani Noslin,nl NED,"FW,MF",Lazio,it Serie A,26-180,1999,12,1,236,2.6,0.77,0.00,0.77,0.77,0.00,0.00,0.00,0.00,0.54,0.54,0.08,0.62,1.92,1.54,7.69,0.76,0.00,0.76,0.76,0.76,0.55,0.06,0.61,0.55,0.61,Matches
427,Noah Okafor,ch SUI,"FW,MF",Leeds United,eng Premier League,25-224,2000,16,12,951,10.6,0.19,0.00,0.19,0.19,0.00,0.00,0.19,0.00,0.25,0.25,0.09,0.34,3.21,2.36,7.26,0.19,0.00,0.19,0.19,0.19,0.25,0.09,0.34,0.25,0.34,Matches
428,Tani Oluwaseyi,ca CAN,FW,Villarreal,es La Liga,25-233,2000,13,4,467,5.2,0.38,0.19,0.58,0.38,0.00,0.00,0.00,0.00,0.62,0.62,0.25,0.88,2.12,0.96,3.46,0.39,0.19,0.58,0.39,0.58,0.63,0.26,0.88,0.63,0.88,Matches
429,Amadou Onana,be BEL,MF,Aston Villa,eng Premier League,24-140,2001,14,11,888,9.9,0.20,0.00,0.20,0.20,0.00,0.00,0.20,0.00,0.04,0.04,0.01,0.06,1.11,04.04,0.40,0.20,0.00,0.20,0.20,0.20,0.04,0.01,0.06,0.04,0.06,Matches
430,Abdoul Ouattara,fr FRA,"DF,MF",Strasbourg,fr Ligue 1,20-073,2005,13,10,842,9.4,0.21,0.00,0.21,0.21,0.00,0.00,0.11,0.00,0.16,0.16,0.15,0.30,1.70,3.30,06.06,0.21,0.00,0.21,0.21,0.21,0.16,0.15,0.30,0.16,0.30,Matches
431,João Palhinha,pt POR,MF,Tottenham,eng Premier League,30-178,1995,18,13,"1,195",13.3,0.15,0.15,0.30,0.15,0.00,0.00,0.30,0.00,0.06,0.06,0.02,0.08,0.60,3.23,0.90,0.15,0.15,0.30,0.15,0.30,0.06,0.02,0.08,0.06,0.08,Matches
432,Strahinja Pavlović,rs SRB,DF,Milan,it Serie A,24-224,2001,16,16,"1,372",15.2,0.13,0.07,0.20,0.13,0.00,0.00,0.07,0.00,0.12,0.12,0.03,0.15,1.84,4.14,01.05,0.13,0.07,0.20,0.13,0.20,0.12,0.03,0.15,0.12,0.15,Matches
433,Pedri,es ESP,MF,Barcelona,es La Liga,23-039,2002,14,13,"1,097",12.2,0.16,0.41,0.57,0.16,0.00,0.00,0.16,0.08,0.07,0.07,0.25,0.34,4.34,11.2,4.43,0.16,0.41,0.57,0.16,0.57,0.08,0.26,0.33,0.08,0.33,Matches
434,Lorenzo Pellegrini,it ITA,MF,Roma,it Serie A,29-198,1996,12,9,709,7.9,0.25,0.00,0.25,0.13,0.13,0.13,0.13,0.00,0.39,0.29,0.11,0.41,2.91,5.19,6.84,0.25,0.00,0.25,0.13,0.13,0.39,0.11,0.51,0.29,0.41,Matches
435,Nicolas Pépé,ci CIV,"FW,MF",Villarreal,es La Liga,30-219,1995,15,10,935,10.4,0.19,0.10,0.29,0.19,0.00,0.00,0.19,0.00,0.47,0.47,0.22,0.69,5.38,5.38,8.94,0.19,0.10,0.29,0.19,0.29,0.47,0.22,0.69,0.47,0.69,Matches
436,Ayoze Pérez,es ESP,FW,Villarreal,es La Liga,32-158,1993,9,4,401,4.5,0.44,0.67,1.11,0.44,0.00,0.00,0.22,0.00,0.40,0.40,0.20,0.58,2.89,4.00,4.89,0.45,0.67,1.12,0.45,1.12,0.39,0.19,0.58,0.39,0.58,Matches
437,Romain Perraud,fr FRA,DF,Lille,fr Ligue 1,28-103,1997,14,14,"1,15",12.8,0.16,0.23,0.39,0.16,0.00,0.00,0.23,0.08,0.06,0.06,0.17,0.23,2.50,6.56,6.41,0.16,0.23,0.39,0.16,0.39,0.06,0.17,0.23,0.06,0.23,Matches
438,Tommaso Pobega,it ITA,MF,Bologna,it Serie A,26-172,1999,12,8,782,8.7,0.23,0.00,0.23,0.23,0.00,0.00,0.11,0.00,0.15,0.15,0.07,0.22,0.34,2.87,1.61,0.23,0.00,0.23,0.23,0.23,0.15,0.06,0.22,0.15,0.22,Matches
439,Javi Puado,es ESP,"FW,MF",Espanyol,es La Liga,27-223,1998,8,8,661,7.3,0.27,0.00,0.27,0.14,0.14,0.27,0.27,0.00,0.48,0.26,0.11,0.37,3.29,3.97,5.62,0.27,0.00,0.27,0.14,0.14,0.47,0.11,0.59,0.26,0.37,Matches
440,Jacobo Ramón,es ESP,DF,Como,it Serie A,20-362,2005,14,13,"1,167",13.0,0.15,0.00,0.15,0.15,0.00,0.00,0.31,0.08,0.08,0.08,0.04,0.12,0.62,4.62,0.62,0.15,0.00,0.15,0.15,0.15,0.09,0.04,0.12,0.09,0.12,Matches
441,Marcus Rashford,eng ENG,FW,Barcelona,es La Liga,28-064,1997,17,11,"1,065",11.8,0.17,0.51,0.68,0.17,0.00,0.00,0.17,0.00,0.34,0.34,0.26,0.60,4.41,3.22,13.1,0.17,0.51,0.68,0.17,0.68,0.34,0.26,0.60,0.34,0.60,Matches
442,David Raum,de GER,DF,RB Leipzig,de Bundesliga,27-256,1998,15,15,"1,326",14.7,0.14,0.07,0.20,0.07,0.07,0.07,0.27,0.00,0.12,0.07,0.29,0.36,2.11,5.58,2.45,0.14,0.07,0.20,0.07,0.14,0.13,0.28,0.41,0.07,0.36,Matches
443,Declan Rice,eng ENG,MF,Arsenal,eng Premier League,26-354,1999,18,17,"1,516",16.8,0.12,0.18,0.30,0.12,0.00,0.00,0.06,0.00,0.11,0.11,0.20,0.31,03.04,7.32,2.74,0.12,0.18,0.30,0.12,0.30,0.11,0.20,0.31,0.11,0.31,Matches
444,Joe Rodon,wls WAL,DF,Leeds United,eng Premier League,28-073,1997,18,18,"1,56",17.3,0.12,0.00,0.12,0.12,0.00,0.00,0.06,0.00,0.05,0.05,0.02,0.08,0.81,3.93,0.35,0.12,0.00,0.12,0.12,0.12,0.05,0.02,0.07,0.05,0.07,Matches
445,Cristian Romero,ar ARG,DF,Tottenham,eng Premier League,27-251,1998,15,14,"1,277",14.2,0.14,0.07,0.21,0.14,0.00,0.00,0.63,0.07,0.06,0.06,0.02,0.08,0.28,3.31,0.07,0.14,0.07,0.21,0.14,0.21,0.06,0.02,0.08,0.06,0.08,Matches
446,Salomón Rondón,ve VEN,FW,Oviedo,es La Liga,36-109,1989,16,13,"1,032",11.5,0.17,0.00,0.17,0.17,0.00,0.09,0.17,0.00,0.26,0.19,0.02,0.22,0.52,1.57,3.22,0.17,0.00,0.17,0.17,0.17,0.26,0.02,0.28,0.20,0.22,Matches
447,Alexis Saelemaekers,be BEL,"DF,FW",Milan,it Serie A,26-190,1999,17,17,"1,469",16.3,0.12,0.12,0.25,0.12,0.00,0.00,0.12,0.00,0.12,0.12,0.09,0.21,03.01,3.37,7.79,0.12,0.12,0.25,0.12,0.25,0.12,0.09,0.21,0.12,0.21,Matches
448,Mama Samba Baldé,gw GNB,FW,Brest,fr Ligue 1,30-058,1995,12,7,621,6.9,0.29,0.29,0.58,0.29,0.00,0.00,0.00,0.00,0.38,0.38,0.09,0.48,2.75,1.16,6.23,0.29,0.29,0.58,0.29,0.58,0.38,0.09,0.47,0.38,0.47,Matches
449,Alexis Sánchez,cl CHI,"FW,MF",Sevilla,es La Liga,37-015,1988,12,5,613,6.8,0.29,0.15,0.44,0.15,0.15,0.15,0.00,0.00,0.21,0.09,0.18,0.26,0.88,4.41,4.12,0.29,0.15,0.44,0.15,0.29,0.21,0.18,0.38,0.09,0.27,Matches
450,Ibrahim Sangaré,ci CIV,MF,Nott'ham Forest,eng Premier League,28-032,1997,13,11,865,9.6,0.21,0.21,0.42,0.21,0.00,0.00,0.21,0.00,0.07,0.07,0.09,0.18,01.04,06.04,0.52,0.21,0.21,0.42,0.21,0.42,0.08,0.10,0.17,0.08,0.17,Matches
451,Martin Satriano,uy URU,FW,Lyon,fr Ligue 1,24-317,2001,10,8,691,7.7,0.26,0.13,0.39,0.26,0.00,0.00,0.13,0.00,0.23,0.23,0.14,0.36,0.91,1.82,4.16,0.26,0.13,0.39,0.26,0.39,0.23,0.14,0.37,0.23,0.37,Matches
452,Nicolò Savona,it ITA,DF,Nott'ham Forest,eng Premier League,22-290,2003,13,11,"1,006",11.2,0.18,0.00,0.18,0.18,0.00,0.00,0.18,0.00,0.12,0.12,0.04,0.16,0.89,2.68,3.21,0.18,0.00,0.18,0.18,0.18,0.12,0.04,0.16,0.12,0.16,Matches
453,Xaver Schlager,at AUT,MF,RB Leipzig,de Bundesliga,28-097,1997,11,7,608,6.8,0.29,0.00,0.29,0.29,0.00,0.00,0.29,0.00,0.06,0.06,0.06,0.12,2.79,5.59,2.21,0.30,0.00,0.30,0.30,0.30,0.06,0.07,0.12,0.06,0.12,Matches
454,Romano Schmid,at AUT,"MF,FW",Werder Bremen,de Bundesliga,25-341,2000,15,15,"1,314",14.6,0.14,0.27,0.41,0.00,0.14,0.21,0.21,0.00,0.26,0.10,0.35,0.45,2.60,6.16,6.78,0.14,0.27,0.41,0.00,0.27,0.26,0.35,0.61,0.10,0.45,Matches
455,Suat Serdar,de GER,MF,Hellas Verona,it Serie A,28-267,1997,11,9,789,8.8,0.23,0.00,0.23,0.23,0.00,0.00,0.23,0.00,0.24,0.24,0.09,0.33,1.70,06.02,1.25,0.23,0.00,0.23,0.23,0.23,0.24,0.09,0.33,0.24,0.33,Matches
Rk,Player,Nation,Pos,Squad,Comp,Age,Born,MP,Starts,Min,90s,Gls,Ast,G+A,G-PK,PK,PKatt,CrdY,CrdR,xG,npxG,xAG,npxG+xAG,PrgC,PrgP,PrgR,Gls,Ast,G+A,G-PK,G+A-PK,xG,xAG,xG+xAG,npxG,npxG+xAG,Matches
456,Benjamin Šeško,si SVN,FW,Manchester Utd,eng Premier League,22-217,2003,15,9,864,9.6,0.21,0.10,0.31,0.21,0.00,0.00,0.10,0.00,0.32,0.32,0.04,0.35,0.73,01.04,4.38,0.21,0.10,0.31,0.21,0.31,0.32,0.04,0.36,0.32,0.36,Matches
457,Ryan Sessegnon,eng ENG,DF,Fulham,eng Premier League,25-230,2000,13,13,"1,106",12.3,0.16,0.00,0.16,0.16,0.00,0.00,0.00,0.00,0.07,0.07,0.08,0.15,2.20,3.41,4.55,0.16,0.00,0.16,0.16,0.16,0.07,0.08,0.15,0.07,0.15,Matches
458,Djibril Sidibé,fr FRA,"DF,MF",Toulouse,fr Ligue 1,33-158,1992,17,13,"1,093",12.1,0.17,0.25,0.41,0.08,0.08,0.17,0.08,0.00,0.16,0.03,0.14,0.17,1.32,3.72,4.21,0.16,0.25,0.41,0.08,0.33,0.16,0.14,0.30,0.03,0.17,Matches
459,Armindo Sieb,de GER,"FW,MF",Mainz 05,de Bundesliga,22-320,2003,12,2,339,3.8,0.53,0.00,0.53,0.53,0.00,0.00,0.26,0.00,0.42,0.42,0.11,0.53,2.89,0.53,7.37,0.53,0.00,0.53,0.53,0.53,0.43,0.09,0.53,0.43,0.53,Matches
460,Giuliano Simeone,ar ARG,"MF,FW",Atlético Madrid,es La Liga,23-016,2002,17,14,"1,27",14.1,0.14,0.28,0.43,0.14,0.00,0.00,0.07,0.00,0.23,0.23,0.21,0.44,2.91,2.48,9.22,0.14,0.28,0.43,0.14,0.43,0.23,0.21,0.44,0.23,0.44,Matches
461,Danel Sinani,lu LUX,"MF,FW",St. Pauli,de Bundesliga,28-273,1997,14,9,875,9.7,0.21,0.21,0.41,0.10,0.10,0.10,0.21,0.00,0.18,0.10,0.18,0.27,1.34,5.98,5.98,0.21,0.21,0.41,0.10,0.31,0.17,0.17,0.34,0.10,0.27,Matches
462,Carlos Soler,es ESP,MF,Real Sociedad,es La Liga,29-001,1997,14,8,769,8.5,0.24,0.12,0.35,0.24,0.00,0.00,0.24,0.00,0.13,0.13,0.09,0.21,1.88,6.47,2.24,0.23,0.12,0.35,0.23,0.35,0.13,0.09,0.21,0.13,0.21,Matches
463,Tomáš Souček,cz CZE,"MF,FW",West Ham,eng Premier League,30-310,1995,16,6,591,6.6,0.30,0.00,0.30,0.30,0.00,0.00,0.00,0.15,0.35,0.35,0.00,0.35,0.30,2.73,1.82,0.30,0.00,0.30,0.30,0.30,0.35,0.00,0.35,0.35,0.35,Matches
464,Djibril Sow,ch SUI,MF,Sevilla,es La Liga,28-331,1997,13,12,916,10.2,0.20,0.00,0.20,0.20,0.00,0.00,0.29,0.00,0.05,0.05,0.05,0.09,1.47,4.61,1.86,0.20,0.00,0.20,0.20,0.20,0.04,0.05,0.09,0.04,0.09,Matches
465,Josip Stanišić,hr CRO,DF,Bayern Munich,de Bundesliga,25-276,2000,10,7,708,7.9,0.25,0.25,0.51,0.25,0.00,0.00,0.13,0.00,0.13,0.13,0.14,0.28,2.53,7.22,5.82,0.25,0.25,0.51,0.25,0.51,0.13,0.14,0.27,0.13,0.27,Matches
466,Kamaldeen Sulemana,gh GHA,MF,Atalanta,it Serie A,23-322,2002,13,6,555,6.2,0.32,0.16,0.48,0.32,0.00,0.00,0.48,0.00,0.15,0.15,0.15,0.29,3.71,4.19,09.03,0.32,0.16,0.49,0.32,0.49,0.14,0.15,0.29,0.14,0.29,Matches
467,Yuito Suzuki,jp JPN,"MF,FW",Freiburg,de Bundesliga,24-070,2001,10,7,626,7.0,0.29,0.14,0.43,0.29,0.00,0.00,0.00,0.00,0.36,0.36,0.09,0.44,2.14,2.43,4.00,0.29,0.14,0.43,0.29,0.43,0.36,0.09,0.45,0.36,0.45,Matches
468,Mattias Svanberg,se SWE,"MF,FW",Wolfsburg,de Bundesliga,26-363,1999,14,5,562,6.2,0.32,0.16,0.48,0.32,0.00,0.00,0.48,0.16,0.31,0.31,0.16,0.45,1.13,4.35,3.55,0.32,0.16,0.48,0.32,0.48,0.30,0.16,0.45,0.30,0.45,Matches
469,Dominik Szoboszlai,hu HUN,"MF,DF",Liverpool,eng Premier League,25-070,2000,18,18,"1,612",17.9,0.11,0.06,0.17,0.11,0.00,0.00,0.28,0.00,0.12,0.12,0.15,0.26,2.51,7.49,04.08,0.11,0.06,0.17,0.11,0.17,0.12,0.14,0.26,0.12,0.26,Matches
470,Musa Al-Taamari,jo JOR,"DF,FW",Rennes,fr Ligue 1,28-207,1997,15,9,905,10.1,0.20,0.30,0.50,0.20,0.00,0.00,0.30,0.00,0.24,0.24,0.27,0.50,3.66,1.39,7.33,0.20,0.30,0.50,0.20,0.50,0.24,0.26,0.50,0.24,0.50,Matches
471,Chemsdine Talbi,ma MAR,"FW,MF",Sunderland,eng Premier League,20-239,2005,16,9,886,9.8,0.20,0.10,0.31,0.20,0.00,0.00,0.00,0.00,0.12,0.12,0.03,0.15,2.45,01.02,5.61,0.20,0.10,0.30,0.20,0.30,0.12,0.03,0.15,0.12,0.15,Matches
472,Ao Tanaka,jp JPN,MF,Leeds United,eng Premier League,27-115,1998,16,7,699,7.8,0.26,0.00,0.26,0.26,0.00,0.00,0.13,0.00,0.10,0.10,0.08,0.18,0.64,4.10,2.56,0.26,0.00,0.26,0.26,0.26,0.11,0.08,0.18,0.11,0.18,Matches
473,Mathys Tel,fr FRA,FW,Tottenham,eng Premier League,20-251,2005,12,3,293,3.3,0.61,0.00,0.61,0.61,0.00,0.00,0.00,0.00,0.15,0.15,0.00,0.15,1.82,1.21,5.76,0.61,0.00,0.61,0.61,0.61,0.15,0.01,0.16,0.15,0.16,Matches
474,Filippo Terracciano,it ITA,DF,Cremonese,it Serie A,22-329,2003,16,16,"1,429",15.9,0.13,0.00,0.13,0.13,0.00,0.00,0.19,0.00,0.13,0.13,0.01,0.13,0.57,3.14,0.69,0.13,0.00,0.13,0.13,0.13,0.12,0.01,0.13,0.12,0.13,Matches
475,Malick Thiaw,de GER,DF,Newcastle Utd,eng Premier League,24-148,2001,16,15,"1,353",15.0,0.13,0.00,0.13,0.13,0.00,0.00,0.13,0.00,0.09,0.09,0.02,0.11,1.00,4.40,0.87,0.13,0.00,0.13,0.13,0.13,0.09,0.02,0.11,0.09,0.11,Matches
476,Jan Thielmann,de GER,"MF,FW",Köln,de Bundesliga,23-222,2002,12,12,844,9.4,0.21,0.11,0.32,0.21,0.00,0.00,0.21,0.00,0.17,0.17,0.06,0.23,1.28,02.02,3.30,0.21,0.11,0.32,0.21,0.32,0.17,0.06,0.23,0.17,0.23,Matches
477,Adrien Thomasson,fr FRA,MF,Lens,fr Ligue 1,32-024,1993,16,16,"1,432",15.9,0.13,0.31,0.44,0.13,0.00,0.00,0.31,0.00,0.22,0.22,0.19,0.41,0.50,4.21,3.90,0.13,0.31,0.44,0.13,0.44,0.22,0.19,0.41,0.22,0.41,Matches
478,Morten Thorsby,no NOR,MF,Genoa,it Serie A,29-243,1996,10,6,589,6.5,0.31,0.15,0.46,0.31,0.00,0.00,0.31,0.00,0.22,0.22,0.12,0.34,0.62,2.31,3.38,0.31,0.15,0.46,0.31,0.46,0.22,0.12,0.33,0.22,0.33,Matches
479,Jurriën Timber,nl NED,DF,Arsenal,eng Premier League,24-200,2001,18,16,"1,461",16.2,0.12,0.19,0.31,0.12,0.00,0.00,0.12,0.00,0.25,0.25,0.06,0.30,1.67,5.99,5.37,0.12,0.18,0.31,0.12,0.31,0.24,0.06,0.30,0.24,0.30,Matches
480,Abdoulaye Touré,gn GUI,MF,Le Havre,fr Ligue 1,31-306,1994,11,8,740,8.2,0.24,0.00,0.24,0.24,0.00,0.12,0.24,0.00,0.20,0.10,0.01,0.12,0.98,3.78,3.17,0.24,0.00,0.24,0.24,0.24,0.20,0.02,0.22,0.10,0.12,Matches
481,Bazoumana Touré,ci CIV,"FW,MF",Hoffenheim,de Bundesliga,19-307,2006,14,14,"1,083",12.0,0.17,0.33,0.50,0.17,0.00,0.00,0.08,0.00,0.17,0.17,0.20,0.37,4.58,2.83,9.75,0.17,0.33,0.50,0.17,0.50,0.17,0.20,0.37,0.17,0.37,Matches
482,Heorhii Tsitaishvili,ge GEO,"FW,DF",Metz,fr Ligue 1,25-046,2000,16,12,"1,007",11.2,0.18,0.09,0.27,0.18,0.00,0.00,0.00,0.00,0.09,0.09,0.27,0.36,03.04,0.80,6.16,0.18,0.09,0.27,0.18,0.27,0.09,0.27,0.36,0.09,0.36,Matches
483,Vitinha,pt POR,"FW,MF",Genoa,it Serie A,25-294,2000,16,12,901,10.0,0.20,0.10,0.30,0.20,0.00,0.00,0.20,0.00,0.22,0.22,0.19,0.40,2.40,1.40,5.80,0.20,0.10,0.30,0.20,0.30,0.22,0.19,0.40,0.22,0.40,Matches
484,Luka Vušković,hr CRO,DF,Hamburger SV,de Bundesliga,18-313,2007,13,13,"1,17",13.0,0.15,0.00,0.15,0.15,0.00,0.00,0.23,0.00,0.09,0.09,0.02,0.12,0.62,2.62,0.46,0.15,0.00,0.15,0.15,0.15,0.09,0.02,0.11,0.09,0.11,Matches
485,Chris Wood,nz NZL,FW,Nott'ham Forest,eng Premier League,34-027,1991,8,7,540,6.0,0.33,0.00,0.33,0.33,0.00,0.00,0.00,0.00,0.45,0.45,0.03,0.48,0.00,1.17,2.67,0.33,0.00,0.33,0.33,0.33,0.45,0.03,0.48,0.45,0.48,Matches
486,Aaron Zehnter,de GER,DF,Wolfsburg,de Bundesliga,21-064,2004,12,11,989,11.0,0.18,0.00,0.18,0.18,0.00,0.00,0.00,0.00,0.05,0.05,0.09,0.14,1.27,1.64,2.18,0.18,0.00,0.18,0.18,0.18,0.05,0.09,0.14,0.05,0.14,Matches
487,Joshua Zirkzee,nl NED,FW,Manchester Utd,eng Premier League,24-226,2001,12,4,445,4.9,0.41,0.00,0.41,0.41,0.00,0.00,0.20,0.00,0.39,0.39,0.06,0.45,0.41,2.45,4.69,0.40,0.00,0.40,0.40,0.40,0.38,0.06,0.44,0.38,0.44,Matches
488,Brenden Aaronson,us USA,"FW,MF",Leeds United,eng Premier League,25-073,2000,18,12,"1,07",11.9,0.08,0.25,0.34,0.08,0.00,0.00,0.08,0.00,0.19,0.19,0.22,0.42,1.85,2.52,5.88,0.08,0.25,0.34,0.08,0.34,0.20,0.22,0.42,0.20,0.42,Matches
489,Jones El-Abdellaoui,ma MAR,"FW,MF",Celta Vigo,es La Liga,19-356,2006,9,0,198,2.2,0.45,0.00,0.45,0.45,0.00,0.00,0.00,0.00,0.73,0.73,0.05,0.77,8.18,0.00,15.9,0.45,0.00,0.45,0.45,0.45,0.73,0.04,0.77,0.73,0.77,Matches
490,Laurent Abergel,fr FRA,MF,Lorient,fr Ligue 1,32-336,1993,15,15,"1,305",14.5,0.07,0.00,0.07,0.07,0.00,0.00,0.34,0.00,0.04,0.04,0.07,0.11,1.17,5.38,0.90,0.07,0.00,0.07,0.07,0.07,0.04,0.07,0.11,0.04,0.11,Matches
Rk,Player,Nation,Pos,Squad,Comp,Age,Born,MP,Starts,Min,90s,Gls,Ast,G+A,G-PK,PK,PKatt,CrdY,CrdR,xG,npxG,xAG,npxG+xAG,PrgC,PrgP,PrgR,Gls,Ast,G+A,G-PK,G+A-PK,xG,xAG,xG+xAG,npxG,npxG+xAG,Matches
491,Abner,br BRA,DF,Lyon,fr Ligue 1,25-221,2000,10,10,810,9.0,0.11,0.00,0.11,0.11,0.00,0.00,0.22,0.11,0.10,0.10,0.04,0.13,2.00,5.44,4.56,0.11,0.00,0.11,0.11,0.11,0.10,0.04,0.14,0.10,0.14,Matches
492,Giorgi Abuashvili,ge GEO,"FW,MF",Metz,fr Ligue 1,22-329,2003,10,4,288,3.2,0.31,0.00,0.31,0.31,0.00,0.00,0.31,0.00,0.09,0.09,0.06,0.16,3.44,2.81,6.25,0.31,0.00,0.31,0.31,0.31,0.10,0.05,0.15,0.10,0.15,Matches
493,Ragnar Ache,de GER,FW,Köln,de Bundesliga,27-159,1998,14,4,538,6.0,0.17,0.50,0.67,0.17,0.00,0.00,0.17,0.00,0.42,0.42,0.20,0.62,0.50,1.83,2.83,0.17,0.50,0.67,0.17,0.67,0.43,0.19,0.62,0.43,0.62,Matches
494,Joshua Acheampong,eng ENG,DF,Chelsea,eng Premier League,19-243,2006,6,5,394,4.4,0.23,0.00,0.23,0.23,0.00,0.00,0.00,0.00,0.14,0.14,0.00,0.14,0.91,2.50,0.00,0.23,0.00,0.23,0.23,0.23,0.14,0.00,0.14,0.14,0.14,Matches
495,Junior Adamu,at AUT,FW,Freiburg,de Bundesliga,24-211,2001,9,7,446,5.0,0.20,0.20,0.40,0.20,0.00,0.00,0.20,0.00,0.32,0.32,0.24,0.54,0.40,0.80,5.60,0.20,0.20,0.40,0.20,0.40,0.32,0.23,0.55,0.32,0.55,Matches
496,Simon Adingra,ci CIV,"FW,MF",Sunderland,eng Premier League,24-002,2002,12,7,537,6.0,0.17,0.00,0.17,0.17,0.00,0.00,0.33,0.00,0.05,0.05,0.13,0.18,3.67,1.00,10.0,0.17,0.00,0.17,0.17,0.17,0.05,0.13,0.18,0.05,0.18,Matches
497,Amine Adli,ma MAR,"FW,MF",Bournemouth,eng Premier League,25-238,2000,15,3,414,4.6,0.22,0.00,0.22,0.22,0.00,0.00,0.00,0.00,0.22,0.22,0.11,0.30,2.39,3.48,7.17,0.22,0.00,0.22,0.22,0.22,0.21,0.10,0.31,0.21,0.31,Matches
498,Vasilije Adžić,me MNE,MF,Juventus,it Serie A,19-236,2006,5,1,126,1.4,0.71,0.00,0.71,0.71,0.00,0.00,0.00,0.00,0.14,0.14,0.14,0.29,0.71,6.43,5.00,0.71,0.00,0.71,0.71,0.71,0.15,0.11,0.26,0.15,0.26,Matches
499,Lucien Agoume,fr FRA,MF,Sevilla,es La Liga,23-328,2002,14,12,"1,045",11.6,0.09,0.17,0.26,0.09,0.00,0.00,0.69,0.00,0.03,0.03,0.15,0.19,1.21,5.78,1.29,0.09,0.17,0.26,0.09,0.26,0.04,0.15,0.19,0.04,0.19,Matches
500,Nayef Aguerd,ma MAR,DF,Marseille,fr Ligue 1,29-279,1996,11,11,963,10.7,0.09,0.00,0.09,0.09,0.00,0.00,0.19,0.00,0.04,0.04,0.01,0.05,0.84,4.67,0.19,0.09,0.00,0.09,0.09,0.09,0.04,0.01,0.04,0.04,0.04,Matches
501,Ludovic Ajorque,fr FRA,FW,Brest,fr Ligue 1,31-312,1994,15,15,"1,313",14.6,0.07,0.27,0.34,0.07,0.00,0.00,0.27,0.07,0.27,0.27,0.10,0.36,0.75,1.58,4.45,0.07,0.27,0.34,0.07,0.34,0.27,0.09,0.36,0.27,0.36,Matches
502,Omar Alderete,py PAR,DF,Sunderland,eng Premier League,29-008,1996,15,14,"1,298",14.4,0.07,0.07,0.14,0.07,0.00,0.00,0.14,0.00,0.07,0.07,0.01,0.08,0.97,3.82,0.28,0.07,0.07,0.14,0.07,0.14,0.07,0.01,0.08,0.07,0.08,Matches
503,Alexandre Alemão,br BRA,FW,Rayo Vallecano,es La Liga,27-277,1998,11,6,556,6.2,0.16,0.00,0.16,0.16,0.00,0.00,0.16,0.00,0.26,0.26,0.02,0.27,0.00,0.97,4.35,0.16,0.00,0.16,0.16,0.16,0.26,0.02,0.28,0.26,0.28,Matches
504,Alfon,es ESP,"FW,DF",Sevilla,es La Liga,26-244,1999,10,4,312,3.5,0.29,0.00,0.29,0.29,0.00,0.00,0.00,0.00,0.20,0.20,0.09,0.29,2.29,2.86,10.3,0.29,0.00,0.29,0.29,0.29,0.19,0.09,0.28,0.19,0.28,Matches
505,Sergi Altimira,es ESP,MF,Betis,es La Liga,24-131,2001,10,6,540,6.0,0.17,0.17,0.33,0.17,0.00,0.00,0.33,0.00,0.03,0.03,0.03,0.05,1.17,2.50,0.50,0.17,0.17,0.33,0.17,0.33,0.03,0.03,0.05,0.03,0.05,Matches
506,Hugo Álvarez,es ESP,"FW,MF",Celta Vigo,es La Liga,22-185,2003,9,3,362,4.0,0.25,0.00,0.25,0.25,0.00,0.00,0.00,0.00,0.03,0.03,0.07,0.07,2.50,4.50,7.00,0.25,0.00,0.25,0.25,0.25,0.01,0.06,0.07,0.01,0.07,Matches
507,Samuel Amo-Ameyaw,eng ENG,"DF,MF",Strasbourg,fr Ligue 1,19-169,2006,11,4,466,5.2,0.19,0.19,0.38,0.19,0.00,0.00,0.19,0.00,0.06,0.06,0.10,0.15,6.15,2.88,10.0,0.19,0.19,0.39,0.19,0.39,0.06,0.09,0.15,0.06,0.15,Matches
508,Ethan Ampadu,wls WAL,MF,Leeds United,eng Premier League,25-111,2000,17,17,"1,499",16.7,0.06,0.00,0.06,0.06,0.00,0.00,0.30,0.00,0.10,0.10,0.01,0.11,1.26,3.89,01.02,0.06,0.00,0.06,0.06,0.06,0.10,0.01,0.11,0.10,0.11,Matches
509,Elliot Anderson,eng ENG,MF,Nott'ham Forest,eng Premier League,23-058,2002,19,19,"1,71",19.0,0.05,0.05,0.11,0.00,0.05,0.05,0.21,0.00,0.09,0.05,0.12,0.16,1.37,8.89,2.95,0.05,0.05,0.11,0.00,0.05,0.09,0.11,0.21,0.05,0.17,Matches
510,Robert Andrich,de GER,"DF,MF",Leverkusen,de Bundesliga,31-103,1994,14,12,"1,046",11.6,0.09,0.00,0.09,0.09,0.00,0.00,0.26,0.09,0.03,0.03,0.03,0.05,1.81,3.97,1.47,0.09,0.00,0.09,0.09,0.09,0.03,0.02,0.05,0.03,0.05,Matches
511,Miguel Ángel Rubio,es ESP,DF,Espanyol,es La Liga,27-298,1998,6,1,138,1.5,0.67,0.00,0.67,0.67,0.00,0.00,0.00,0.00,0.47,0.47,0.00,0.47,0.00,0.67,0.00,0.65,0.00,0.65,0.65,0.65,0.43,0.00,0.43,0.43,0.43,Matches
512,Aaron Anselmino,ar ARG,DF,Dortmund,de Bundesliga,20-249,2005,5,4,346,3.8,0.26,0.00,0.26,0.26,0.00,0.00,0.00,0.00,0.03,0.03,0.00,0.03,1.58,5.00,0.53,0.26,0.00,0.26,0.26,0.26,0.02,0.00,0.02,0.02,0.02,Matches
513,Waldemar Anton,de GER,DF,Dortmund,de Bundesliga,29-167,1996,13,13,"1,17",13.0,0.08,0.00,0.08,0.08,0.00,0.00,0.08,0.00,0.03,0.03,0.01,0.03,1.00,5.31,0.46,0.08,0.00,0.08,0.08,0.08,0.03,0.01,0.03,0.03,0.03,Matches
514,Maximilian Arnold,de GER,MF,Wolfsburg,de Bundesliga,31-221,1994,14,14,"1,26",14.0,0.07,0.21,0.29,0.07,0.00,0.00,0.29,0.00,0.02,0.02,0.19,0.21,0.07,3.64,0.64,0.07,0.21,0.29,0.07,0.29,0.02,0.19,0.21,0.02,0.21,Matches
515,Tolu Arokodare,ng NGA,FW,Wolves,eng Premier League,25-041,2000,15,5,496,5.5,0.18,0.00,0.18,0.18,0.00,0.00,0.18,0.00,0.20,0.20,0.09,0.29,1.27,0.73,4.36,0.18,0.00,0.18,0.18,0.18,0.20,0.09,0.28,0.20,0.28,Matches
516,Kervin Arriaga,hn HON,MF,Levante,es La Liga,27-363,1998,13,9,808,9.0,0.11,0.00,0.11,0.11,0.00,0.00,0.44,0.00,0.02,0.02,0.01,0.03,0.67,3.33,0.56,0.11,0.00,0.11,0.11,0.11,0.02,0.01,0.03,0.02,0.03,Matches
517,Takuma Asano,jp JPN,"FW,MF",Mallorca,es La Liga,31-054,1994,12,4,338,3.8,0.26,0.00,0.26,0.26,0.00,0.00,0.53,0.00,0.26,0.26,0.24,0.53,2.11,0.53,5.00,0.27,0.00,0.27,0.27,0.27,0.27,0.25,0.52,0.27,0.52,Matches
518,Zachary Athekame,ch SUI,"DF,FW",Milan,it Serie A,21-021,2004,9,1,128,1.4,0.71,0.00,0.71,0.71,0.00,0.00,1.43,0.00,0.00,0.00,0.00,0.00,2.86,2.86,14.3,0.70,0.00,0.70,0.70,0.70,0.03,0.00,0.03,0.03,0.03,Matches
519,Arthur Atta,fr FRA,MF,Udinese,it Serie A,22-354,2003,13,13,"1,104",12.3,0.08,0.16,0.24,0.08,0.00,0.00,0.16,0.00,0.12,0.12,0.11,0.24,3.17,4.23,5.69,0.08,0.16,0.24,0.08,0.24,0.13,0.11,0.23,0.13,0.23,Matches
520,Carlos Augusto,br BRA,DF,Inter,it Serie A,26-361,1999,15,6,595,6.6,0.15,0.15,0.30,0.15,0.00,0.00,0.15,0.00,0.11,0.11,0.05,0.15,2.27,4.24,5.30,0.15,0.15,0.30,0.15,0.30,0.11,0.04,0.15,0.11,0.15,Matches
521,Yann Aurel Bisseck,de GER,DF,Inter,it Serie A,25-035,2000,6,5,473,5.3,0.19,0.00,0.19,0.19,0.00,0.00,0.38,0.00,0.11,0.11,0.00,0.11,1.13,3.58,0.57,0.19,0.00,0.19,0.19,0.19,0.11,0.00,0.11,0.11,0.11,Matches
522,Chidozie Awaziem,ng NGA,DF,Nantes,fr Ligue 1,29-002,1997,16,16,"1,425",15.8,0.06,0.00,0.06,0.06,0.00,0.00,0.38,0.00,0.03,0.03,0.02,0.05,0.38,2.85,0.00,0.06,0.00,0.06,0.06,0.06,0.03,0.02,0.05,0.03,0.05,Matches
523,Yasin Ayari,se SWE,MF,Brighton,eng Premier League,22-089,2003,17,14,"1,349",15.0,0.07,0.00,0.07,0.07,0.00,0.00,0.00,0.00,0.15,0.15,0.03,0.17,0.73,03.07,1.40,0.07,0.00,0.07,0.07,0.07,0.15,0.02,0.18,0.15,0.18,Matches
524,Oussama El Azzouzi,ma MAR,"MF,DF",Auxerre,fr Ligue 1,24-219,2001,8,7,546,6.1,0.16,0.00,0.16,0.16,0.00,0.00,0.16,0.16,0.08,0.08,0.03,0.10,0.98,5.25,0.98,0.16,0.00,0.16,0.16,0.16,0.08,0.02,0.10,0.08,0.10,Matches
525,Cédric Bakambu,cd COD,FW,Betis,es La Liga,34-267,1991,7,0,71,0.8,1.25,0.00,1.25,1.25,0.00,0.00,0.00,0.00,0.50,0.50,0.00,0.63,1.25,0.00,8.75,1.27,0.00,1.27,1.27,1.27,0.57,0.02,0.58,0.57,0.58,Matches
Rk,Player,Nation,Pos,Squad,Comp,Age,Born,MP,Starts,Min,90s,Gls,Ast,G+A,G-PK,PK,PKatt,CrdY,CrdR,xG,npxG,xAG,npxG+xAG,PrgC,PrgP,PrgR,Gls,Ast,G+A,G-PK,G+A-PK,xG,xAG,xG+xAG,npxG,npxG+xAG,Matches
526,Dilane Bakwa,fr FRA,"DF,MF",Strasbourg,fr Ligue 1,23-130,2002,3,0,107,1.2,0.83,1.67,2.50,0.83,0.00,0.00,0.00,0.00,0.08,0.08,0.33,0.42,8.33,5.00,14.2,0.84,1.68,2.52,0.84,2.52,0.12,0.30,0.42,0.12,0.42,Matches
527,Tommaso Baldanzi,it ITA,"FW,MF",Roma,it Serie A,22-286,2003,10,3,386,4.3,0.23,0.00,0.23,0.23,0.00,0.00,0.47,0.00,0.35,0.35,0.14,0.49,02.09,2.79,7.21,0.23,0.00,0.23,0.23,0.23,0.34,0.14,0.48,0.34,0.48,Matches
528,Mohamed Bamba,ci CIV,FW,Lorient,fr Ligue 1,24-024,2001,14,7,618,6.9,0.14,0.14,0.29,0.14,0.00,0.14,0.29,0.00,0.32,0.20,0.16,0.38,0.72,0.72,3.19,0.15,0.15,0.29,0.15,0.29,0.32,0.17,0.49,0.21,0.38,Matches
529,Lameck Banda,zm ZAM,"FW,MF",Lecce,it Serie A,24-339,2001,12,6,548,6.1,0.16,0.16,0.33,0.16,0.00,0.00,0.49,0.00,0.15,0.15,0.08,0.23,2.30,1.31,6.72,0.16,0.16,0.33,0.16,0.33,0.14,0.09,0.23,0.14,0.23,Matches
530,Noahkai Banks,us USA,DF,Augsburg,de Bundesliga,19-033,2006,12,10,891,9.9,0.10,0.00,0.10,0.10,0.00,0.00,0.40,0.00,0.09,0.09,0.01,0.10,0.81,3.94,0.91,0.10,0.00,0.10,0.10,0.10,0.09,0.01,0.10,0.09,0.10,Matches
531,Valentín Barco,ar ARG,"MF,DF",Strasbourg,fr Ligue 1,21-164,2004,14,13,"1,152",12.8,0.08,0.31,0.39,0.08,0.00,0.00,0.16,0.08,0.11,0.11,0.27,0.38,1.72,8.20,3.75,0.08,0.31,0.39,0.08,0.39,0.11,0.27,0.38,0.11,0.38,Matches
532,Melvin Bard,fr FRA,"DF,MF",Nice,fr Ligue 1,25-058,2000,16,14,"1,35",15.0,0.07,0.00,0.07,0.07,0.00,0.00,0.13,0.00,0.03,0.03,0.03,0.05,2.00,3.60,3.33,0.07,0.00,0.07,0.07,0.07,0.02,0.03,0.05,0.02,0.05,Matches
533,Roony Bardghji,se SWE,FW,Barcelona,es La Liga,20-049,2005,9,3,247,2.7,0.37,0.37,0.74,0.37,0.00,0.00,0.00,0.00,0.37,0.37,0.37,0.74,4.81,4.81,13.7,0.36,0.36,0.73,0.36,0.73,0.37,0.35,0.71,0.37,0.71,Matches
534,Nicolò Barella,it ITA,MF,Inter,it Serie A,28-330,1997,16,15,"1,264",14.0,0.07,0.29,0.36,0.07,0.00,0.00,0.14,0.00,0.11,0.11,0.31,0.42,3.00,8.71,4.86,0.07,0.28,0.36,0.07,0.36,0.12,0.30,0.42,0.12,0.42,Matches
535,Ross Barkley,eng ENG,MF,Aston Villa,eng Premier League,32-029,1993,7,0,121,1.3,0.77,0.00,0.77,0.77,0.00,0.00,0.00,0.00,0.31,0.31,0.38,0.69,3.85,6.92,03.08,0.74,0.00,0.74,0.74,0.74,0.29,0.37,0.65,0.29,0.65,Matches
536,Pablo Barrios,es ESP,MF,Atlético Madrid,es La Liga,22-202,2003,17,15,"1,302",14.5,0.07,0.00,0.07,0.07,0.00,0.00,0.00,0.00,0.10,0.10,0.05,0.16,2.76,6.76,3.24,0.07,0.00,0.07,0.07,0.07,0.11,0.05,0.16,0.11,0.16,Matches
537,Marc Bartra,es ESP,DF,Betis,es La Liga,34-353,1991,13,11,"1,088",12.1,0.08,0.00,0.08,0.08,0.00,0.00,0.17,0.00,0.02,0.02,0.00,0.02,0.41,1.90,0.00,0.08,0.00,0.08,0.08,0.08,0.01,0.00,0.02,0.01,0.02,Matches
538,Toma Bašić,hr CRO,MF,Lazio,it Serie A,29-039,1996,11,11,826,9.2,0.11,0.22,0.33,0.11,0.00,0.00,0.00,0.11,0.09,0.09,0.12,0.21,01.09,2.83,2.50,0.11,0.22,0.33,0.11,0.33,0.09,0.12,0.21,0.09,0.21,Matches
539,Calvin Bassey,ng NGA,DF,Fulham,eng Premier League,26-003,1999,16,15,"1,359",15.1,0.07,0.00,0.07,0.07,0.00,0.00,0.20,0.00,0.04,0.04,0.01,0.05,1.26,3.38,0.26,0.07,0.00,0.07,0.07,0.07,0.04,0.01,0.05,0.04,0.05,Matches
540,Alessandro Bastoni,it ITA,DF,Inter,it Serie A,26-265,1999,15,15,"1,313",14.6,0.07,0.21,0.27,0.07,0.00,0.00,0.14,0.00,0.06,0.06,0.07,0.14,1.85,5.75,3.63,0.07,0.21,0.27,0.07,0.27,0.06,0.07,0.13,0.06,0.13,Matches
541,Michy Batshuayi,be BEL,FW,Eint Frankfurt,de Bundesliga,32-093,1993,6,1,139,1.5,0.67,0.00,0.67,0.00,0.67,0.67,0.00,0.00,0.73,0.20,0.07,0.33,0.67,1.33,6.00,0.65,0.00,0.65,0.00,0.00,0.73,0.10,0.83,0.22,0.32,Matches
542,Martin Baturina,hr CRO,"FW,MF",Como,it Serie A,22-321,2003,9,2,255,2.8,0.36,0.00,0.36,0.36,0.00,0.00,0.00,0.00,0.07,0.07,0.14,0.21,2.50,1.43,5.71,0.35,0.00,0.35,0.35,0.35,0.08,0.13,0.21,0.08,0.21,Matches
543,Jean-Ricner Bellegarde,ht HAI,"MF,FW",Wolves,eng Premier League,27-190,1998,14,9,689,7.7,0.13,0.00,0.13,0.13,0.00,0.00,0.13,0.00,0.10,0.10,0.05,0.16,3.38,5.19,2.86,0.13,0.00,0.13,0.13,0.13,0.11,0.05,0.16,0.11,0.16,Matches
544,Lucas Beltrán,ar ARG,FW,Valencia,es La Liga,24-280,2001,14,6,560,6.2,0.16,0.00,0.16,0.16,0.00,0.00,0.00,0.00,0.24,0.24,0.13,0.39,1.61,3.55,5.81,0.16,0.00,0.16,0.16,0.16,0.25,0.13,0.38,0.25,0.38,Matches
545,Adrian Benedyczak,pl POL,"FW,MF",Parma,it Serie A,25-040,2000,11,4,433,4.8,0.21,0.21,0.42,0.00,0.21,0.21,0.21,0.00,0.27,0.10,0.23,0.35,0.63,1.88,4.79,0.21,0.21,0.42,0.00,0.21,0.28,0.23,0.51,0.11,0.34,Matches
546,Iker Benito,es ESP,"DF,FW",Osasuna,es La Liga,23-146,2002,5,1,150,1.7,0.59,0.00,0.59,0.59,0.00,0.00,0.59,0.00,0.35,0.35,0.12,0.47,4.71,0.59,6.47,0.60,0.00,0.60,0.60,0.60,0.36,0.12,0.48,0.36,0.48,Matches
547,Ramy Bensebaini,dz ALG,DF,Dortmund,de Bundesliga,30-262,1995,11,9,856,9.5,0.11,0.00,0.11,0.11,0.00,0.00,0.32,0.00,0.04,0.04,0.02,0.07,2.32,10.5,0.53,0.11,0.00,0.11,0.11,0.11,0.04,0.03,0.07,0.04,0.07,Matches
548,Rodrigo Bentancur,uy URU,MF,Tottenham,eng Premier League,28-192,1997,18,15,"1,235",13.7,0.07,0.07,0.15,0.07,0.00,0.00,0.29,0.00,0.04,0.04,0.06,0.09,0.73,2.92,1.31,0.07,0.07,0.15,0.07,0.15,0.03,0.06,0.09,0.03,0.09,Matches
549,Lucas Beraldo,br BRA,DF,Paris S-G,fr Ligue 1,22-040,2003,9,8,643,7.1,0.14,0.00,0.14,0.14,0.00,0.00,0.00,0.00,0.06,0.06,0.00,0.07,0.14,5.35,0.14,0.14,0.00,0.14,0.14,0.14,0.06,0.00,0.07,0.06,0.07,Matches
550,Lucas Bergvall,se SWE,MF,Tottenham,eng Premier League,19-335,2006,14,9,729,8.1,0.12,0.25,0.37,0.12,0.00,0.00,0.25,0.00,0.10,0.10,0.04,0.14,1.60,3.95,3.83,0.12,0.25,0.37,0.12,0.37,0.10,0.04,0.14,0.10,0.14,Matches
551,Federico Bernardeschi,it ITA,"FW,MF",Bologna,it Serie A,31-321,1994,14,3,423,4.7,0.21,0.00,0.21,0.21,0.00,0.00,0.43,0.00,0.17,0.17,0.32,0.49,3.83,6.17,8.72,0.21,0.00,0.21,0.21,0.21,0.17,0.32,0.50,0.17,0.50,Matches
552,Antoine Bernede,fr FRA,MF,Hellas Verona,it Serie A,26-222,1999,16,14,"1,183",13.1,0.08,0.08,0.15,0.08,0.00,0.00,0.08,0.00,0.05,0.05,0.05,0.10,1.68,3.44,2.44,0.08,0.08,0.15,0.08,0.15,0.04,0.06,0.10,0.04,0.10,Matches
553,Beto,gw GNB,FW,Everton,eng Premier League,27-337,1998,19,8,786,8.7,0.11,0.00,0.11,0.11,0.00,0.00,0.11,0.00,0.53,0.53,0.05,0.57,0.46,0.23,3.56,0.11,0.00,0.11,0.11,0.11,0.52,0.05,0.57,0.52,0.57,Matches
554,Sam Beukema,nl NED,DF,Napoli,it Serie A,27-047,1998,9,8,691,7.7,0.13,0.00,0.13,0.13,0.00,0.00,0.26,0.00,0.14,0.14,0.00,0.14,0.52,05.06,0.65,0.13,0.00,0.13,0.13,0.13,0.14,0.01,0.14,0.14,0.14,Matches
555,Jaka Bijol,si SVN,DF,Leeds United,eng Premier League,26-332,1999,10,9,802,8.9,0.11,0.11,0.22,0.11,0.00,0.00,0.11,0.00,0.04,0.04,0.04,0.09,0.56,2.13,0.00,0.11,0.11,0.22,0.11,0.22,0.05,0.05,0.10,0.05,0.10,Matches
556,Hicham Boudaoui,dz ALG,MF,Nice,fr Ligue 1,26-102,1999,13,10,914,10.2,0.10,0.20,0.29,0.10,0.00,0.00,0.29,0.00,0.15,0.15,0.15,0.30,1.76,3.43,2.94,0.10,0.20,0.30,0.10,0.30,0.15,0.15,0.30,0.15,0.30,Matches
557,Enzo Boyomo,cm CMR,DF,Osasuna,es La Liga,24-088,2001,16,16,"1,414",15.7,0.06,0.00,0.06,0.06,0.00,0.00,0.25,0.00,0.02,0.02,0.05,0.07,0.57,2.93,0.64,0.06,0.00,0.06,0.06,0.06,0.02,0.05,0.07,0.02,0.07,Matches
558,Iker Bravo,es ESP,FW,Udinese,it Serie A,20-355,2005,6,3,179,2.0,0.50,0.00,0.50,0.50,0.00,0.00,0.50,0.00,0.10,0.10,0.10,0.20,2.00,3.50,5.00,0.50,0.00,0.50,0.50,0.50,0.10,0.11,0.21,0.10,0.21,Matches
559,Marco Brescianini,it ITA,MF,Atalanta,it Serie A,25-348,2000,8,0,168,1.9,0.53,0.00,0.53,0.53,0.00,0.00,0.53,0.00,0.05,0.05,0.05,0.11,3.68,5.79,6.32,0.54,0.00,0.54,0.54,0.54,0.08,0.05,0.13,0.08,0.13,Matches
560,Abel Bretones,es ESP,"DF,MF",Osasuna,es La Liga,25-135,2000,15,15,"1,334",14.8,0.07,0.00,0.07,0.07,0.00,0.00,0.34,0.07,0.04,0.04,0.02,0.07,1.49,2.16,2.64,0.07,0.00,0.07,0.07,0.07,0.04,0.02,0.06,0.04,0.06,Matches
Rk,Player,Nation,Pos,Squad,Comp,Age,Born,MP,Starts,Min,90s,Gls,Ast,G+A,G-PK,PK,PKatt,CrdY,CrdR,xG,npxG,xAG,npxG+xAG,PrgC,PrgP,PrgR,Gls,Ast,G+A,G-PK,G+A-PK,xG,xAG,xG+xAG,npxG,npxG+xAG,Matches
561,Marius Broholm,no NOR,"FW,MF",Lille,fr Ligue 1,21-008,2004,6,2,152,1.7,0.59,0.00,0.59,0.00,0.59,0.59,0.00,0.00,0.53,0.12,0.18,0.29,7.65,5.88,13.5,0.59,0.00,0.59,0.00,0.00,0.55,0.21,0.76,0.11,0.32,Matches
562,Armando Broja,al ALB,FW,Burnley,eng Premier League,24-115,2001,13,4,497,5.5,0.18,0.18,0.36,0.18,0.00,0.00,0.00,0.00,0.35,0.35,0.05,0.40,2.18,01.09,05.09,0.18,0.18,0.36,0.18,0.36,0.34,0.05,0.40,0.34,0.40,Matches
563,David Brooks,wls WAL,"FW,MF",Bournemouth,eng Premier League,28-179,1997,17,10,844,9.4,0.11,0.11,0.21,0.11,0.00,0.00,0.64,0.00,0.44,0.44,0.27,0.70,2.98,3.51,9.47,0.11,0.11,0.21,0.11,0.21,0.43,0.27,0.70,0.43,0.70,Matches
564,Nathaniel Brown,de GER,"DF,FW",Eint Frankfurt,de Bundesliga,22-201,2003,15,11,"1,088",12.1,0.08,0.25,0.33,0.08,0.00,0.00,0.08,0.00,0.12,0.12,0.14,0.26,2.98,2.56,5.70,0.08,0.25,0.33,0.08,0.33,0.12,0.14,0.26,0.12,0.26,Matches
565,Adam Buksa,pl POL,FW,Udinese,it Serie A,29-175,1996,14,2,492,5.5,0.18,0.00,0.18,0.18,0.00,0.00,0.18,0.00,0.13,0.13,0.05,0.18,01.09,01.09,2.00,0.18,0.00,0.18,0.18,0.18,0.12,0.05,0.18,0.12,0.18,Matches
566,Tom Cairney,sct SCO,MF,Fulham,eng Premier League,34-348,1991,11,1,263,2.9,0.34,0.00,0.34,0.34,0.00,0.00,0.69,0.00,0.21,0.21,0.00,0.21,01.03,8.28,1.72,0.34,0.00,0.34,0.34,0.34,0.20,0.02,0.22,0.20,0.22,Matches
567,Riccardo Calafiori,it ITA,DF,Arsenal,eng Premier League,23-229,2002,16,16,"1,255",13.9,0.07,0.14,0.22,0.07,0.00,0.00,0.36,0.00,0.18,0.18,0.04,0.22,1.65,3.45,04.03,0.07,0.14,0.22,0.07,0.22,0.18,0.04,0.21,0.18,0.21,Matches
568,Adama Camara,fr FRA,MF,Paris FC,fr Ligue 1,29-077,1996,14,13,"1,064",11.8,0.08,0.00,0.08,0.08,0.00,0.00,0.34,0.00,0.14,0.14,0.03,0.16,0.34,2.71,2.71,0.08,0.00,0.08,0.08,0.08,0.13,0.03,0.16,0.13,0.16,Matches
569,Mahdi Camara,fr FRA,MF,Rennes,fr Ligue 1,27-187,1998,14,13,"1,07",11.9,0.08,0.08,0.17,0.08,0.00,0.00,0.25,0.08,0.08,0.08,0.13,0.21,2.35,03.03,4.45,0.08,0.08,0.17,0.08,0.17,0.07,0.14,0.21,0.07,0.21,Matches
570,Ousmane Camara,ml MLI,DF,Angers,fr Ligue 1,22-303,2003,16,15,"1,323",14.7,0.07,0.00,0.07,0.07,0.00,0.00,0.07,0.00,0.01,0.01,0.01,0.02,0.07,01.09,0.00,0.07,0.00,0.07,0.07,0.07,0.01,0.01,0.02,0.01,0.02,Matches
571,Francesco Camarda,it ITA,FW,Lecce,it Serie A,17-299,2008,15,5,509,5.7,0.18,0.00,0.18,0.18,0.00,0.18,0.18,0.00,0.30,0.16,0.11,0.26,0.35,01.05,2.63,0.18,0.00,0.18,0.18,0.18,0.30,0.11,0.41,0.16,0.27,Matches
572,Eduardo Camavinga,fr FRA,MF,Real Madrid,es La Liga,23-054,2002,12,4,512,5.7,0.18,0.00,0.18,0.18,0.00,0.00,0.00,0.00,0.14,0.14,0.16,0.32,2.11,6.32,2.81,0.18,0.00,0.18,0.18,0.18,0.15,0.16,0.31,0.15,0.31,Matches
573,Andrea Cambiaso,it ITA,"DF,FW",Juventus,it Serie A,25-317,2000,15,14,"1,172",13.0,0.08,0.15,0.23,0.08,0.00,0.00,0.08,0.08,0.07,0.07,0.17,0.23,3.69,3.54,07.08,0.08,0.15,0.23,0.08,0.23,0.07,0.17,0.23,0.07,0.23,Matches
574,Emre Can,de GER,DF,Dortmund,de Bundesliga,31-356,1994,4,4,359,4.0,0.25,0.00,0.25,0.00,0.25,0.25,0.25,0.00,0.23,0.03,0.00,0.03,0.75,4.00,0.25,0.25,0.00,0.25,0.00,0.00,0.22,0.00,0.22,0.02,0.02,Matches
575,Igor Carioca,br BRA,DF,Lorient,fr Ligue 1,29-135,1996,7,6,585,6.5,0.15,0.00,0.15,0.15,0.00,0.00,0.15,0.00,0.03,0.03,0.05,0.08,1.69,3.54,2.62,0.15,0.00,0.15,0.15,0.15,0.03,0.04,0.07,0.03,0.07,Matches
576,David Carmo,ao ANG,DF,Oviedo,es La Liga,26-168,1999,12,11,965,10.7,0.09,0.00,0.09,0.09,0.00,0.00,0.56,0.09,0.07,0.07,0.01,0.08,0.65,3.93,0.19,0.09,0.00,0.09,0.09,0.09,0.07,0.01,0.08,0.07,0.08,Matches
577,Carmona,es ESP,DF,Sevilla,es La Liga,23-339,2002,15,14,"1,268",14.1,0.07,0.21,0.28,0.07,0.00,0.00,0.57,0.00,0.02,0.02,0.09,0.11,1.99,2.27,3.62,0.07,0.21,0.28,0.07,0.28,0.02,0.09,0.11,0.02,0.11,Matches
578,Sergio Carreira,es ESP,"MF,DF",Celta Vigo,es La Liga,25-082,2000,14,13,"1,193",13.3,0.08,0.08,0.15,0.08,0.00,0.00,0.08,0.00,0.05,0.05,0.02,0.07,1.95,4.96,6.77,0.08,0.08,0.15,0.08,0.15,0.05,0.02,0.07,0.05,0.07,Matches
579,Álvaro Carreras,es ESP,DF,Real Madrid,es La Liga,22-286,2003,16,15,"1,338",14.9,0.07,0.07,0.13,0.07,0.00,0.00,0.20,0.07,0.01,0.01,0.06,0.07,2.42,8.39,5.50,0.07,0.07,0.13,0.07,0.13,0.01,0.06,0.07,0.01,0.07,Matches
580,Fabio Carvalho,pt POR,"FW,MF",Brentford,eng Premier League,23-126,2002,6,1,102,1.1,0.91,0.00,0.91,0.91,0.00,0.00,0.00,0.00,0.64,0.64,0.00,0.64,1.82,1.82,5.45,0.88,0.00,0.88,0.88,0.88,0.62,0.00,0.62,0.62,0.62,Matches
581,Danilo Cataldi,it ITA,MF,Lazio,it Serie A,31-150,1994,15,13,"1,151",12.8,0.08,0.16,0.23,0.00,0.08,0.08,0.23,0.00,0.11,0.05,0.11,0.16,0.39,3.75,0.39,0.08,0.16,0.23,0.00,0.16,0.11,0.11,0.22,0.05,0.16,Matches
582,Zeki Çelik,tr TUR,DF,Roma,it Serie A,28-320,1997,15,13,"1,137",12.6,0.08,0.08,0.16,0.08,0.00,0.00,0.08,0.08,0.06,0.06,0.08,0.14,02.06,4.29,5.32,0.08,0.08,0.16,0.08,0.16,0.07,0.08,0.14,0.07,0.14,Matches
583,Fabien Centonze,fr FRA,DF,Nantes,fr Ligue 1,29-352,1996,6,1,118,1.3,0.77,0.00,0.77,0.77,0.00,0.00,0.77,0.00,0.08,0.08,0.00,0.08,6.15,6.15,5.38,0.76,0.00,0.76,0.76,0.76,0.08,0.00,0.08,0.08,0.08,Matches
584,Fares Chaïbi,dz ALG,MF,Eint Frankfurt,de Bundesliga,23-036,2002,13,12,955,10.6,0.09,0.57,0.66,0.09,0.00,0.00,0.09,0.00,0.11,0.11,0.20,0.31,1.98,4.53,5.57,0.09,0.57,0.66,0.09,0.66,0.11,0.20,0.31,0.11,0.31,Matches
585,Pep Chavarría,es ESP,DF,Rayo Vallecano,es La Liga,27-268,1998,18,17,"1,552",17.2,0.06,0.12,0.17,0.06,0.00,0.00,0.23,0.00,0.02,0.02,0.10,0.12,3.90,5.23,5.35,0.06,0.12,0.17,0.06,0.17,0.02,0.10,0.12,0.02,0.12,Matches
586,Walid Cheddira,ma MAR,FW,Sassuolo,it Serie A,27-346,1998,13,1,184,2.0,0.50,0.00,0.50,0.50,0.00,0.00,0.50,0.00,0.45,0.45,0.05,0.50,3.00,2.00,7.00,0.49,0.00,0.49,0.49,0.49,0.45,0.02,0.47,0.45,0.47,Matches
587,Chema,es ESP,MF,Stuttgart,de Bundesliga,20-253,2005,10,7,661,7.3,0.14,0.00,0.14,0.14,0.00,0.00,0.14,0.00,0.11,0.11,0.03,0.12,1.10,6.58,1.23,0.14,0.00,0.14,0.14,0.14,0.10,0.02,0.12,0.10,0.12,Matches
588,Samir Chergui,dz ALG,DF,Paris FC,fr Ligue 1,26-331,1999,12,11,973,10.8,0.09,0.00,0.09,0.09,0.00,0.00,0.09,0.00,0.15,0.15,0.02,0.17,0.19,02.04,2.50,0.09,0.00,0.09,0.09,0.09,0.14,0.02,0.16,0.14,0.16,Matches
589,Joris Chotard,fr FRA,MF,Brest,fr Ligue 1,24-101,2001,15,14,"1,257",14.0,0.07,0.00,0.07,0.07,0.00,0.00,0.07,0.00,0.07,0.07,0.00,0.08,0.36,4.43,0.93,0.07,0.00,0.07,0.07,0.07,0.07,0.00,0.08,0.07,0.08,Matches
590,Ryan Christie,sct SCO,MF,Bournemouth,eng Premier League,30-315,1995,11,1,296,3.3,0.30,0.00,0.30,0.30,0.00,0.00,0.30,0.00,0.33,0.33,0.03,0.36,2.42,7.58,2.73,0.30,0.00,0.30,0.30,0.30,0.35,0.02,0.37,0.35,0.37,Matches
591,Carney Chukwuemeka,eng ENG,"MF,FW",Dortmund,de Bundesliga,22-075,2003,12,5,483,5.4,0.19,0.00,0.19,0.19,0.00,0.00,0.00,0.00,0.11,0.11,0.07,0.19,2.22,04.07,7.22,0.19,0.00,0.19,0.19,0.19,0.10,0.07,0.18,0.10,0.18,Matches
592,Alessandro Circati,au AUS,DF,Parma,it Serie A,22-085,2003,11,11,940,10.4,0.10,0.00,0.10,0.10,0.00,0.00,0.10,0.00,0.05,0.05,0.01,0.06,0.00,2.12,0.10,0.10,0.00,0.10,0.10,0.10,0.05,0.01,0.06,0.05,0.06,Matches
593,Jonathan Clauss,fr FRA,"DF,MF",Nice,fr Ligue 1,33-100,1992,13,12,"1,066",11.8,0.08,0.17,0.25,0.08,0.00,0.00,0.00,0.00,0.05,0.05,0.19,0.24,2.63,5.51,7.12,0.08,0.17,0.25,0.08,0.25,0.05,0.19,0.24,0.05,0.24,Matches
594,Saúl Coco,gq EQG,DF,Torino,it Serie A,26-328,1999,14,14,"1,26",14.0,0.07,0.07,0.14,0.07,0.00,0.00,0.07,0.00,0.04,0.04,0.01,0.06,0.57,02.07,0.21,0.07,0.07,0.14,0.07,0.14,0.04,0.01,0.05,0.04,0.05,Matches
595,Sirlord Conteh,de GER,"FW,MF",Heidenheim,de Bundesliga,29-178,1996,5,2,260,2.9,0.34,0.34,0.69,0.34,0.00,0.00,0.34,0.00,0.45,0.45,0.21,0.66,1.38,1.38,6.21,0.35,0.35,0.69,0.35,0.69,0.44,0.21,0.65,0.44,0.65,Matches
Rk,Player,Nation,Pos,Squad,Comp,Age,Born,MP,Starts,Min,90s,Gls,Ast,G+A,G-PK,PK,PKatt,CrdY,CrdR,xG,npxG,xAG,npxG+xAG,PrgC,PrgP,PrgR,Gls,Ast,G+A,G-PK,G+A-PK,xG,xAG,xG+xAG,npxG,npxG+xAG,Matches
596,Danny da Costa,de GER,DF,Mainz 05,de Bundesliga,32-174,1993,15,13,"1,229",13.7,0.07,0.00,0.07,0.07,0.00,0.00,0.22,0.00,0.04,0.04,0.04,0.09,0.80,4.67,0.95,0.07,0.00,0.07,0.07,0.07,0.05,0.05,0.09,0.05,0.09,Matches
597,Vladimír Coufal,cz CZE,DF,Hoffenheim,de Bundesliga,33-134,1992,15,15,"1,335",14.8,0.07,0.27,0.34,0.07,0.00,0.00,0.07,0.00,0.02,0.02,0.20,0.22,1.69,4.32,3.38,0.07,0.27,0.34,0.07,0.34,0.02,0.20,0.22,0.02,0.22,Matches
598,Abdoul Coulibaly,de GER,DF,Werder Bremen,de Bundesliga,18-225,2007,14,13,"1,13",12.6,0.08,0.00,0.08,0.08,0.00,0.00,0.40,0.08,0.04,0.04,0.02,0.06,0.56,2.22,0.00,0.08,0.00,0.08,0.08,0.08,0.04,0.01,0.05,0.04,0.05,Matches
599,Mamadou Coulibaly,fr FRA,MF,Monaco,fr Ligue 1,21-257,2004,11,9,663,7.4,0.14,0.14,0.27,0.14,0.00,0.00,0.54,0.00,0.08,0.08,0.14,0.22,1.76,5.41,3.11,0.14,0.14,0.27,0.14,0.27,0.08,0.14,0.21,0.08,0.21,Matches
600,Yan Couto,br BRA,"DF,MF",Dortmund,de Bundesliga,23-214,2002,10,8,668,7.4,0.14,0.27,0.41,0.14,0.00,0.00,0.54,0.00,0.08,0.08,0.36,0.43,3.78,2.70,9.46,0.13,0.27,0.40,0.13,0.40,0.08,0.36,0.44,0.08,0.44,Matches
601,Bryan Cristante,it ITA,MF,Roma,it Serie A,30-306,1995,17,17,"1,395",15.5,0.06,0.00,0.06,0.06,0.00,0.00,0.26,0.00,0.06,0.06,0.04,0.10,1.16,8.26,1.87,0.06,0.00,0.06,0.06,0.06,0.06,0.04,0.10,0.06,0.10,Matches
602,Juan Cuadrado,co COL,"DF,MF",Pisa,it Serie A,37-222,1988,10,2,327,3.6,0.28,0.00,0.28,0.00,0.28,0.28,0.56,0.00,0.25,0.03,0.22,0.22,2.50,4.44,3.33,0.28,0.00,0.28,0.00,0.00,0.24,0.21,0.44,0.02,0.23,Matches
603,Montrell Culbreath,de GER,MF,Leverkusen,de Bundesliga,18-127,2007,1,0,14,0.2,5.00,0.00,5.00,5.00,0.00,0.00,0.00,0.00,3.00,3.00,0.50,3.50,5.00,0.00,5.00,6.43,0.00,6.43,6.43,6.43,3.83,0.54,4.37,3.83,4.37,Matches
604,Patrick Cutrone,it ITA,FW,Parma,it Serie A,28-000,1998,13,10,814,9.0,0.11,0.00,0.11,0.11,0.00,0.00,0.00,0.00,0.27,0.27,0.07,0.33,1.00,0.78,5.33,0.11,0.00,0.11,0.11,0.11,0.27,0.06,0.33,0.27,0.33,Matches
605,Mahmoud Dahoud,de GER,MF,Eint Frankfurt,de Bundesliga,30-002,1996,7,5,384,4.3,0.23,0.00,0.23,0.23,0.00,0.00,0.00,0.00,0.14,0.14,0.02,0.16,0.93,4.65,0.70,0.23,0.00,0.23,0.23,0.23,0.15,0.01,0.16,0.15,0.16,Matches
606,Thijs Dallinga,nl NED,FW,Bologna,it Serie A,25-153,2000,14,6,531,5.9,0.17,0.34,0.51,0.17,0.00,0.00,0.17,0.00,0.25,0.25,0.05,0.32,01.02,3.22,7.12,0.17,0.34,0.51,0.17,0.51,0.26,0.06,0.32,0.26,0.32,Matches
607,Diogo Dalot,pt POR,DF,Manchester Utd,eng Premier League,26-291,1999,17,14,"1,227",13.6,0.07,0.15,0.22,0.07,0.00,0.00,0.15,0.00,0.09,0.09,0.16,0.25,1.91,3.16,6.32,0.07,0.15,0.22,0.07,0.22,0.09,0.16,0.25,0.09,0.25,Matches
608,Mikkel Damsgaard,dk DEN,MF,Brentford,eng Premier League,25-184,2000,16,12,"1,046",11.6,0.09,0.26,0.34,0.09,0.00,0.00,0.00,0.00,0.09,0.09,0.25,0.34,1.64,5.26,4.48,0.09,0.26,0.34,0.09,0.34,0.09,0.25,0.33,0.09,0.33,Matches
609,Kévin Danois,fr FRA,MF,Auxerre,fr Ligue 1,21-189,2004,15,14,"1,241",13.8,0.07,0.07,0.14,0.07,0.00,0.00,0.14,0.00,0.09,0.09,0.18,0.27,1.96,5.58,02.03,0.07,0.07,0.15,0.07,0.15,0.09,0.18,0.27,0.09,0.27,Matches
610,Jonathan David,ca CAN,FW,Juventus,it Serie A,25-354,2000,16,6,650,7.2,0.14,0.28,0.42,0.14,0.00,0.00,0.00,0.00,0.18,0.18,0.29,0.47,1.81,2.50,08.06,0.14,0.28,0.42,0.14,0.42,0.18,0.29,0.47,0.18,0.47,Matches
611,Manuel De Luca,it ITA,FW,Cremonese,it Serie A,27-170,1998,2,0,16,0.2,5.00,0.00,5.00,0.00,5.00,5.00,0.00,0.00,5.50,1.50,0.00,1.50,5.00,0.00,5.00,5.63,0.00,5.63,0.00,0.00,6.30,0.00,6.30,1.57,1.57,Matches
612,Enrico Del Prato,it ITA,DF,Parma,it Serie A,26-054,1999,15,15,"1,305",14.5,0.07,0.00,0.07,0.07,0.00,0.00,0.21,0.00,0.12,0.12,0.01,0.12,0.48,2.48,0.90,0.07,0.00,0.07,0.07,0.07,0.11,0.01,0.12,0.11,0.12,Matches
613,Jessy Deminguet,fr FRA,MF,Metz,fr Ligue 1,27-361,1998,15,12,963,10.7,0.09,0.00,0.09,0.09,0.00,0.00,0.37,0.00,0.02,0.02,0.00,0.03,1.12,3.64,1.50,0.09,0.00,0.09,0.09,0.09,0.02,0.00,0.03,0.02,0.03,Matches
614,Leander Dendoncker,be BEL,MF,Oviedo,es La Liga,30-263,1995,15,15,"1,286",14.3,0.07,0.00,0.07,0.07,0.00,0.00,0.14,0.00,0.06,0.06,0.03,0.08,01.05,3.22,1.33,0.07,0.00,0.07,0.07,0.07,0.06,0.03,0.09,0.06,0.09,Matches
615,Justin Devenny,nir NIR,"MF,FW",Crystal Palace,eng Premier League,22-084,2003,15,3,385,4.3,0.23,0.00,0.23,0.00,0.23,0.23,0.00,0.00,0.56,0.37,0.05,0.42,02.09,2.33,6.51,0.23,0.00,0.23,0.00,0.00,0.56,0.05,0.61,0.38,0.43,Matches
616,Boulaye Dia,sn SEN,"FW,MF",Lazio,it Serie A,29-048,1996,13,10,801,8.9,0.11,0.00,0.11,0.11,0.00,0.00,0.00,0.00,0.21,0.21,0.02,0.24,0.45,1.35,4.83,0.11,0.00,0.11,0.11,0.11,0.21,0.02,0.24,0.21,0.24,Matches
617,Mouctar Diakhaby,gn GUI,DF,Valencia,es La Liga,29-015,1996,7,6,453,5.0,0.20,0.00,0.20,0.20,0.00,0.00,0.60,0.00,0.10,0.10,0.00,0.12,0.40,3.40,0.80,0.20,0.00,0.20,0.20,0.20,0.11,0.01,0.12,0.11,0.12,Matches
618,Soriba Diaoune,fr FRA,"FW,MF",Lille,fr Ligue 1,18-142,2007,2,0,17,0.2,5.00,5.00,10.0,5.00,0.00,0.00,0.00,0.00,1.00,1.00,0.50,1.50,5.00,0.00,20.0,5.29,5.29,10.59,5.29,10.59,1.23,0.28,1.50,1.23,1.50,Matches
619,Nouha Dicko,ml MLI,FW,Paris FC,fr Ligue 1,33-234,1992,8,0,72,0.8,1.25,1.25,2.50,1.25,0.00,0.00,0.00,0.00,0.50,0.50,0.25,0.75,1.25,1.25,12.5,1.25,1.25,2.50,1.25,2.50,0.50,0.22,0.72,0.50,0.72,Matches
620,Eric Dier,eng ENG,DF,Monaco,fr Ligue 1,31-353,1994,6,6,540,6.0,0.17,0.00,0.17,0.17,0.00,0.00,0.00,0.00,0.08,0.08,0.02,0.10,0.33,6.50,0.83,0.17,0.00,0.17,0.17,0.17,0.08,0.02,0.10,0.08,0.10,Matches
621,Junior Dina Ebimbe,cm CMR,"FW,MF",Brest,fr Ligue 1,25-043,2000,11,4,349,3.9,0.26,0.00,0.26,0.26,0.00,0.00,0.26,0.00,0.28,0.28,0.15,0.44,1.28,1.28,2.82,0.26,0.00,0.26,0.26,0.26,0.28,0.15,0.43,0.28,0.43,Matches
622,Sinaly Diomande,ci CIV,DF,Auxerre,fr Ligue 1,24-269,2001,6,6,517,5.7,0.18,0.00,0.18,0.18,0.00,0.00,0.35,0.18,0.21,0.21,0.00,0.21,0.35,2.46,0.00,0.17,0.00,0.17,0.17,0.17,0.21,0.00,0.21,0.21,0.21,Matches
623,Jeremy Doku,be BEL,"MF,FW",Manchester City,eng Premier League,23-221,2002,16,11,978,10.9,0.09,0.37,0.46,0.09,0.00,0.00,0.00,0.00,0.15,0.15,0.56,0.72,10.4,4.86,10.7,0.09,0.37,0.46,0.09,0.46,0.15,0.57,0.72,0.15,0.72,Matches
624,John Donald,es ESP,"DF,MF",Elche,es La Liga,25-126,2000,11,3,303,3.4,0.29,0.00,0.29,0.29,0.00,0.00,0.29,0.00,0.12,0.12,0.00,0.12,0.59,2.65,1.76,0.30,0.00,0.30,0.30,0.30,0.10,0.00,0.10,0.10,0.10,Matches
625,Patrick Dorgu,dk DEN,"DF,FW",Manchester Utd,eng Premier League,21-069,2004,18,10,985,10.9,0.09,0.18,0.28,0.09,0.00,0.00,0.37,0.00,0.09,0.09,0.17,0.27,3.76,1.83,8.53,0.09,0.18,0.27,0.09,0.27,0.09,0.18,0.26,0.09,0.26,Matches
626,Lohann Doucet,fr FRA,MF,Paris FC,fr Ligue 1,23-111,2002,5,1,121,1.3,0.77,0.00,0.77,0.77,0.00,0.00,1.54,0.00,0.23,0.23,0.08,0.31,1.54,10.0,0.77,0.74,0.00,0.74,0.74,0.74,0.22,0.04,0.27,0.22,0.27,Matches
627,Guela Doué,ci CIV,DF,Strasbourg,fr Ligue 1,23-078,2002,12,11,996,11.1,0.09,0.27,0.36,0.09,0.00,0.00,0.18,0.00,0.09,0.09,0.13,0.22,1.62,6.76,2.79,0.09,0.27,0.36,0.09,0.36,0.09,0.12,0.21,0.09,0.21,Matches
628,Denzel Dumfries,nl NED,DF,Inter,it Serie A,29-260,1996,11,9,719,8.0,0.13,0.00,0.13,0.13,0.00,0.00,0.13,0.00,0.19,0.19,0.13,0.30,1.63,2.13,8.25,0.13,0.00,0.13,0.13,0.13,0.18,0.12,0.30,0.18,0.30,Matches
629,Paulo Dybala,ar ARG,"FW,MF",Roma,it Serie A,32-049,1993,12,7,652,7.2,0.14,0.14,0.28,0.14,0.00,0.14,0.00,0.00,0.38,0.26,0.22,0.49,02.08,5.00,07.08,0.14,0.14,0.28,0.14,0.28,0.37,0.22,0.59,0.26,0.48,Matches
630,Adam Dźwigała,pl POL,DF,St. Pauli,de Bundesliga,30-100,1995,9,6,589,6.5,0.15,0.00,0.15,0.15,0.00,0.00,0.46,0.00,0.02,0.02,0.03,0.05,0.31,3.85,0.62,0.15,0.00,0.15,0.15,0.15,0.01,0.03,0.04,0.01,0.04,Matches
Rk,Player,Nation,Pos,Squad,Comp,Age,Born,MP,Starts,Min,90s,Gls,Ast,G+A,G-PK,PK,PKatt,CrdY,CrdR,xG,npxG,xAG,npxG+xAG,PrgC,PrgP,PrgR,Gls,Ast,G+A,G-PK,G+A-PK,xG,xAG,xG+xAG,npxG,npxG+xAG,Matches
631,Chidera Ejuke,ng NGA,"FW,MF",Sevilla,es La Liga,28-001,1998,12,4,390,4.3,0.23,0.23,0.47,0.23,0.00,0.00,0.00,0.00,0.23,0.23,0.26,0.49,3.72,4.42,10.2,0.23,0.23,0.46,0.23,0.46,0.22,0.25,0.47,0.22,0.47,Matches
632,Jurgen Ekkelenkamp,nl NED,MF,Udinese,it Serie A,25-273,2000,13,10,811,9.0,0.11,0.00,0.11,0.11,0.00,0.00,0.00,0.00,0.17,0.17,0.09,0.26,1.78,1.89,3.89,0.11,0.00,0.11,0.11,0.11,0.16,0.09,0.25,0.16,0.25,Matches
633,Caleb Ekuban,gh GHA,FW,Genoa,it Serie A,31-286,1994,15,3,500,5.6,0.18,0.18,0.36,0.18,0.00,0.00,0.00,0.00,0.25,0.25,0.14,0.39,1.43,1.61,4.82,0.18,0.18,0.36,0.18,0.36,0.25,0.15,0.40,0.25,0.40,Matches
634,Mikael Ellertsson,is ISL,"DF,FW",Genoa,it Serie A,23-298,2002,16,13,"1,172",13.0,0.08,0.08,0.15,0.08,0.00,0.00,0.08,0.00,0.12,0.12,0.09,0.22,1.15,1.92,3.23,0.08,0.08,0.15,0.08,0.15,0.12,0.09,0.21,0.12,0.21,Matches
635,Yannik Engelhardt,de GER,MF,Gladbach,de Bundesliga,24-330,2001,13,12,"1,06",11.8,0.08,0.08,0.17,0.08,0.00,0.00,0.00,0.00,0.07,0.07,0.03,0.10,0.85,2.88,1.36,0.08,0.08,0.17,0.08,0.17,0.07,0.03,0.10,0.07,0.10,Matches
636,Alfonso Espino,uy URU,"FW,DF",Rayo Vallecano,es La Liga,33-363,1992,12,3,372,4.1,0.24,0.00,0.24,0.24,0.00,0.00,0.00,0.00,0.24,0.24,0.12,0.37,1.22,2.20,9.27,0.24,0.00,0.24,0.24,0.24,0.23,0.13,0.36,0.23,0.36,Matches
637,Francesco Esposito,it ITA,FW,Inter,it Serie A,20-189,2005,14,3,481,5.3,0.19,0.38,0.57,0.19,0.00,0.00,0.19,0.00,0.38,0.38,0.11,0.49,0.57,3.21,6.98,0.19,0.37,0.56,0.19,0.56,0.37,0.12,0.49,0.37,0.49,Matches
638,Samuel Essende,cd COD,FW,Augsburg,de Bundesliga,27-345,1998,10,2,326,3.6,0.28,0.00,0.28,0.28,0.00,0.00,0.56,0.00,0.33,0.33,0.03,0.36,1.67,1.94,4.72,0.28,0.00,0.28,0.28,0.28,0.33,0.04,0.37,0.33,0.37,Matches
639,Karl Etta Eyong,cm CMR,FW,Villarreal,es La Liga,22-081,2003,3,3,256,2.8,0.36,0.71,01.07,0.36,0.00,0.00,0.00,0.00,0.32,0.32,0.25,0.61,01.07,1.43,3.57,0.35,0.70,01.05,0.35,01.05,0.33,0.26,0.59,0.33,0.59,Matches
640,Giovanni Fabbian,it ITA,MF,Bologna,it Serie A,22-354,2003,10,6,498,5.5,0.18,0.00,0.18,0.18,0.00,0.00,0.00,0.00,0.24,0.24,0.02,0.25,01.09,2.73,3.27,0.18,0.00,0.18,0.18,0.18,0.24,0.02,0.26,0.24,0.26,Matches
641,Alieu Fadera,gm GAM,FW,Sassuolo,it Serie A,24-061,2001,16,4,547,6.1,0.16,0.16,0.33,0.16,0.00,0.00,0.49,0.00,0.23,0.23,0.08,0.31,3.61,2.13,8.20,0.16,0.16,0.33,0.16,0.33,0.23,0.09,0.32,0.23,0.32,Matches
642,Aleix Febas,es ESP,MF,Elche,es La Liga,29-335,1996,17,17,"1,53",17.0,0.06,0.00,0.06,0.06,0.00,0.00,0.18,0.00,0.08,0.08,0.04,0.12,3.29,07.06,3.29,0.06,0.00,0.06,0.06,0.06,0.08,0.04,0.12,0.08,0.12,Matches
643,Robin Fellhauer,de GER,"DF,MF",Augsburg,de Bundesliga,27-347,1998,15,13,"1,207",13.4,0.07,0.07,0.15,0.07,0.00,0.00,0.07,0.00,0.07,0.07,0.08,0.15,1.34,2.54,4.48,0.07,0.07,0.15,0.07,0.15,0.07,0.08,0.15,0.07,0.15,Matches
644,Seko Fofana,ci CIV,MF,Rennes,fr Ligue 1,30-241,1995,11,7,654,7.3,0.14,0.00,0.14,0.14,0.00,0.00,0.00,0.00,0.14,0.14,0.07,0.22,3.15,5.62,5.48,0.14,0.00,0.14,0.14,0.14,0.14,0.07,0.22,0.14,0.22,Matches
645,Youssouf Fofana,fr FRA,MF,Milan,it Serie A,26-358,1999,15,14,"1,131",12.6,0.08,0.08,0.16,0.08,0.00,0.00,0.24,0.00,0.17,0.17,0.11,0.27,1.67,3.10,3.41,0.08,0.08,0.16,0.08,0.16,0.17,0.11,0.27,0.17,0.27,Matches
646,Jonas Föhrenbach,de GER,DF,Heidenheim,de Bundesliga,29-342,1996,15,14,"1,314",14.6,0.07,0.07,0.14,0.07,0.00,0.00,0.07,0.00,0.03,0.03,0.11,0.14,1.10,2.60,03.01,0.07,0.07,0.14,0.07,0.14,0.03,0.11,0.14,0.03,0.14,Matches
647,Francesco Folino,it ITA,DF,Cremonese,it Serie A,23-345,2002,6,1,108,1.2,0.83,0.00,0.83,0.83,0.00,0.00,0.00,0.00,0.08,0.08,0.00,0.08,1.67,0.83,0.00,0.83,0.00,0.83,0.83,0.83,0.10,0.00,0.10,0.10,0.10,Matches
648,Michael Folorunsho,it ITA,"MF,FW",Cagliari,it Serie A,27-330,1998,16,16,"1,306",14.5,0.07,0.00,0.07,0.07,0.00,0.00,0.21,0.00,0.17,0.17,0.03,0.20,1.79,1.31,4.14,0.07,0.00,0.07,0.07,0.07,0.17,0.04,0.20,0.17,0.20,Matches
649,Héctor Fort,es ESP,DF,Elche,es La Liga,19-154,2006,9,5,327,3.6,0.28,0.56,0.83,0.28,0.00,0.00,0.00,0.00,0.14,0.14,0.11,0.25,5.00,2.78,8.33,0.28,0.55,0.83,0.28,0.83,0.15,0.11,0.25,0.15,0.25,Matches
650,Oscar Fraulo,dk DEN,"MF,DF",Gladbach,de Bundesliga,22-028,2003,4,0,43,0.5,2.00,0.00,2.00,2.00,0.00,0.00,0.00,0.00,0.80,0.80,0.00,0.80,0.00,6.00,0.00,02.09,0.00,02.09,02.09,02.09,0.75,0.00,0.75,0.75,0.75,Matches
651,Marco Friedl,at AUT,DF,Werder Bremen,de Bundesliga,27-293,1998,14,14,"1,218",13.5,0.07,0.00,0.07,0.07,0.00,0.00,0.30,0.00,0.04,0.04,0.01,0.04,0.81,4.74,1.85,0.07,0.00,0.07,0.07,0.07,0.03,0.01,0.04,0.03,0.04,Matches
652,Tiago Gabriel,pt POR,DF,Lecce,it Serie A,21-008,2004,16,15,"1,362",15.1,0.07,0.00,0.07,0.07,0.00,0.00,0.07,0.00,0.13,0.13,0.00,0.13,0.26,1.46,0.07,0.07,0.00,0.07,0.07,0.07,0.12,0.00,0.12,0.12,0.12,Matches
653,Roberto Gagliardini,it ITA,MF,Hellas Verona,it Serie A,31-271,1994,11,9,797,8.9,0.11,0.00,0.11,0.11,0.00,0.00,0.45,0.00,0.04,0.04,0.01,0.06,0.79,4.94,1.24,0.11,0.00,0.11,0.11,0.11,0.04,0.01,0.05,0.04,0.05,Matches
654,Eric García,es ESP,"DF,MF",Barcelona,es La Liga,24-359,2001,18,16,"1,378",15.3,0.07,0.00,0.07,0.07,0.00,0.00,0.07,0.00,0.12,0.12,0.08,0.20,0.92,7.12,1.96,0.07,0.00,0.07,0.07,0.07,0.12,0.08,0.20,0.12,0.20,Matches
655,Rubén García,es ESP,"FW,MF",Osasuna,es La Liga,32-173,1993,15,9,793,8.8,0.11,0.45,0.57,0.11,0.00,0.00,0.11,0.00,0.08,0.08,0.22,0.28,1.14,2.73,4.77,0.11,0.45,0.57,0.11,0.57,0.08,0.21,0.29,0.08,0.29,Matches
656,Alejandro Garnacho,ar ARG,FW,Chelsea,eng Premier League,21-186,2004,13,10,761,8.5,0.12,0.35,0.47,0.12,0.00,0.00,0.12,0.00,0.22,0.22,0.36,0.59,7.53,1.53,13.8,0.12,0.35,0.47,0.12,0.47,0.23,0.36,0.59,0.23,0.59,Matches
657,Federico Gatti,it ITA,DF,Juventus,it Serie A,27-193,1998,10,9,777,8.6,0.12,0.00,0.12,0.12,0.00,0.00,0.35,0.00,0.14,0.14,0.01,0.15,1.28,3.84,0.12,0.12,0.00,0.12,0.12,0.12,0.14,0.01,0.15,0.14,0.15,Matches
658,Jean-Philippe Gbamin,ci CIV,DF,Metz,fr Ligue 1,30-100,1995,16,16,"1,37",15.2,0.07,0.07,0.13,0.07,0.00,0.00,0.00,0.00,0.09,0.09,0.07,0.16,0.92,2.17,0.00,0.07,0.07,0.13,0.07,0.13,0.09,0.07,0.16,0.09,0.16,Matches
659,Billy Gilmour,sct SCO,MF,Napoli,it Serie A,24-206,2001,9,5,413,4.6,0.22,0.00,0.22,0.22,0.00,0.00,0.22,0.00,0.07,0.07,0.07,0.13,1.52,9.78,1.74,0.22,0.00,0.22,0.22,0.22,0.07,0.06,0.13,0.07,0.13,Matches
660,Robert Glatzel,de GER,"FW,MF",Hamburger SV,de Bundesliga,31-360,1994,9,1,120,1.3,0.77,0.00,0.77,0.77,0.00,0.00,0.00,0.00,0.69,0.69,0.15,0.85,0.00,1.54,5.38,0.75,0.00,0.75,0.75,0.75,0.69,0.17,0.86,0.69,0.86,Matches
661,Rodrigo Gomes,pt POR,"FW,DF",Wolves,eng Premier League,22-180,2003,6,4,331,3.7,0.27,0.00,0.27,0.27,0.00,0.00,0.00,0.00,0.27,0.27,0.03,0.30,3.51,1.89,10.0,0.27,0.00,0.27,0.27,0.27,0.26,0.04,0.30,0.26,0.30,Matches
662,Valentín Gómez,ar ARG,DF,Betis,es La Liga,22-191,2003,13,8,834,9.3,0.11,0.00,0.11,0.11,0.00,0.00,0.32,0.00,0.08,0.08,0.04,0.12,0.86,3.12,2.37,0.11,0.00,0.11,0.11,0.11,0.07,0.04,0.11,0.07,0.11,Matches
663,Tidiam Gomis,fr FRA,FW,RB Leipzig,de Bundesliga,19-148,2006,7,1,176,2.0,0.50,0.00,0.50,0.50,0.00,0.00,0.00,0.00,0.15,0.15,0.00,0.15,4.50,2.00,10.5,0.51,0.00,0.51,0.51,0.51,0.14,0.00,0.14,0.14,0.14,Matches
664,Nicolás González,es ESP,MF,Manchester City,eng Premier League,24-000,2002,18,14,"1,272",14.1,0.07,0.00,0.07,0.07,0.00,0.00,0.28,0.00,0.04,0.04,0.04,0.08,1.42,5.60,0.85,0.07,0.00,0.07,0.07,0.07,0.04,0.04,0.08,0.04,0.08,Matches
665,Nicolás González,ar ARG,"MF,DF",Atlético Madrid,es La Liga,27-272,1998,15,13,931,10.3,0.10,0.00,0.10,0.10,0.00,0.00,0.19,0.00,0.20,0.20,0.13,0.33,2.14,2.62,6.99,0.10,0.00,0.10,0.10,0.10,0.20,0.13,0.33,0.20,0.33,Matches
Rk,Player,Nation,Pos,Squad,Comp,Age,Born,MP,Starts,Min,90s,Gls,Ast,G+A,G-PK,PK,PKatt,CrdY,CrdR,xG,npxG,xAG,npxG+xAG,PrgC,PrgP,PrgR,Gls,Ast,G+A,G-PK,G+A-PK,xG,xAG,xG+xAG,npxG,npxG+xAG,Matches
666,Jon Gorrotxategi,es ESP,MF,Real Sociedad,es La Liga,23-335,2002,16,15,"1,313",14.6,0.07,0.07,0.14,0.07,0.00,0.00,0.41,0.00,0.04,0.04,0.03,0.08,0.96,4.11,0.75,0.07,0.07,0.14,0.07,0.14,0.04,0.03,0.07,0.04,0.07,Matches
667,Alimami Gory,ml MLI,"FW,MF",Paris FC,fr Ligue 1,29-126,1996,9,1,269,3.0,0.33,0.00,0.33,0.33,0.00,0.00,0.00,0.00,0.30,0.30,0.00,0.30,1.00,1.33,7.00,0.33,0.00,0.33,0.33,0.33,0.31,0.00,0.31,0.31,0.31,Matches
668,Robin Gosens,de GER,DF,Fiorentina,it Serie A,31-182,1994,10,9,738,8.2,0.12,0.00,0.12,0.12,0.00,0.00,0.12,0.00,0.21,0.21,0.07,0.28,0.73,2.44,5.98,0.12,0.00,0.12,0.12,0.12,0.21,0.07,0.28,0.21,0.28,Matches
669,Amine Gouiri,dz ALG,"FW,MF",Marseille,fr Ligue 1,25-321,2000,6,5,378,4.2,0.24,0.24,0.48,0.24,0.00,0.00,0.00,0.00,0.45,0.45,0.12,0.55,1.67,1.67,4.29,0.24,0.24,0.48,0.24,0.48,0.45,0.11,0.56,0.45,0.56,Matches
670,Archie Gray,eng ENG,MF,Tottenham,eng Premier League,19-297,2006,9,7,527,5.9,0.17,0.00,0.17,0.17,0.00,0.00,0.51,0.00,0.10,0.10,0.02,0.14,1.19,2.88,0.51,0.17,0.00,0.17,0.17,0.17,0.11,0.02,0.13,0.11,0.13,Matches
671,Brajan Gruda,de GER,"MF,FW",Brighton,eng Premier League,21-217,2004,15,6,554,6.2,0.16,0.16,0.32,0.16,0.00,0.00,0.32,0.00,0.26,0.26,0.15,0.40,03.06,3.39,8.39,0.16,0.16,0.32,0.16,0.32,0.27,0.14,0.41,0.27,0.41,Matches
672,Nemanja Gudelj,rs SRB,"MF,DF",Sevilla,es La Liga,34-048,1991,14,9,888,9.9,0.10,0.00,0.10,0.10,0.00,0.00,0.30,0.00,0.05,0.05,0.01,0.06,0.40,2.22,0.20,0.10,0.00,0.10,0.10,0.10,0.05,0.01,0.06,0.05,0.06,Matches
673,Ander Guevara,es ESP,MF,Alavés,es La Liga,28-180,1997,11,2,355,3.9,0.26,0.00,0.26,0.26,0.00,0.00,0.51,0.00,0.03,0.03,0.03,0.05,0.51,5.38,1.28,0.25,0.00,0.25,0.25,0.25,0.03,0.02,0.04,0.03,0.04,Matches
674,Morgan Guilavogui,gn GUI,"MF,FW",Lens,fr Ligue 1,27-299,1998,15,3,466,5.2,0.19,0.00,0.19,0.19,0.00,0.00,0.38,0.19,0.23,0.23,0.23,0.44,1.15,5.77,6.15,0.19,0.00,0.19,0.19,0.19,0.23,0.22,0.45,0.23,0.45,Matches
675,Gorka Guruzeta,es ESP,FW,Athletic Club,es La Liga,29-113,1996,16,12,978,10.9,0.09,0.00,0.09,0.09,0.00,0.00,0.09,0.00,0.39,0.39,0.06,0.45,0.37,1.65,5.32,0.09,0.00,0.09,0.09,0.09,0.38,0.07,0.45,0.38,0.45,Matches
676,Albian Hajdari,xk KVX,DF,Hoffenheim,de Bundesliga,22-230,2003,13,12,"1,017",11.3,0.09,0.00,0.09,0.09,0.00,0.00,0.44,0.00,0.12,0.12,0.05,0.18,0.71,3.98,0.00,0.09,0.00,0.09,0.09,0.09,0.13,0.05,0.18,0.13,0.18,Matches
677,Conrad Harder,dk DEN,FW,RB Leipzig,de Bundesliga,20-271,2005,13,5,490,5.4,0.19,0.37,0.56,0.19,0.00,0.00,0.56,0.00,0.30,0.30,0.28,0.57,3.15,1.11,8.89,0.18,0.37,0.55,0.18,0.55,0.30,0.27,0.57,0.30,0.57,Matches
678,Hwang Hee-chan,kr KOR,"FW,MF",Wolves,eng Premier League,29-342,1996,14,9,733,8.1,0.12,0.00,0.12,0.12,0.00,0.00,0.25,0.00,0.16,0.16,0.02,0.19,1.73,2.47,5.31,0.12,0.00,0.12,0.12,0.12,0.16,0.02,0.18,0.16,0.18,Matches
679,Jordan Henderson,eng ENG,MF,Brentford,eng Premier League,35-200,1990,18,15,"1,312",14.6,0.07,0.21,0.27,0.07,0.00,0.00,0.27,0.00,0.02,0.02,0.13,0.15,0.41,5.48,1.37,0.07,0.21,0.27,0.07,0.27,0.02,0.13,0.15,0.02,0.15,Matches
680,Mario Hermoso,es ESP,DF,Roma,it Serie A,30-199,1995,13,11,"1,021",11.3,0.09,0.00,0.09,0.09,0.00,0.00,0.35,0.00,0.04,0.04,0.02,0.05,0.27,3.63,1.15,0.09,0.00,0.09,0.09,0.09,0.03,0.02,0.05,0.03,0.05,Matches
681,Isak Hien,se SWE,DF,Atalanta,it Serie A,26-355,1999,15,15,"1,282",14.2,0.07,0.00,0.07,0.07,0.00,0.00,0.21,0.00,0.05,0.05,0.01,0.05,0.07,2.39,0.21,0.07,0.00,0.07,0.07,0.07,0.05,0.01,0.05,0.05,0.05,Matches
682,Jack Hinshelwood,eng ENG,MF,Brighton,eng Premier League,20-267,2005,11,5,505,5.6,0.18,0.18,0.36,0.18,0.00,0.00,0.00,0.00,0.07,0.07,0.04,0.13,1.43,3.39,1.25,0.18,0.18,0.36,0.18,0.36,0.08,0.04,0.12,0.08,0.12,Matches
683,Lucas Höler,de GER,"FW,MF",Freiburg,de Bundesliga,31-177,1994,14,13,"1,039",11.5,0.09,0.09,0.17,0.09,0.00,0.00,0.00,0.00,0.18,0.18,0.11,0.29,0.52,02.09,4.70,0.09,0.09,0.17,0.09,0.17,0.18,0.11,0.29,0.18,0.29,Matches
684,Emil Holm,se SWE,DF,Bologna,it Serie A,25-235,2000,8,5,464,5.2,0.19,0.77,0.96,0.19,0.00,0.00,0.38,0.19,0.13,0.13,0.29,0.42,1.15,5.77,3.46,0.19,0.78,0.97,0.19,0.97,0.13,0.29,0.42,0.13,0.42,Matches
685,Dean Huijsen,es ESP,DF,Real Madrid,es La Liga,20-264,2005,13,12,964,10.7,0.09,0.09,0.19,0.09,0.00,0.00,0.28,0.09,0.14,0.14,0.10,0.24,1.21,07.01,0.56,0.09,0.09,0.19,0.09,0.19,0.14,0.10,0.24,0.14,0.24,Matches
686,Omari Hutchinson,eng ENG,FW,Nott'ham Forest,eng Premier League,22-065,2003,14,6,749,8.3,0.12,0.24,0.36,0.12,0.00,0.00,0.00,0.00,0.18,0.18,0.25,0.43,5.18,2.53,10.6,0.12,0.24,0.36,0.12,0.36,0.18,0.25,0.44,0.18,0.44,Matches
687,Edoardo Iannoni,it ITA,MF,Sassuolo,it Serie A,24-267,2001,7,0,80,0.9,1.11,0.00,1.11,1.11,0.00,0.00,2.22,0.00,0.44,0.44,0.00,0.44,1.11,5.56,0.00,1.13,0.00,1.13,1.13,1.13,0.45,0.00,0.45,0.45,0.45,Matches
688,Pablo Ibáñez,es ESP,MF,Alavés,es La Liga,27-105,1998,17,12,985,10.9,0.09,0.00,0.09,0.09,0.00,0.00,0.28,0.00,0.24,0.24,0.04,0.28,2.29,4.31,04.04,0.09,0.00,0.09,0.09,0.09,0.24,0.04,0.28,0.24,0.28,Matches
689,Riyad Idrissi,it ITA,DF,Cagliari,it Serie A,20-204,2005,14,3,518,5.8,0.17,0.00,0.17,0.17,0.00,0.00,0.34,0.00,0.07,0.07,0.03,0.10,1.90,2.59,3.45,0.17,0.00,0.17,0.17,0.17,0.07,0.03,0.10,0.07,0.10,Matches
690,Iglesias,es ESP,DF,Getafe,es La Liga,27-184,1998,17,16,"1,427",15.9,0.06,0.00,0.06,0.06,0.00,0.00,0.13,0.00,0.04,0.04,0.03,0.08,0.75,2.83,1.51,0.06,0.00,0.06,0.06,0.06,0.04,0.03,0.07,0.04,0.07,Matches
691,Luka Ilić,rs SRB,"MF,FW",Oviedo,es La Liga,26-185,1999,13,6,543,6.0,0.17,0.00,0.17,0.17,0.00,0.00,0.67,0.17,0.07,0.07,0.02,0.08,0.50,2.50,2.67,0.17,0.00,0.17,0.17,0.17,0.06,0.02,0.08,0.06,0.08,Matches
692,Ricky Jade-Jones,eng ENG,FW,St. Pauli,de Bundesliga,24-193,2001,3,0,70,0.8,1.25,0.00,1.25,1.25,0.00,0.00,1.25,0.00,0.00,0.00,0.13,0.13,2.50,1.25,6.25,1.29,0.00,1.29,1.29,1.29,0.04,0.15,0.19,0.04,0.19,Matches
693,Kristijan Jakić,hr CRO,"MF,DF",Augsburg,de Bundesliga,28-234,1997,12,10,909,10.1,0.10,0.10,0.20,0.10,0.00,0.00,0.20,0.00,0.05,0.05,0.07,0.12,0.69,4.16,1.78,0.10,0.10,0.20,0.10,0.20,0.05,0.07,0.12,0.05,0.12,Matches
694,Isak Jansson,se SWE,"MF,FW",Nice,fr Ligue 1,23-337,2002,12,5,472,5.2,0.19,0.00,0.19,0.19,0.00,0.00,0.38,0.00,0.29,0.29,0.13,0.42,3.27,2.31,6.15,0.19,0.00,0.19,0.19,0.19,0.29,0.13,0.42,0.29,0.42,Matches
695,Mikel Jauregizar,es ESP,MF,Athletic Club,es La Liga,22-051,2003,18,18,"1,555",17.3,0.06,0.00,0.06,0.06,0.00,0.00,0.12,0.00,0.06,0.06,0.04,0.10,0.58,6.36,1.68,0.06,0.00,0.06,0.06,0.06,0.06,0.04,0.10,0.06,0.10,Matches
696,Castrop Jens,kr KOR,"MF,DF",Gladbach,de Bundesliga,22-158,2003,11,9,668,7.4,0.14,0.00,0.14,0.14,0.00,0.00,0.14,0.14,0.20,0.20,0.09,0.30,2.16,3.65,5.41,0.13,0.00,0.13,0.13,0.13,0.20,0.09,0.30,0.20,0.30,Matches
697,Oliver Jensen,dk DEN,MF,Parma,it Serie A,23-299,2002,15,9,910,10.1,0.10,0.00,0.10,0.10,0.00,0.00,0.20,0.00,0.12,0.12,0.01,0.12,0.99,2.77,2.57,0.10,0.00,0.10,0.10,0.10,0.11,0.01,0.12,0.11,0.12,Matches
698,Gabriel Jesus,br BRA,FW,Arsenal,eng Premier League,28-275,1997,4,0,70,0.8,1.25,0.00,1.25,1.25,0.00,0.00,1.25,0.00,0.37,0.37,0.00,0.37,5.00,3.75,5.00,1.29,0.00,1.29,1.29,1.29,0.42,0.00,0.42,0.42,0.42,Matches
699,Igor Jesus,br BRA,FW,Nott'ham Forest,eng Premier League,24-312,2001,18,11,975,10.8,0.09,0.09,0.19,0.09,0.00,0.00,0.00,0.00,0.31,0.31,0.11,0.43,0.83,1.67,5.00,0.09,0.09,0.18,0.09,0.18,0.31,0.11,0.42,0.31,0.42,Matches
700,Joelinton,br BRA,MF,Newcastle Utd,eng Premier League,29-142,1996,15,13,"1,046",11.6,0.09,0.00,0.09,0.09,0.00,0.00,0.34,0.00,0.09,0.09,0.12,0.20,1.38,4.83,3.97,0.09,0.00,0.09,0.09,0.09,0.08,0.12,0.20,0.08,0.20,Matches
Rk,Player,Nation,Pos,Squad,Comp,Age,Born,MP,Starts,Min,90s,Gls,Ast,G+A,G-PK,PK,PKatt,CrdY,CrdR,xG,npxG,xAG,npxG+xAG,PrgC,PrgP,PrgR,Gls,Ast,G+A,G-PK,G+A-PK,xG,xAG,xG+xAG,npxG,npxG+xAG,Matches
701,Ísak Jóhannesson,is ISL,MF,Köln,de Bundesliga,22-286,2003,15,12,"1,02",11.3,0.09,0.00,0.09,0.09,0.00,0.00,0.27,0.00,0.06,0.06,0.11,0.16,1.33,4.78,3.10,0.09,0.00,0.09,0.09,0.09,0.06,0.10,0.16,0.06,0.16,Matches
702,Ozan Kabak,tr TUR,DF,Hoffenheim,de Bundesliga,25-284,2000,7,1,189,2.1,0.48,0.00,0.48,0.48,0.00,0.00,0.00,0.00,0.29,0.29,0.00,0.29,0.48,3.81,0.48,0.48,0.00,0.48,0.48,0.48,0.30,0.00,0.30,0.30,0.30,Matches
703,Christian Kabasele,be BEL,DF,Udinese,it Serie A,34-313,1991,12,12,934,10.4,0.10,0.00,0.10,0.10,0.00,0.00,0.19,0.00,0.04,0.04,0.00,0.04,0.19,01.06,0.19,0.10,0.00,0.10,0.10,0.10,0.04,0.00,0.04,0.04,0.04,Matches
704,Florian Kainz,at AUT,MF,Köln,de Bundesliga,33-071,1992,10,2,241,2.7,0.37,0.00,0.37,0.37,0.00,0.00,0.00,0.00,0.26,0.26,0.07,0.37,3.70,8.89,5.19,0.37,0.00,0.37,0.37,0.37,0.27,0.09,0.36,0.27,0.36,Matches
705,Pierre Kalulu,fr FRA,DF,Juventus,it Serie A,25-212,2000,17,17,"1,53",17.0,0.06,0.06,0.12,0.06,0.00,0.00,0.06,0.00,0.05,0.05,0.11,0.15,02.06,5.59,3.24,0.06,0.06,0.12,0.06,0.12,0.05,0.10,0.15,0.05,0.15,Matches
706,Boubacar Kamara,fr FRA,MF,Aston Villa,eng Premier League,26-041,1999,16,15,"1,24",13.8,0.07,0.22,0.29,0.07,0.00,0.00,0.36,0.00,0.03,0.03,0.05,0.08,0.65,4.57,0.58,0.07,0.22,0.29,0.07,0.29,0.03,0.05,0.08,0.03,0.08,Matches
707,Lee Kang-in,kr KOR,"MF,FW",Paris S-G,fr Ligue 1,24-318,2001,14,11,863,9.6,0.10,0.21,0.31,0.10,0.00,0.00,0.21,0.00,0.17,0.17,0.21,0.38,1.98,7.60,7.71,0.10,0.21,0.31,0.10,0.31,0.17,0.21,0.38,0.17,0.38,Matches
708,Adam Karabec,cz CZE,FW,Lyon,fr Ligue 1,22-185,2003,14,9,758,8.4,0.12,0.00,0.12,0.12,0.00,0.00,0.24,0.00,0.18,0.18,0.13,0.32,2.26,2.98,7.38,0.12,0.00,0.12,0.12,0.12,0.18,0.13,0.32,0.18,0.32,Matches
709,Jesper Karlström,se SWE,MF,Udinese,it Serie A,30-196,1995,17,17,"1,507",16.7,0.06,0.00,0.06,0.06,0.00,0.00,0.24,0.00,0.02,0.02,0.04,0.06,01.02,3.77,0.84,0.06,0.00,0.06,0.06,0.06,0.02,0.04,0.06,0.02,0.06,Matches
710,Mikkel Kaufmann,dk DEN,FW,Heidenheim,de Bundesliga,25-000,2001,9,5,413,4.6,0.22,0.22,0.43,0.22,0.00,0.00,0.43,0.00,0.22,0.22,0.26,0.48,0.65,2.17,3.48,0.22,0.22,0.44,0.22,0.44,0.22,0.25,0.47,0.22,0.47,Matches
711,Yassine Kechta,ma MAR,MF,Le Havre,fr Ligue 1,23-312,2002,15,11,918,10.2,0.10,0.10,0.20,0.10,0.00,0.00,0.20,0.00,0.13,0.13,0.09,0.22,1.76,2.65,3.73,0.10,0.10,0.20,0.10,0.20,0.12,0.09,0.21,0.12,0.21,Matches
712,Lloyd Kelly,eng ENG,DF,Juventus,it Serie A,27-089,1998,15,15,"1,35",15.0,0.07,0.00,0.07,0.07,0.00,0.00,0.20,0.00,0.03,0.03,0.01,0.04,0.93,3.87,1.27,0.07,0.00,0.07,0.07,0.07,0.03,0.01,0.04,0.03,0.04,Matches
713,Milos Kerkez,hu HUN,DF,Liverpool,eng Premier League,22-057,2003,18,15,"1,236",13.7,0.07,0.00,0.07,0.07,0.00,0.00,0.22,0.00,0.07,0.07,0.07,0.15,1.82,5.18,6.79,0.07,0.00,0.07,0.07,0.07,0.07,0.07,0.14,0.07,0.14,Matches
714,Joshua Kimmich,de GER,MF,Bayern Munich,de Bundesliga,30-329,1995,13,11,"1,049",11.7,0.09,0.34,0.43,0.09,0.00,0.00,0.26,0.00,0.09,0.09,0.21,0.30,1.37,10.8,2.22,0.09,0.34,0.43,0.09,0.43,0.09,0.21,0.30,0.09,0.30,Matches
715,Dominik Kohr,de GER,DF,Mainz 05,de Bundesliga,31-337,1994,11,11,895,9.9,0.10,0.00,0.10,0.10,0.00,0.00,0.51,0.20,0.09,0.09,0.08,0.17,0.91,5.56,1.41,0.10,0.00,0.10,0.10,0.10,0.09,0.08,0.17,0.09,0.17,Matches
716,Adam Kölle,de GER,"DF,MF",Heidenheim,de Bundesliga,19-250,2006,5,0,77,0.9,1.11,0.00,1.11,1.11,0.00,0.00,1.11,0.00,0.44,0.44,0.11,0.56,0.00,3.33,2.22,1.17,0.00,1.17,1.17,1.17,0.50,0.07,0.57,0.50,0.57,Matches
717,Manu Koné,fr FRA,MF,Roma,it Serie A,24-231,2001,17,17,"1,53",17.0,0.06,0.06,0.12,0.06,0.00,0.00,0.06,0.00,0.08,0.08,0.07,0.15,1.53,7.24,1.71,0.06,0.06,0.12,0.06,0.12,0.08,0.07,0.15,0.08,0.15,Matches
718,Ransford Königsdörffer,gh GHA,FW,Hamburger SV,de Bundesliga,24-112,2001,15,12,"1,018",11.3,0.09,0.09,0.18,0.09,0.00,0.09,0.09,0.00,0.39,0.32,0.04,0.36,1.33,1.50,4.69,0.09,0.09,0.18,0.09,0.18,0.39,0.05,0.44,0.32,0.37,Matches
719,Odilon Kossounou,ci CIV,DF,Atalanta,it Serie A,24-364,2001,11,9,750,8.3,0.12,0.00,0.12,0.12,0.00,0.00,0.00,0.00,0.02,0.02,0.01,0.04,0.72,5.30,1.57,0.12,0.00,0.12,0.12,0.12,0.02,0.01,0.04,0.02,0.04,Matches
720,Charalampos Kostoulas,gr GRE,"FW,MF",Brighton,eng Premier League,18-218,2007,10,0,106,1.2,0.83,0.00,0.83,0.83,0.00,0.00,0.83,0.00,0.58,0.58,0.67,1.25,5.00,4.17,11.7,0.85,0.00,0.85,0.85,0.85,0.56,0.70,1.26,0.56,1.26,Matches
721,Arsène Kouassi,bf BFA,"DF,MF",Lorient,fr Ligue 1,21-114,2004,16,15,"1,362",15.1,0.07,0.20,0.26,0.07,0.00,0.00,0.13,0.00,0.03,0.03,0.17,0.19,3.77,2.19,5.89,0.07,0.20,0.26,0.07,0.26,0.03,0.16,0.19,0.03,0.19,Matches
722,Jules Koundé,fr FRA,DF,Barcelona,es La Liga,27-052,1998,17,13,"1,241",13.8,0.07,0.07,0.14,0.07,0.00,0.00,0.22,0.00,0.04,0.04,0.08,0.12,1.52,4.86,4.28,0.07,0.07,0.15,0.07,0.15,0.03,0.08,0.11,0.03,0.11,Matches
723,Goduine Koyalipou,cf CTA,FW,Levante,es La Liga,25-322,2000,11,2,247,2.7,0.37,0.00,0.37,0.37,0.00,0.00,0.37,0.00,0.37,0.37,0.11,0.44,0.74,1.11,4.81,0.36,0.00,0.36,0.36,0.36,0.36,0.10,0.45,0.36,0.45,Matches
724,Rasmus Kristensen,dk DEN,DF,Eint Frankfurt,de Bundesliga,28-176,1997,12,11,875,9.7,0.10,0.00,0.10,0.10,0.00,0.00,0.31,0.00,0.05,0.05,0.08,0.13,02.06,07.01,5.88,0.10,0.00,0.10,0.10,0.10,0.05,0.09,0.13,0.05,0.13,Matches
725,Thomas Kristensen,dk DEN,DF,Udinese,it Serie A,23-351,2002,8,8,720,8.0,0.13,0.00,0.13,0.13,0.00,0.00,0.00,0.00,0.04,0.04,0.00,0.04,0.88,2.25,0.25,0.12,0.00,0.12,0.12,0.12,0.04,0.00,0.04,0.04,0.04,Matches
726,Adrián de la Fuente,es ESP,DF,Levante,es La Liga,26-311,1999,13,10,952,10.6,0.09,0.00,0.09,0.00,0.09,0.09,0.28,0.00,0.11,0.04,0.01,0.04,0.47,2.17,0.75,0.09,0.00,0.09,0.00,0.00,0.11,0.01,0.12,0.04,0.04,Matches
727,Mayckel Lahdo,se SWE,"FW,MF",Nantes,fr Ligue 1,23-004,2002,8,5,415,4.6,0.22,0.22,0.43,0.22,0.00,0.00,0.00,0.00,0.09,0.09,0.11,0.20,1.74,1.30,5.65,0.22,0.22,0.43,0.22,0.43,0.08,0.11,0.19,0.08,0.19,Matches
728,Noa Lang,nl NED,"FW,MF",Napoli,it Serie A,26-200,1999,13,5,482,5.4,0.19,0.00,0.19,0.19,0.00,0.00,0.37,0.00,0.13,0.13,0.13,0.26,3.70,5.19,8.15,0.19,0.00,0.19,0.19,0.19,0.13,0.13,0.26,0.13,0.26,Matches
729,Hugo Larsson,se SWE,MF,Eint Frankfurt,de Bundesliga,21-190,2004,10,7,620,6.9,0.14,0.29,0.43,0.14,0.00,0.00,0.00,0.00,0.10,0.10,0.04,0.16,0.14,3.91,2.75,0.15,0.29,0.44,0.15,0.44,0.11,0.05,0.16,0.11,0.16,Matches
730,Josh Laurent,eng ENG,"DF,MF",Burnley,eng Premier League,30-242,1995,16,9,880,9.8,0.10,0.00,0.10,0.10,0.00,0.00,0.20,0.00,0.04,0.04,0.04,0.09,01.02,2.14,1.94,0.10,0.00,0.10,0.10,0.10,0.04,0.05,0.09,0.04,0.09,Matches
731,Julien Le Cardinal,fr FRA,DF,Brest,fr Ligue 1,28-153,1997,5,3,328,3.6,0.28,0.00,0.28,0.28,0.00,0.00,0.28,0.00,0.22,0.22,0.00,0.25,0.28,1.94,0.28,0.27,0.00,0.27,0.27,0.27,0.22,0.01,0.24,0.22,0.24,Matches
732,Robin Le Normand,es ESP,DF,Atlético Madrid,es La Liga,29-053,1996,12,10,945,10.5,0.10,0.00,0.10,0.10,0.00,0.00,0.19,0.00,0.04,0.04,0.00,0.04,0.29,3.14,0.00,0.10,0.00,0.10,0.10,0.10,0.04,0.00,0.04,0.04,0.04,Matches
733,Pierre Lees-Melou,fr FRA,MF,Paris FC,fr Ligue 1,32-223,1993,11,10,886,9.8,0.10,0.10,0.20,0.10,0.00,0.00,0.20,0.00,0.07,0.07,0.06,0.12,0.82,5.41,1.73,0.10,0.10,0.20,0.10,0.20,0.07,0.06,0.13,0.07,0.13,Matches
734,Esteban Lepaul,fr FRA,FW,Angers,fr Ligue 1,25-260,2000,2,2,174,1.9,0.53,0.00,0.53,0.53,0.00,0.00,0.00,0.00,0.32,0.32,0.11,0.42,0.53,0.53,2.11,0.52,0.00,0.52,0.52,0.52,0.31,0.10,0.41,0.31,0.41,Matches
735,Louis Leroux,fr FRA,"DF,MF",Nantes,fr Ligue 1,19-345,2006,12,10,926,10.3,0.10,0.10,0.19,0.10,0.00,0.00,0.10,0.00,0.03,0.03,0.04,0.07,0.78,2.72,2.62,0.10,0.10,0.19,0.10,0.19,0.03,0.04,0.07,0.03,0.07,Matches
Rk,Player,Nation,Pos,Squad,Comp,Age,Born,MP,Starts,Min,90s,Gls,Ast,G+A,G-PK,PK,PKatt,CrdY,CrdR,xG,npxG,xAG,npxG+xAG,PrgC,PrgP,PrgR,Gls,Ast,G+A,G-PK,G+A-PK,xG,xAG,xG+xAG,npxG,npxG+xAG,Matches
736,Jamie Leweling,de GER,"FW,DF",Stuttgart,de Bundesliga,24-311,2001,14,11,"1,036",11.5,0.09,0.43,0.52,0.09,0.00,0.00,0.26,0.00,0.11,0.11,0.20,0.31,4.78,2.35,9.91,0.09,0.43,0.52,0.09,0.52,0.11,0.20,0.31,0.11,0.31,Matches
737,Matthijs de Ligt,nl NED,DF,Manchester Utd,eng Premier League,26-144,1999,13,13,"1,17",13.0,0.08,0.00,0.08,0.08,0.00,0.00,0.00,0.00,0.12,0.12,0.05,0.15,0.23,1.77,0.54,0.08,0.00,0.08,0.08,0.08,0.11,0.05,0.16,0.11,0.16,Matches
738,Diego Llorente,es ESP,DF,Betis,es La Liga,32-140,1993,3,2,82,0.9,1.11,0.00,1.11,1.11,0.00,0.00,0.00,0.00,0.78,0.78,0.00,0.78,0.00,1.11,0.00,1.10,0.00,1.10,1.10,1.10,0.73,0.00,0.73,0.73,0.73,Matches
739,Gautier Lloris,fr FRA,DF,Le Havre,fr Ligue 1,30-169,1995,15,15,"1,293",14.4,0.07,0.07,0.14,0.07,0.00,0.00,0.07,0.07,0.04,0.04,0.07,0.11,0.63,4.24,0.07,0.07,0.07,0.14,0.07,0.14,0.04,0.07,0.11,0.04,0.11,Matches
740,Giovani Lo Celso,ar ARG,MF,Betis,es La Liga,29-269,1996,14,9,881,9.8,0.10,0.20,0.31,0.10,0.00,0.00,0.31,0.00,0.17,0.17,0.18,0.36,1.43,7.65,3.47,0.10,0.20,0.31,0.10,0.31,0.18,0.18,0.36,0.18,0.36,Matches
741,Ruben Loftus-Cheek,eng ENG,"MF,FW",Milan,it Serie A,29-345,1996,15,7,722,8.0,0.13,0.13,0.25,0.13,0.00,0.00,0.13,0.00,0.23,0.23,0.10,0.34,4.00,4.13,6.88,0.12,0.12,0.25,0.12,0.25,0.23,0.10,0.33,0.23,0.33,Matches
742,Sean Longstaff,eng ENG,MF,Leeds United,eng Premier League,28-065,1997,12,10,878,9.8,0.10,0.20,0.31,0.10,0.00,0.00,0.10,0.00,0.07,0.07,0.21,0.29,0.31,3.16,1.43,0.10,0.21,0.31,0.10,0.31,0.08,0.21,0.29,0.08,0.29,Matches
743,Lorran,br BRA,"MF,FW",Pisa,it Serie A,19-183,2006,6,0,76,0.8,1.25,0.00,1.25,1.25,0.00,0.00,0.00,0.00,1.25,1.25,0.13,1.38,5.00,2.50,8.75,1.18,0.00,1.18,1.18,1.18,1.21,0.06,1.27,1.21,1.27,Matches
744,Pol Lozano,es ESP,MF,Espanyol,es La Liga,26-089,1999,17,15,"1,164",12.9,0.08,0.00,0.08,0.08,0.00,0.00,0.31,0.00,0.02,0.02,0.04,0.05,0.54,4.57,0.23,0.08,0.00,0.08,0.08,0.08,0.01,0.04,0.05,0.01,0.05,Matches
745,Lorenzo Lucca,it ITA,FW,Napoli,it Serie A,25-115,2000,14,4,392,4.4,0.23,0.00,0.23,0.23,0.00,0.00,0.23,0.00,0.34,0.34,0.14,0.48,1.59,0.91,07.05,0.23,0.00,0.23,0.23,0.23,0.35,0.14,0.49,0.35,0.49,Matches
746,Jhon Lucumí,co COL,DF,Bologna,it Serie A,27-191,1998,13,11,"1,031",11.5,0.09,0.00,0.09,0.09,0.00,0.00,0.17,0.00,0.07,0.07,0.01,0.08,0.78,3.83,0.17,0.09,0.00,0.09,0.09,0.09,0.07,0.01,0.08,0.07,0.08,Matches
747,José Luis Morales,es ESP,"MF,FW",Levante,es La Liga,38-164,1987,15,1,276,3.1,0.32,0.00,0.32,0.00,0.32,0.32,0.32,0.00,0.55,0.32,0.16,0.48,2.26,6.45,6.45,0.33,0.00,0.33,0.00,0.00,0.56,0.15,0.71,0.34,0.49,Matches
748,Castello Lukeba,fr FRA,DF,RB Leipzig,de Bundesliga,23-017,2002,14,14,"1,26",14.0,0.07,0.00,0.07,0.07,0.00,0.00,0.07,0.00,0.07,0.07,0.01,0.09,0.93,4.43,0.29,0.07,0.00,0.07,0.07,0.07,0.07,0.01,0.09,0.07,0.09,Matches
749,Dodi Lukebakio,be BEL,"FW,MF",Sevilla,es La Liga,28-101,1997,2,2,180,2.0,0.50,0.00,0.50,0.50,0.00,0.00,0.00,0.00,0.05,0.05,0.40,0.45,2.00,3.00,9.00,0.50,0.00,0.50,0.50,0.50,0.04,0.41,0.45,0.04,0.45,Matches
750,Saša Lukić,rs SRB,MF,Fulham,eng Premier League,29-143,1996,16,13,"1,038",11.5,0.09,0.17,0.26,0.09,0.00,0.00,0.43,0.00,0.16,0.16,0.13,0.29,1.48,2.87,3.65,0.09,0.17,0.26,0.09,0.26,0.16,0.13,0.29,0.16,0.29,Matches
751,Sebastiano Luperto,it ITA,DF,Cagliari,it Serie A,29-119,1996,14,14,"1,256",14.0,0.07,0.00,0.07,0.07,0.00,0.00,0.07,0.00,0.02,0.02,0.01,0.04,0.43,1.50,0.00,0.07,0.00,0.07,0.07,0.07,0.02,0.02,0.04,0.02,0.04,Matches
752,Pablo Maffeo,es ESP,DF,Mallorca,es La Liga,28-175,1997,13,12,"1,11",12.3,0.08,0.00,0.08,0.08,0.00,0.00,0.33,0.00,0.02,0.02,0.01,0.02,0.81,2.85,2.93,0.08,0.00,0.08,0.08,0.08,0.01,0.01,0.02,0.01,0.02,Matches
753,Soungoutou Magassa,fr FRA,MF,West Ham,eng Premier League,22-087,2003,13,8,692,7.7,0.13,0.00,0.13,0.13,0.00,0.00,0.26,0.00,0.04,0.04,0.04,0.08,0.65,2.21,01.04,0.13,0.00,0.13,0.13,0.13,0.04,0.03,0.07,0.04,0.07,Matches
754,Hugo Magnetti,fr FRA,MF,Brest,fr Ligue 1,27-218,1998,15,14,"1,207",13.4,0.07,0.00,0.07,0.07,0.00,0.00,0.15,0.07,0.03,0.03,0.06,0.09,0.37,04.03,0.82,0.07,0.00,0.07,0.07,0.07,0.03,0.06,0.09,0.03,0.09,Matches
755,Harry Maguire,eng ENG,DF,Manchester Utd,eng Premier League,32-304,1993,8,4,345,3.8,0.26,0.26,0.53,0.26,0.00,0.00,0.00,0.00,0.08,0.08,0.11,0.18,0.53,3.95,0.53,0.26,0.26,0.52,0.26,0.52,0.08,0.09,0.18,0.08,0.18,Matches
756,Patrick Mainka,de GER,DF,Heidenheim,de Bundesliga,31-058,1994,15,15,"1,35",15.0,0.07,0.07,0.13,0.07,0.00,0.00,0.07,0.00,0.12,0.12,0.05,0.17,0.20,2.67,0.60,0.07,0.07,0.13,0.07,0.13,0.12,0.05,0.16,0.12,0.16,Matches
757,Ainsley Maitland-Niles,eng ENG,"DF,FW",Lyon,fr Ligue 1,28-127,1997,15,13,"1,216",13.5,0.07,0.15,0.22,0.07,0.00,0.07,0.22,0.07,0.12,0.06,0.15,0.21,1.41,3.26,4.44,0.07,0.15,0.22,0.07,0.22,0.12,0.15,0.27,0.06,0.21,Matches
758,Aïssa Mandi,dz ALG,DF,Lille,fr Ligue 1,34-073,1991,14,13,"1,096",12.2,0.08,0.00,0.08,0.08,0.00,0.00,0.33,0.00,0.08,0.08,0.05,0.12,01.07,6.15,0.25,0.08,0.00,0.08,0.08,0.08,0.08,0.05,0.13,0.08,0.13,Matches
759,Rafa Marín,es ESP,DF,Villarreal,es La Liga,23-229,2002,12,12,"1,069",11.9,0.08,0.00,0.08,0.08,0.00,0.00,0.08,0.00,0.03,0.03,0.01,0.03,0.59,3.45,0.00,0.08,0.00,0.08,0.08,0.08,0.03,0.01,0.03,0.03,0.03,Matches
760,Guillermo Maripán,cl CHI,DF,Torino,it Serie A,31-242,1994,16,16,"1,371",15.2,0.07,0.00,0.07,0.07,0.00,0.00,0.07,0.00,0.07,0.07,0.01,0.08,0.26,2.70,0.26,0.07,0.00,0.07,0.07,0.07,0.07,0.01,0.08,0.07,0.08,Matches
761,Aarón Martín,es ESP,DF,Genoa,it Serie A,28-256,1997,14,14,"1,124",12.5,0.08,0.24,0.32,0.08,0.00,0.00,0.16,0.00,0.02,0.02,0.42,0.44,0.88,3.76,3.52,0.08,0.24,0.32,0.08,0.32,0.03,0.41,0.44,0.03,0.44,Matches
762,Gabriel Martinelli,br BRA,FW,Arsenal,eng Premier League,24-199,2001,14,5,417,4.6,0.22,0.00,0.22,0.22,0.00,0.00,0.22,0.00,0.39,0.39,0.07,0.46,3.26,2.83,5.65,0.22,0.00,0.22,0.22,0.22,0.40,0.07,0.46,0.40,0.46,Matches
763,Arnau Martinez,es ESP,"DF,MF",Girona,es La Liga,22-253,2003,15,13,"1,012",11.2,0.09,0.09,0.18,0.09,0.00,0.00,0.36,0.00,0.04,0.04,0.03,0.07,1.43,04.02,2.59,0.09,0.09,0.18,0.09,0.18,0.04,0.03,0.07,0.04,0.07,Matches
764,Omar Mascarell,gq EQG,MF,Mallorca,es La Liga,32-335,1993,10,7,638,7.1,0.14,0.14,0.28,0.14,0.00,0.00,0.28,0.00,0.01,0.01,0.03,0.03,0.85,3.66,0.28,0.14,0.14,0.28,0.14,0.28,0.01,0.02,0.03,0.01,0.03,Matches
765,Han-Noah Massengo,fr FRA,MF,Augsburg,de Bundesliga,24-180,2001,15,15,"1,228",13.6,0.07,0.07,0.15,0.07,0.00,0.00,0.00,0.00,0.05,0.05,0.07,0.12,1.54,4.71,0.96,0.07,0.07,0.15,0.07,0.15,0.05,0.07,0.12,0.05,0.12,Matches
766,Franco Mastantuono,ar ARG,"FW,DF",Real Madrid,es La Liga,18-142,2007,10,7,548,6.1,0.16,0.00,0.16,0.16,0.00,0.00,0.49,0.00,0.33,0.33,0.11,0.44,1.31,3.11,11.3,0.16,0.00,0.16,0.16,0.16,0.32,0.11,0.44,0.32,0.44,Matches
767,Nemanja Matić,rs SRB,MF,Sassuolo,it Serie A,37-155,1988,16,16,"1,427",15.9,0.06,0.00,0.06,0.06,0.00,0.00,0.13,0.00,0.01,0.01,0.03,0.04,0.88,4.53,1.13,0.06,0.00,0.06,0.06,0.06,0.01,0.03,0.04,0.01,0.04,Matches
768,Chrislain Matsima,fr FRA,DF,Augsburg,de Bundesliga,23-233,2002,14,14,"1,26",14.0,0.07,0.07,0.14,0.07,0.00,0.00,0.36,0.00,0.03,0.03,0.04,0.06,0.29,3.14,0.21,0.07,0.07,0.14,0.07,0.14,0.03,0.04,0.06,0.03,0.06,Matches
769,Eliezer Mayenda,es ESP,FW,Sunderland,eng Premier League,20-240,2005,10,4,378,4.2,0.24,0.00,0.24,0.24,0.00,0.00,0.00,0.00,0.21,0.21,0.12,0.31,2.38,1.19,2.86,0.24,0.00,0.24,0.24,0.24,0.21,0.11,0.32,0.21,0.32,Matches
770,Ibrahim Mbaye,sn SEN,FW,Paris S-G,fr Ligue 1,17-344,2008,14,7,658,7.3,0.14,0.27,0.41,0.14,0.00,0.00,0.00,0.00,0.19,0.19,0.29,0.48,4.79,3.84,15.2,0.14,0.27,0.41,0.14,0.41,0.19,0.28,0.47,0.19,0.47,Matches
Rk,Player,Nation,Pos,Squad,Comp,Age,Born,MP,Starts,Min,90s,Gls,Ast,G+A,G-PK,PK,PKatt,CrdY,CrdR,xG,npxG,xAG,npxG+xAG,PrgC,PrgP,PrgR,Gls,Ast,G+A,G-PK,G+A-PK,xG,xAG,xG+xAG,npxG,npxG+xAG,Matches
771,Pathé Mboup,sn SEN,FW,Brest,fr Ligue 1,22-130,2003,13,8,675,7.5,0.13,0.00,0.13,0.13,0.00,0.00,0.67,0.00,0.28,0.28,0.09,0.37,2.13,2.00,5.20,0.13,0.00,0.13,0.13,0.13,0.28,0.09,0.38,0.28,0.38,Matches
772,John McGinn,sct SCO,"FW,MF",Aston Villa,eng Premier League,31-077,1994,19,18,"1,42",15.8,0.06,0.13,0.19,0.06,0.00,0.00,0.19,0.00,0.13,0.13,0.13,0.26,1.46,3.99,3.16,0.06,0.13,0.19,0.06,0.19,0.13,0.13,0.26,0.13,0.26,Matches
773,Henrik Meister,dk DEN,FW,Pisa,it Serie A,22-047,2003,14,9,878,9.8,0.10,0.00,0.10,0.10,0.00,0.00,0.10,0.00,0.18,0.18,0.00,0.18,01.02,0.61,3.67,0.10,0.00,0.10,0.10,0.10,0.19,0.00,0.19,0.19,0.19,Matches
774,Rodrigo Mendoza,es ESP,"MF,FW",Elche,es La Liga,20-294,2005,12,5,647,7.2,0.14,0.00,0.14,0.14,0.00,0.00,0.42,0.00,0.10,0.10,0.04,0.14,2.36,3.33,5.56,0.14,0.00,0.14,0.14,0.14,0.10,0.05,0.14,0.10,0.14,Matches
775,Batista Mendy,fr FRA,MF,Sevilla,es La Liga,25-356,2000,13,12,966,10.7,0.09,0.00,0.09,0.09,0.00,0.00,0.19,0.00,0.07,0.07,0.02,0.08,01.03,2.15,0.65,0.09,0.00,0.09,0.09,0.09,0.07,0.02,0.09,0.07,0.09,Matches
776,Nobel Mendy,fr FRA,DF,Rayo Vallecano,es La Liga,21-122,2004,10,9,789,8.8,0.11,0.00,0.11,0.11,0.00,0.00,0.34,0.00,0.13,0.13,0.00,0.13,0.00,1.82,0.23,0.11,0.00,0.11,0.11,0.11,0.12,0.00,0.12,0.12,0.12,Matches
777,Georges Mikautadze,ge GEO,FW,Lyon,fr Ligue 1,25-064,2000,2,2,179,2.0,0.50,0.00,0.50,0.50,0.00,0.00,0.00,0.00,0.55,0.55,0.00,0.55,3.50,1.50,4.00,0.50,0.00,0.50,0.50,0.50,0.53,0.00,0.53,0.53,0.53,Matches
778,Lewis Miley,eng ENG,"MF,DF",Newcastle Utd,eng Premier League,19-247,2006,15,8,842,9.4,0.11,0.21,0.32,0.11,0.00,0.00,0.00,0.00,0.07,0.07,0.07,0.15,0.64,2.66,1.81,0.11,0.21,0.32,0.11,0.32,0.07,0.08,0.15,0.07,0.15,Matches
779,Éder Militão,br BRA,DF,Real Madrid,es La Liga,27-350,1998,13,12,1,11.1,0.09,0.09,0.18,0.09,0.00,0.00,0.18,0.00,0.13,0.12,0.12,0.23,0.45,3.24,0.27,0.09,0.09,0.18,0.09,0.18,0.12,0.12,0.24,0.12,0.23,Matches
780,James Milner,eng ENG,MF,Brighton,eng Premier League,39-364,1986,10,2,288,3.2,0.31,0.31,0.63,0.00,0.31,0.31,0.63,0.00,0.25,0.03,0.06,0.09,1.25,5.63,1.88,0.31,0.31,0.62,0.00,0.31,0.26,0.07,0.34,0.02,0.09,Matches
781,Yerry Mina,co COL,DF,Cagliari,it Serie A,31-102,1994,11,11,896,10.0,0.10,0.00,0.10,0.10,0.00,0.00,0.20,0.00,0.06,0.06,0.01,0.07,0.70,1.60,0.00,0.10,0.00,0.10,0.10,0.10,0.06,0.01,0.07,0.06,0.07,Matches
782,Óscar Mingueza,es ESP,"MF,DF",Celta Vigo,es La Liga,26-235,1999,14,10,855,9.5,0.11,0.21,0.32,0.11,0.00,0.00,0.11,0.00,0.05,0.05,0.22,0.27,1.26,5.16,5.16,0.11,0.21,0.32,0.11,0.32,0.05,0.22,0.27,0.05,0.27,Matches
783,Yankuba Minteh,gm GAM,FW,Brighton,eng Premier League,21-165,2004,19,18,"1,541",17.1,0.06,0.23,0.29,0.06,0.00,0.00,0.00,0.00,0.16,0.16,0.26,0.42,4.80,1.46,10.2,0.06,0.23,0.29,0.06,0.29,0.16,0.26,0.42,0.16,0.42,Matches
784,Juan Miranda,es ESP,DF,Bologna,it Serie A,25-349,2000,14,12,"1,087",12.1,0.08,0.00,0.08,0.08,0.00,0.00,0.33,0.00,0.02,0.02,0.18,0.21,1.98,5.12,4.55,0.08,0.00,0.08,0.08,0.08,0.03,0.18,0.21,0.03,0.21,Matches
785,Tyrick Mitchell,eng ENG,"DF,MF",Crystal Palace,eng Premier League,26-124,1999,19,19,"1,703",18.9,0.05,0.00,0.05,0.05,0.00,0.00,0.11,0.00,0.02,0.02,0.07,0.09,02.01,1.53,6.14,0.05,0.00,0.05,0.05,0.05,0.02,0.07,0.09,0.02,0.09,Matches
786,Kaoru Mitoma,jp JPN,FW,Brighton,eng Premier League,28-228,1997,9,6,595,6.6,0.15,0.15,0.30,0.15,0.00,0.00,0.15,0.00,0.15,0.15,0.23,0.38,3.64,2.88,9.55,0.15,0.15,0.30,0.15,0.30,0.16,0.23,0.38,0.16,0.38,Matches
787,Luka Modrić,hr CRO,MF,Milan,it Serie A,40-116,1985,17,17,"1,482",16.5,0.06,0.12,0.18,0.06,0.00,0.00,0.12,0.00,0.03,0.03,0.13,0.16,1.39,09.09,0.97,0.06,0.12,0.18,0.06,0.18,0.03,0.13,0.16,0.03,0.16,Matches
788,Diego Moreira,be BEL,"DF,MF",Strasbourg,fr Ligue 1,21-150,2004,15,13,"1,128",12.5,0.08,0.16,0.24,0.08,0.00,0.00,0.24,0.00,0.06,0.06,0.32,0.38,3.12,4.40,9.44,0.08,0.16,0.24,0.08,0.24,0.06,0.32,0.38,0.06,0.38,Matches
789,Alberto Moreno,es ESP,DF,Como,it Serie A,33-182,1992,4,4,337,3.7,0.27,0.00,0.27,0.27,0.00,0.00,0.27,0.00,0.22,0.22,0.03,0.24,1.62,1.89,3.78,0.27,0.00,0.27,0.27,0.27,0.22,0.02,0.25,0.22,0.25,Matches
790,Mateu Morey,es ESP,DF,Mallorca,es La Liga,25-307,2000,11,6,446,5.0,0.20,0.00,0.20,0.20,0.00,0.00,0.40,0.00,0.06,0.06,0.04,0.10,0.80,3.40,3.40,0.20,0.00,0.20,0.20,0.20,0.06,0.04,0.10,0.06,0.10,Matches
791,Manu Morlanes,es ESP,MF,Mallorca,es La Liga,26-356,1999,14,11,837,9.3,0.11,0.00,0.11,0.11,0.00,0.00,0.32,0.11,0.06,0.06,0.04,0.11,1.18,5.38,1.51,0.11,0.00,0.11,0.11,0.11,0.06,0.04,0.11,0.06,0.11,Matches
792,Nikola Moro,hr CRO,MF,Bologna,it Serie A,27-297,1998,12,10,837,9.3,0.11,0.00,0.11,0.11,0.00,0.00,0.11,0.00,0.02,0.02,0.06,0.09,1.18,8.92,1.83,0.11,0.00,0.11,0.11,0.11,0.03,0.06,0.09,0.03,0.09,Matches
793,Tyler Morton,eng ENG,MF,Lyon,fr Ligue 1,23-064,2002,14,14,"1,224",13.6,0.07,0.07,0.15,0.07,0.00,0.00,0.22,0.07,0.07,0.07,0.10,0.17,1.99,4.63,0.81,0.07,0.07,0.15,0.07,0.15,0.07,0.10,0.17,0.07,0.17,Matches
794,Ngal'Ayel Mukau,cd COD,"MF,FW",Lille,fr Ligue 1,21-034,2004,13,5,490,5.4,0.19,0.00,0.19,0.19,0.00,0.00,0.19,0.00,0.22,0.22,0.02,0.24,1.48,3.89,3.33,0.18,0.00,0.18,0.18,0.18,0.22,0.02,0.24,0.22,0.24,Matches
795,Nordi Mukiele,fr FRA,DF,Sunderland,eng Premier League,28-063,1997,17,17,"1,53",17.0,0.06,0.06,0.12,0.06,0.00,0.00,0.18,0.00,0.04,0.04,0.06,0.09,0.47,2.76,2.18,0.06,0.06,0.12,0.06,0.12,0.04,0.06,0.10,0.04,0.10,Matches
796,Marshall Munetsi,zw ZIM,"MF,FW",Wolves,eng Premier League,29-195,1996,13,9,875,9.7,0.10,0.10,0.21,0.10,0.00,0.00,0.21,0.00,0.16,0.16,0.05,0.22,1.13,1.86,3.81,0.10,0.10,0.21,0.10,0.21,0.17,0.05,0.22,0.17,0.22,Matches
797,Rodrigo Muniz,br BRA,FW,Fulham,eng Premier League,24-244,2001,7,4,352,3.9,0.26,0.26,0.51,0.26,0.00,0.00,0.26,0.00,0.26,0.26,0.08,0.33,0.00,0.51,2.82,0.26,0.26,0.51,0.26,0.51,0.26,0.07,0.33,0.26,0.33,Matches
798,Murillo,br BRA,DF,Nott'ham Forest,eng Premier League,23-183,2002,13,13,"1,099",12.2,0.08,0.00,0.08,0.08,0.00,0.00,0.25,0.00,0.03,0.03,0.02,0.05,0.33,4.18,0.16,0.08,0.00,0.08,0.08,0.08,0.03,0.02,0.05,0.03,0.05,Matches
799,Junior Mwanga,fr FRA,"MF,DF",Nantes,fr Ligue 1,22-237,2003,12,12,"1,018",11.3,0.09,0.00,0.09,0.09,0.00,0.00,0.09,0.09,0.10,0.10,0.04,0.13,1.15,3.89,0.80,0.09,0.00,0.09,0.09,0.09,0.10,0.04,0.13,0.10,0.13,Matches
800,Stanley N'Soki,fr FRA,DF,Union Berlin,de Bundesliga,26-269,1999,2,1,83,0.9,1.11,0.00,1.11,1.11,0.00,0.00,0.00,0.00,0.00,0.00,0.00,0.00,0.00,3.33,0.00,01.08,0.00,01.08,01.08,01.08,0.04,0.00,0.04,0.04,0.04,Matches
801,Quentin Ndjantou Mbitcha,fr FRA,"MF,FW",Paris S-G,fr Ligue 1,18-164,2007,10,3,360,4.0,0.25,0.25,0.50,0.25,0.00,0.00,0.25,0.00,0.38,0.38,0.10,0.47,3.75,4.50,9.00,0.25,0.25,0.50,0.25,0.50,0.37,0.10,0.47,0.37,0.47,Matches
802,Cher Ndour,it ITA,MF,Fiorentina,it Serie A,21-160,2004,13,5,540,6.0,0.17,0.00,0.17,0.17,0.00,0.00,0.17,0.00,0.10,0.10,0.02,0.12,1.50,3.50,6.33,0.17,0.00,0.17,0.17,0.17,0.09,0.02,0.11,0.09,0.11,Matches
803,Dan Ndoye,ch SUI,FW,Nott'ham Forest,eng Premier League,25-070,2000,15,14,996,11.1,0.09,0.09,0.18,0.09,0.00,0.00,0.09,0.00,0.07,0.07,0.09,0.16,3.78,2.25,8.56,0.09,0.09,0.18,0.09,0.18,0.07,0.09,0.16,0.07,0.16,Matches
804,Paul Nebel,de GER,MF,Mainz 05,de Bundesliga,23-085,2002,11,11,894,9.9,0.10,0.00,0.10,0.10,0.00,0.00,0.20,0.20,0.23,0.23,0.08,0.32,1.41,2.93,08.08,0.10,0.00,0.10,0.10,0.10,0.23,0.09,0.32,0.23,0.32,Matches
805,Martim Neto,pt POR,MF,Elche,es La Liga,22-354,2003,13,7,698,7.8,0.13,0.38,0.51,0.13,0.00,0.00,0.13,0.00,0.08,0.08,0.21,0.28,2.69,5.51,03.08,0.13,0.39,0.52,0.13,0.52,0.08,0.20,0.28,0.08,0.28,Matches
Rk,Player,Nation,Pos,Squad,Comp,Age,Born,MP,Starts,Min,90s,Gls,Ast,G+A,G-PK,PK,PKatt,CrdY,CrdR,xG,npxG,xAG,npxG+xAG,PrgC,PrgP,PrgR,Gls,Ast,G+A,G-PK,G+A-PK,xG,xAG,xG+xAG,npxG,npxG+xAG,Matches
806,Cyril Ngonge,be BEL,"FW,MF",Torino,it Serie A,25-222,2000,16,8,770,8.6,0.12,0.12,0.23,0.12,0.00,0.00,0.23,0.00,0.19,0.19,0.05,0.23,2.67,3.72,7.91,0.12,0.12,0.23,0.12,0.23,0.19,0.04,0.23,0.19,0.23,Matches
807,Rio Ngumoha,eng ENG,"FW,MF",Liverpool,eng Premier League,17-127,2008,6,0,53,0.6,1.67,0.00,1.67,1.67,0.00,0.00,0.00,0.00,0.67,0.67,0.33,0.83,11.7,1.67,35.0,1.70,0.00,1.70,1.70,1.70,0.60,0.30,0.91,0.60,0.91,Matches
808,Felix Nmecha,de GER,MF,Dortmund,de Bundesliga,25-085,2000,15,12,"1,067",11.9,0.08,0.17,0.25,0.08,0.00,0.00,0.00,0.00,0.08,0.08,0.11,0.18,0.92,4.96,1.85,0.08,0.17,0.25,0.08,0.25,0.08,0.11,0.19,0.08,0.19,Matches
809,Brooke Norton-Cuffy,eng ENG,"DF,FW",Genoa,it Serie A,21-356,2004,16,16,"1,439",16.0,0.06,0.06,0.13,0.06,0.00,0.00,0.25,0.06,0.07,0.07,0.05,0.13,2.50,2.19,2.25,0.06,0.06,0.13,0.06,0.13,0.08,0.05,0.12,0.08,0.12,Matches
810,Matheus Nunes,pt POR,DF,Manchester City,eng Premier League,27-129,1998,17,15,"1,414",15.7,0.06,0.19,0.25,0.06,0.00,0.00,0.13,0.00,0.02,0.02,0.05,0.07,2.23,5.48,4.97,0.06,0.19,0.25,0.06,0.25,0.02,0.05,0.07,0.02,0.07,Matches
811,Antonio Nusa,no NOR,FW,RB Leipzig,de Bundesliga,20-261,2005,12,10,836,9.3,0.11,0.11,0.22,0.11,0.00,0.00,0.00,0.00,0.20,0.20,0.16,0.38,5.38,03.01,7.10,0.11,0.11,0.22,0.11,0.22,0.21,0.17,0.38,0.21,0.38,Matches
812,Matt O'Riley,dk DEN,MF,Brighton,eng Premier League,25-043,2000,2,2,177,2.0,0.50,0.00,0.50,0.00,0.50,0.50,0.00,0.00,0.60,0.20,0.10,0.30,0.00,2.50,5.50,0.51,0.00,0.51,0.00,0.00,0.61,0.10,0.72,0.21,0.32,Matches
813,Matt O'Riley,dk DEN,MF,Marseille,fr Ligue 1,25-043,2000,12,6,665,7.4,0.14,0.27,0.41,0.14,0.00,0.00,0.27,0.00,0.11,0.11,0.42,0.51,0.81,5.95,04.05,0.14,0.27,0.41,0.14,0.41,0.11,0.41,0.52,0.11,0.52,Matches
814,Álvaro Odriozola,es ESP,DF,Real Sociedad,es La Liga,30-020,1995,1,1,56,0.6,1.67,0.00,1.67,1.67,0.00,0.00,0.00,0.00,1.00,1.00,0.00,1.00,3.33,0.00,1.67,1.61,0.00,1.61,1.61,1.61,0.92,0.00,0.92,0.92,0.92,Matches
815,Loïs Openda,be BEL,"FW,MF",Juventus,it Serie A,25-321,2000,14,5,490,5.4,0.19,0.00,0.19,0.19,0.00,0.00,0.00,0.00,0.43,0.43,0.09,0.52,2.59,1.11,9.81,0.18,0.00,0.18,0.18,0.18,0.42,0.10,0.52,0.42,0.52,Matches
816,Louis Oppie,de GER,DF,St. Pauli,de Bundesliga,23-231,2002,15,14,"1,266",14.1,0.07,0.00,0.07,0.07,0.00,0.00,0.00,0.00,0.06,0.06,0.06,0.11,0.99,3.12,4.18,0.07,0.00,0.07,0.07,0.07,0.06,0.06,0.11,0.06,0.11,Matches
817,Patrick Osterhage,de GER,MF,Freiburg,de Bundesliga,25-336,2000,10,7,630,7.0,0.14,0.00,0.14,0.14,0.00,0.00,0.29,0.00,0.11,0.11,0.07,0.19,1.57,2.86,1.71,0.14,0.00,0.14,0.14,0.14,0.11,0.08,0.18,0.11,0.18,Matches
818,William Osula,dk DEN,FW,Newcastle Utd,eng Premier League,22-152,2003,10,1,219,2.4,0.42,0.00,0.42,0.42,0.00,0.00,0.00,0.00,0.25,0.25,0.04,0.29,1.67,0.83,5.00,0.41,0.00,0.41,0.41,0.41,0.27,0.03,0.30,0.27,0.30,Matches
819,Nico O’Reilly,eng ENG,DF,Manchester City,eng Premier League,20-288,2005,18,15,"1,371",15.2,0.07,0.20,0.26,0.07,0.00,0.00,0.20,0.00,0.13,0.13,0.16,0.30,2.96,2.11,5.59,0.07,0.20,0.26,0.07,0.26,0.13,0.17,0.30,0.13,0.30,Matches
820,Kendry Páez,ec ECU,"MF,FW",Strasbourg,fr Ligue 1,18-244,2007,13,4,412,4.6,0.22,0.00,0.22,0.22,0.00,0.00,0.00,0.00,0.17,0.17,0.09,0.28,3.48,5.00,7.61,0.22,0.00,0.22,0.22,0.22,0.18,0.10,0.27,0.18,0.27,Matches
821,Isaac Palazón Camacho,es ESP,"MF,FW",Rayo Vallecano,es La Liga,31-007,1994,17,15,"1,258",14.0,0.07,0.14,0.21,0.00,0.07,0.14,0.36,0.00,0.22,0.11,0.14,0.25,1.43,5.43,4.79,0.07,0.14,0.21,0.00,0.14,0.22,0.14,0.36,0.11,0.25,Matches
822,Aitor Paredes,es ESP,DF,Athletic Club,es La Liga,25-249,2000,11,10,910,10.1,0.10,0.00,0.10,0.10,0.00,0.00,0.10,0.00,0.08,0.08,0.00,0.09,0.79,5.54,0.20,0.10,0.00,0.10,0.10,0.10,0.08,0.00,0.08,0.08,0.08,Matches
823,Mario Pašalić,hr CRO,MF,Atalanta,it Serie A,30-328,1995,16,13,"1,064",11.8,0.08,0.17,0.25,0.08,0.00,0.00,0.08,0.00,0.08,0.08,0.18,0.25,0.85,6.86,02.03,0.08,0.17,0.25,0.08,0.25,0.08,0.18,0.26,0.08,0.26,Matches
824,Benjamin Pavard,fr FRA,DF,Marseille,fr Ligue 1,29-281,1996,13,11,940,10.4,0.10,0.19,0.29,0.10,0.00,0.00,0.29,0.00,0.06,0.06,0.18,0.23,0.87,6.92,1.15,0.10,0.19,0.29,0.10,0.29,0.05,0.18,0.23,0.05,0.23,Matches
825,Aleksandar Pavlovic,de GER,MF,Bayern Munich,de Bundesliga,21-245,2004,12,5,604,6.7,0.15,0.15,0.30,0.15,0.00,0.00,0.30,0.00,0.04,0.04,0.13,0.18,2.99,10.1,3.58,0.15,0.15,0.30,0.15,0.30,0.04,0.14,0.18,0.04,0.18,Matches
826,Martín Payero,ar ARG,MF,Cremonese,it Serie A,27-114,1998,13,11,893,9.9,0.10,0.00,0.10,0.10,0.00,0.00,0.51,0.00,0.13,0.13,0.02,0.15,1.92,3.33,3.94,0.10,0.00,0.10,0.10,0.10,0.13,0.02,0.15,0.13,0.15,Matches
827,Adrià Pedrosa,es ESP,DF,Elche,es La Liga,27-235,1998,10,4,488,5.4,0.19,0.00,0.19,0.19,0.00,0.00,0.56,0.00,0.07,0.07,0.19,0.26,1.67,2.78,6.85,0.18,0.00,0.18,0.18,0.18,0.06,0.19,0.26,0.06,0.26,Matches
828,Kojo Peprah Oppong,gh GHA,DF,Nice,fr Ligue 1,21-213,2004,15,14,"1,238",13.8,0.07,0.00,0.07,0.07,0.00,0.00,0.07,0.00,0.06,0.06,0.02,0.07,01.09,3.62,0.43,0.07,0.00,0.07,0.07,0.07,0.05,0.02,0.07,0.05,0.07,Matches
829,Peque,es ESP,MF,Sevilla,es La Liga,23-091,2002,13,5,529,5.9,0.17,0.00,0.17,0.17,0.00,0.00,0.85,0.00,0.12,0.12,0.05,0.19,4.41,3.73,05.08,0.17,0.00,0.17,0.17,0.17,0.13,0.05,0.18,0.13,0.18,Matches
830,Francisco Perez,es ESP,"FW,MF",Rayo Vallecano,es La Liga,23-116,2002,15,5,678,7.5,0.13,0.00,0.13,0.13,0.00,0.00,0.27,0.00,0.15,0.15,0.17,0.32,2.40,1.60,5.33,0.13,0.00,0.13,0.13,0.13,0.15,0.17,0.32,0.15,0.32,Matches
831,Máximo Perrone,ar ARG,MF,Como,it Serie A,22-361,2003,14,13,"1,121",12.5,0.08,0.24,0.32,0.08,0.00,0.00,0.48,0.00,0.05,0.05,0.10,0.14,0.56,4.64,01.04,0.08,0.24,0.32,0.08,0.32,0.05,0.09,0.14,0.05,0.14,Matches
832,Roberto Piccoli,it ITA,"FW,MF",Fiorentina,it Serie A,24-341,2001,14,5,608,6.8,0.15,0.00,0.15,0.15,0.00,0.00,0.00,0.00,0.43,0.43,0.04,0.49,01.03,0.74,5.15,0.15,0.00,0.15,0.15,0.15,0.43,0.05,0.48,0.43,0.48,Matches
833,Marvin Pieringer,de GER,"FW,MF",Heidenheim,de Bundesliga,26-091,1999,9,5,487,5.4,0.19,0.00,0.19,0.19,0.00,0.00,0.19,0.00,0.33,0.33,0.11,0.44,1.48,1.67,5.19,0.18,0.00,0.18,0.18,0.18,0.33,0.10,0.44,0.33,0.44,Matches
834,Yeremi Pino,es ESP,MF,Crystal Palace,eng Premier League,23-075,2002,17,15,"1,172",13.0,0.08,0.08,0.15,0.08,0.00,0.00,0.23,0.00,0.23,0.23,0.24,0.47,2.00,4.62,6.62,0.08,0.08,0.15,0.08,0.15,0.23,0.24,0.47,0.23,0.47,Matches
835,Jakub Piotrowski,pl POL,MF,Udinese,it Serie A,28-091,1997,16,10,881,9.8,0.10,0.10,0.20,0.10,0.00,0.00,0.20,0.00,0.16,0.16,0.05,0.21,1.84,03.06,2.86,0.10,0.10,0.20,0.10,0.20,0.16,0.05,0.21,0.16,0.21,Matches
836,Stefan Posch,at AUT,"DF,MF",Como,it Serie A,28-234,1997,10,3,315,3.5,0.29,0.00,0.29,0.29,0.00,0.00,0.00,0.00,0.11,0.11,0.03,0.14,2.86,6.29,4.86,0.29,0.00,0.29,0.29,0.29,0.12,0.04,0.16,0.12,0.16,Matches
837,Kacper Potulski,pl POL,DF,Mainz 05,de Bundesliga,18-076,2007,3,3,270,3.0,0.33,0.00,0.33,0.33,0.00,0.00,0.33,0.00,0.13,0.13,0.00,0.13,1.00,3.67,1.33,0.33,0.00,0.33,0.33,0.33,0.13,0.00,0.13,0.13,0.13,Matches
838,Yussuf Poulsen,dk DEN,FW,Hamburger SV,de Bundesliga,31-202,1994,8,1,208,2.3,0.43,0.00,0.43,0.43,0.00,0.00,1.30,0.00,0.35,0.35,0.00,0.35,0.87,3.48,7.83,0.43,0.00,0.43,0.43,0.43,0.32,0.01,0.33,0.32,0.33,Matches
839,Matteo Prati,it ITA,MF,Cagliari,it Serie A,22-006,2003,17,13,"1,112",12.4,0.08,0.00,0.08,0.08,0.00,0.00,0.32,0.00,0.08,0.08,0.10,0.19,0.16,02.02,0.65,0.08,0.00,0.08,0.08,0.08,0.08,0.10,0.19,0.08,0.19,Matches
840,Jarell Quansah,eng ENG,DF,Leverkusen,de Bundesliga,22-339,2003,12,9,889,9.9,0.10,0.00,0.10,0.10,0.00,0.00,0.51,0.00,0.06,0.06,0.02,0.07,1.92,3.74,1.82,0.10,0.00,0.10,0.10,0.10,0.06,0.02,0.08,0.06,0.08,Matches
Rk,Player,Nation,Pos,Squad,Comp,Age,Born,MP,Starts,Min,90s,Gls,Ast,G+A,G-PK,PK,PKatt,CrdY,CrdR,xG,npxG,xAG,npxG+xAG,PrgC,PrgP,PrgR,Gls,Ast,G+A,G-PK,G+A-PK,xG,xAG,xG+xAG,npxG,npxG+xAG,Matches
841,Adrien Rabiot,fr FRA,MF,Milan,it Serie A,30-275,1995,10,10,900,10.0,0.10,0.30,0.40,0.10,0.00,0.00,0.10,0.00,0.10,0.10,0.07,0.17,2.70,5.40,4.00,0.10,0.30,0.40,0.10,0.40,0.10,0.07,0.17,0.10,0.17,Matches
842,Luca Ranieri,it ITA,DF,Fiorentina,it Serie A,26-255,1999,15,15,"1,193",13.3,0.08,0.00,0.08,0.08,0.00,0.00,0.38,0.00,0.10,0.10,0.05,0.15,1.20,4.29,1.65,0.08,0.00,0.08,0.08,0.08,0.10,0.05,0.15,0.10,0.15,Matches
843,Grant Ranos,am ARM,"MF,DF",Gladbach,de Bundesliga,22-167,2003,8,0,119,1.3,0.77,0.00,0.77,0.77,0.00,0.00,0.77,0.00,0.38,0.38,0.08,0.46,1.54,2.31,9.23,0.76,0.00,0.76,0.76,0.76,0.40,0.06,0.46,0.40,0.46,Matches
844,Lilian Raolisoa,fr FRA,"FW,DF",Angers,fr Ligue 1,25-201,2000,15,9,807,9.0,0.11,0.11,0.22,0.11,0.00,0.00,0.11,0.00,0.03,0.03,0.19,0.22,3.22,2.78,4.56,0.11,0.11,0.22,0.11,0.22,0.03,0.19,0.22,0.03,0.22,Matches
845,Alejandro Rego,es ESP,MF,Athletic Club,es La Liga,22-206,2003,12,2,404,4.5,0.22,0.00,0.22,0.22,0.00,0.00,0.44,0.00,0.04,0.04,0.04,0.09,0.67,4.44,1.56,0.22,0.00,0.22,0.22,0.22,0.05,0.05,0.10,0.05,0.10,Matches
846,Alberto Reina,es ESP,MF,Oviedo,es La Liga,28-116,1997,16,10,784,8.7,0.11,0.00,0.11,0.11,0.00,0.00,0.46,0.11,0.05,0.05,0.07,0.11,01.03,5.52,2.30,0.11,0.00,0.11,0.11,0.11,0.05,0.06,0.11,0.05,0.11,Matches
847,Samuele Ricci,it ITA,MF,Milan,it Serie A,24-135,2001,14,5,630,7.0,0.14,0.29,0.43,0.14,0.00,0.00,0.14,0.00,0.21,0.21,0.10,0.31,1.71,5.00,2.86,0.14,0.29,0.43,0.14,0.43,0.22,0.10,0.32,0.22,0.32,Matches
848,Luis Rioja,es ESP,"MF,FW",Valencia,es La Liga,32-079,1993,16,13,"1,08",12.0,0.08,0.25,0.33,0.08,0.00,0.00,0.08,0.00,0.10,0.10,0.15,0.25,3.00,3.33,8.83,0.08,0.25,0.33,0.08,0.33,0.10,0.15,0.25,0.10,0.25,Matches
849,Joel Roca,es ESP,"FW,MF",Girona,es La Liga,20-210,2005,14,9,751,8.3,0.12,0.00,0.12,0.12,0.00,0.00,0.00,0.00,0.14,0.14,0.06,0.20,4.10,2.17,8.67,0.12,0.00,0.12,0.12,0.12,0.14,0.06,0.20,0.14,0.20,Matches
850,Rodrygo,br BRA,"FW,MF",Real Madrid,es La Liga,24-359,2001,16,5,558,6.2,0.16,0.16,0.32,0.16,0.00,0.00,0.48,0.00,0.24,0.24,0.24,0.48,5.97,03.06,10.2,0.16,0.16,0.32,0.16,0.32,0.25,0.24,0.48,0.25,0.48,Matches
851,Miguel Román,es ESP,MF,Celta Vigo,es La Liga,23-008,2002,9,6,551,6.1,0.16,0.00,0.16,0.16,0.00,0.00,0.49,0.00,0.15,0.15,0.13,0.28,0.82,3.28,1.64,0.16,0.00,0.16,0.16,0.16,0.15,0.13,0.28,0.15,0.28,Matches
852,Valentin Rongier,fr FRA,MF,Rennes,fr Ligue 1,31-027,1994,15,15,"1,305",14.5,0.07,0.14,0.21,0.07,0.00,0.00,0.14,0.00,0.05,0.05,0.13,0.18,0.90,6.00,1.24,0.07,0.14,0.21,0.07,0.21,0.05,0.13,0.18,0.05,0.18,Matches
853,Tom Rothe,de GER,DF,Union Berlin,de Bundesliga,21-066,2004,12,5,544,6.0,0.17,0.00,0.17,0.17,0.00,0.00,0.17,0.17,0.13,0.13,0.03,0.17,1.17,3.67,3.33,0.17,0.00,0.17,0.17,0.17,0.13,0.04,0.17,0.13,0.17,Matches
854,Anthony Rouault,fr FRA,DF,Rennes,fr Ligue 1,24-219,2001,11,9,855,9.5,0.11,0.00,0.11,0.11,0.00,0.00,0.21,0.00,0.07,0.07,0.01,0.08,0.53,5.68,0.00,0.11,0.00,0.11,0.11,0.11,0.07,0.01,0.08,0.07,0.08,Matches
855,Javier Rueda Garcia,es ESP,"MF,DF",Celta Vigo,es La Liga,23-240,2002,12,7,681,7.6,0.13,0.39,0.53,0.13,0.00,0.00,0.39,0.00,0.08,0.08,0.16,0.25,1.45,2.11,7.50,0.13,0.40,0.53,0.13,0.53,0.08,0.16,0.25,0.08,0.25,Matches
856,Fabián Ruiz Peña,es ESP,MF,Paris S-G,fr Ligue 1,29-275,1996,11,7,616,6.8,0.15,0.15,0.29,0.15,0.00,0.00,0.15,0.00,0.10,0.10,0.09,0.19,1.47,9.56,3.68,0.15,0.15,0.29,0.15,0.29,0.10,0.08,0.18,0.10,0.18,Matches
857,Georginio Rutter,fr FRA,"MF,FW",Brighton,eng Premier League,23-258,2002,17,14,"1,191",13.2,0.08,0.15,0.23,0.08,0.00,0.00,0.15,0.00,0.14,0.14,0.19,0.33,1.97,4.85,4.85,0.08,0.15,0.23,0.08,0.23,0.14,0.19,0.33,0.14,0.33,Matches
858,Osame Sahraoui,ma MAR,"FW,MF",Lille,fr Ligue 1,24-206,2001,14,4,442,4.9,0.20,0.41,0.61,0.20,0.00,0.00,0.00,0.00,0.16,0.16,0.10,0.27,4.29,7.96,13.9,0.20,0.41,0.61,0.20,0.61,0.16,0.11,0.27,0.16,0.27,Matches
859,Mohammed Salisu,gh GHA,DF,Monaco,fr Ligue 1,26-261,1999,11,11,990,11.0,0.09,0.00,0.09,0.09,0.00,0.00,0.27,0.00,0.07,0.07,0.02,0.09,0.27,3.73,0.27,0.09,0.00,0.09,0.09,0.09,0.07,0.02,0.09,0.07,0.09,Matches
860,Lazar Samardzic,rs SRB,MF,Atalanta,it Serie A,23-313,2002,14,5,555,6.2,0.16,0.16,0.32,0.16,0.00,0.00,0.16,0.00,0.19,0.19,0.21,0.40,3.23,8.55,8.55,0.16,0.16,0.32,0.16,0.32,0.20,0.21,0.41,0.20,0.41,Matches
861,Antonio Sanabria,py PAR,FW,Cremonese,it Serie A,29-305,1996,13,6,520,5.8,0.17,0.17,0.34,0.17,0.00,0.00,0.34,0.00,0.29,0.29,0.31,0.60,01.03,1.38,3.10,0.17,0.17,0.35,0.17,0.35,0.29,0.31,0.60,0.29,0.60,Matches
862,Oihan Sancet,es ESP,MF,Athletic Club,es La Liga,25-253,2000,13,12,886,9.8,0.10,0.00,0.10,0.00,0.10,0.10,0.10,0.10,0.31,0.22,0.08,0.31,2.14,4.39,6.94,0.10,0.00,0.10,0.00,0.00,0.30,0.08,0.39,0.22,0.31,Matches
863,Manu Sánchez,es ESP,DF,Levante,es La Liga,25-132,2000,15,15,"1,301",14.5,0.07,0.07,0.14,0.07,0.00,0.00,0.34,0.00,0.03,0.03,0.08,0.11,2.14,2.90,4.69,0.07,0.07,0.14,0.07,0.14,0.04,0.08,0.11,0.04,0.11,Matches
864,Philipp Sander,de GER,"MF,DF",Gladbach,de Bundesliga,27-316,1998,11,10,831,9.2,0.11,0.00,0.11,0.11,0.00,0.00,0.11,0.00,0.08,0.07,0.02,0.08,0.98,04.02,1.96,0.11,0.00,0.11,0.11,0.11,0.07,0.02,0.09,0.06,0.08,Matches
865,Ibou Sané,sn SEN,"FW,MF",Metz,fr Ligue 1,20-281,2005,13,3,380,4.2,0.24,0.24,0.48,0.24,0.00,0.00,0.24,0.00,0.07,0.07,0.26,0.33,2.14,04.05,8.81,0.24,0.24,0.47,0.24,0.47,0.08,0.26,0.34,0.08,0.34,Matches
866,Sadibou Sané,sn SEN,DF,Metz,fr Ligue 1,21-207,2004,7,6,500,5.6,0.18,0.00,0.18,0.18,0.00,0.00,0.18,0.36,0.02,0.02,0.00,0.02,0.18,1.79,0.00,0.18,0.00,0.18,0.18,0.18,0.02,0.00,0.02,0.02,0.02,Matches
867,Arouna Sangante,sn SEN,DF,Le Havre,fr Ligue 1,23-266,2002,15,15,"1,314",14.6,0.07,0.00,0.07,0.07,0.00,0.00,0.21,0.00,0.01,0.01,0.01,0.03,0.89,4.11,0.27,0.07,0.00,0.07,0.07,0.07,0.02,0.01,0.02,0.02,0.02,Matches
868,Mamadou Sangare,ml MLI,MF,Lens,fr Ligue 1,23-191,2002,15,14,"1,227",13.6,0.07,0.07,0.15,0.07,0.00,0.00,0.15,0.00,0.12,0.12,0.07,0.18,0.88,5.22,2.21,0.07,0.07,0.15,0.07,0.15,0.12,0.06,0.19,0.12,0.19,Matches
869,Maroan Sannadi,ma MAR,FW,Athletic Club,es La Liga,24-336,2001,8,2,259,2.9,0.34,0.00,0.34,0.34,0.00,0.00,0.69,0.00,0.34,0.34,0.21,0.55,0.69,1.38,5.86,0.35,0.00,0.35,0.35,0.35,0.36,0.20,0.56,0.36,0.56,Matches
870,Kaishu Sano,jp JPN,MF,Mainz 05,de Bundesliga,25-004,2000,15,15,"1,35",15.0,0.07,0.07,0.13,0.07,0.00,0.00,0.07,0.00,0.05,0.05,0.11,0.15,1.40,5.93,02.07,0.07,0.07,0.13,0.07,0.13,0.05,0.11,0.15,0.05,0.15,Matches
871,Baptiste Santamaria,fr FRA,MF,Valencia,es La Liga,30-300,1995,15,7,668,7.4,0.14,0.14,0.27,0.14,0.00,0.00,0.27,0.00,0.05,0.05,0.14,0.19,01.08,5.00,0.95,0.13,0.13,0.27,0.13,0.27,0.05,0.14,0.19,0.05,0.19,Matches
872,Giorgio Scalvini,it ITA,DF,Atalanta,it Serie A,22-023,2003,4,3,288,3.2,0.31,0.00,0.31,0.31,0.00,0.00,0.00,0.00,0.09,0.09,0.03,0.13,0.63,6.88,2.50,0.31,0.00,0.31,0.31,0.31,0.09,0.04,0.13,0.09,0.13,Matches
873,András Schäfer,hu HUN,MF,Union Berlin,de Bundesliga,26-265,1999,11,5,494,5.5,0.18,0.00,0.18,0.18,0.00,0.00,0.18,0.00,0.09,0.09,0.00,0.09,0.18,1.64,2.00,0.18,0.00,0.18,0.18,0.18,0.09,0.00,0.09,0.09,0.09,Matches
874,Nico Schlotterbeck,de GER,DF,Dortmund,de Bundesliga,26-033,1999,11,11,990,11.0,0.09,0.09,0.18,0.09,0.00,0.00,0.27,0.00,0.04,0.04,0.05,0.09,1.18,6.45,0.55,0.09,0.09,0.18,0.09,0.18,0.04,0.06,0.09,0.04,0.09,Matches
875,Isaac Schmidt,ch SUI,"DF,MF",Werder Bremen,de Bundesliga,26-027,1999,8,1,238,2.6,0.38,0.00,0.38,0.38,0.00,0.00,0.38,0.00,0.31,0.31,0.08,0.38,03.08,5.77,5.77,0.38,0.00,0.38,0.38,0.38,0.31,0.06,0.37,0.31,0.37,Matches
Rk,Player,Nation,Pos,Squad,Comp,Age,Born,MP,Starts,Min,90s,Gls,Ast,G+A,G-PK,PK,PKatt,CrdY,CrdR,xG,npxG,xAG,npxG+xAG,PrgC,PrgP,PrgR,Gls,Ast,G+A,G-PK,G+A-PK,xG,xAG,xG+xAG,npxG,npxG+xAG,Matches
876,Jan Schöppner,de GER,MF,Heidenheim,de Bundesliga,26-205,1999,14,13,"1,038",11.5,0.09,0.00,0.09,0.09,0.00,0.00,0.35,0.00,0.05,0.05,0.08,0.13,0.87,2.43,2.87,0.09,0.00,0.09,0.09,0.09,0.05,0.08,0.13,0.05,0.13,Matches
877,Léo Scienza,br BRA,"MF,FW",Heidenheim,de Bundesliga,27-112,1998,2,2,180,2.0,0.50,0.00,0.50,0.50,0.00,0.00,0.00,0.00,0.05,0.05,0.55,0.65,5.50,1.50,5.00,0.50,0.00,0.50,0.50,0.50,0.07,0.56,0.63,0.07,0.63,Matches
878,Alex Scott,eng ENG,MF,Bournemouth,eng Premier League,22-135,2003,19,16,"1,247",13.9,0.07,0.00,0.07,0.07,0.00,0.00,0.14,0.00,0.09,0.09,0.09,0.18,1.94,3.38,1.94,0.07,0.00,0.07,0.07,0.07,0.09,0.09,0.18,0.09,0.18,Matches
879,Francisco Sierralta,cl CHI,DF,Auxerre,fr Ligue 1,28-242,1997,10,9,861,9.6,0.10,0.00,0.10,0.10,0.00,0.00,0.21,0.00,0.10,0.10,0.01,0.11,0.10,1.67,0.21,0.10,0.00,0.10,0.10,0.10,0.11,0.01,0.12,0.11,0.12,Matches
880,Abdallah Sima,sn SEN,MF,Lens,fr Ligue 1,24-200,2001,7,1,157,1.7,0.59,0.00,0.59,0.59,0.00,0.00,1.18,0.00,0.12,0.12,0.06,0.18,2.35,1.18,7.65,0.57,0.00,0.57,0.57,0.57,0.13,0.04,0.17,0.13,0.17,Matches
881,Xavi Simons,nl NED,"MF,FW",Tottenham,eng Premier League,22-257,2003,14,9,834,9.3,0.11,0.22,0.32,0.11,0.00,0.00,0.22,0.11,0.09,0.09,0.16,0.26,3.44,6.34,4.84,0.11,0.22,0.32,0.11,0.32,0.09,0.17,0.25,0.09,0.25,Matches
882,Tim Skarke,de GER,"MF,DF",Union Berlin,de Bundesliga,29-118,1996,12,2,359,4.0,0.25,0.00,0.25,0.25,0.00,0.00,0.00,0.00,0.17,0.17,0.05,0.23,2.00,1.25,6.00,0.25,0.00,0.25,0.25,0.25,0.18,0.05,0.23,0.18,0.23,Matches
883,Andreas Skov Olsen,dk DEN,FW,Wolfsburg,de Bundesliga,26-005,1999,8,4,362,4.0,0.25,0.00,0.25,0.25,0.00,0.00,0.25,0.00,0.07,0.07,0.23,0.30,2.00,2.50,6.25,0.25,0.00,0.25,0.25,0.25,0.08,0.22,0.30,0.08,0.30,Matches
884,Eric Smith,se SWE,DF,St. Pauli,de Bundesliga,28-360,1997,14,14,"1,214",13.5,0.07,0.00,0.07,0.07,0.00,0.00,0.15,0.07,0.02,0.02,0.01,0.03,0.67,3.78,0.59,0.07,0.00,0.07,0.07,0.07,0.02,0.01,0.03,0.02,0.03,Matches
885,Oumar Solet,fr FRA,DF,Udinese,it Serie A,25-330,2000,17,17,"1,499",16.7,0.06,0.06,0.12,0.06,0.00,0.00,0.00,0.00,0.06,0.06,0.04,0.10,1.68,4.97,0.72,0.06,0.06,0.12,0.06,0.12,0.06,0.04,0.11,0.06,0.11,Matches
886,Manor Solomon,il ISR,MF,Villarreal,es La Liga,26-163,1999,6,1,150,1.7,0.59,0.59,1.18,0.59,0.00,0.00,0.00,0.00,0.24,0.24,0.18,0.41,3.53,4.12,7.65,0.60,0.60,1.20,0.60,1.20,0.25,0.16,0.41,0.25,0.41,Matches
887,Oliver Sonne,pe PER,"DF,FW",Burnley,eng Premier League,25-054,2000,5,1,132,1.5,0.67,0.00,0.67,0.67,0.00,0.00,0.00,0.00,0.27,0.27,0.00,0.33,0.00,3.33,4.00,0.68,0.00,0.68,0.68,0.68,0.29,0.02,0.31,0.29,0.31,Matches
888,Riccardo Sottil,it ITA,"FW,MF",Lecce,it Serie A,26-214,1999,11,6,543,6.0,0.17,0.17,0.33,0.17,0.00,0.00,0.17,0.00,0.03,0.03,0.27,0.30,4.83,2.50,7.83,0.17,0.17,0.33,0.17,0.33,0.03,0.27,0.30,0.03,0.30,Matches
889,Leonardo Spinazzola,it ITA,"DF,MF",Napoli,it Serie A,32-284,1993,12,8,682,7.6,0.13,0.26,0.39,0.13,0.00,0.00,0.13,0.00,0.05,0.05,0.16,0.21,4.47,3.68,04.08,0.13,0.26,0.40,0.13,0.40,0.05,0.16,0.21,0.05,0.21,Matches
890,Orri Steinn Óskarsson,is ISL,FW,Real Sociedad,es La Liga,21-127,2004,3,1,113,1.3,0.77,0.00,0.77,0.77,0.00,0.00,0.00,0.00,0.38,0.38,0.23,0.54,0.00,0.77,6.92,0.80,0.00,0.80,0.80,0.80,0.37,0.21,0.59,0.37,0.59,Matches
891,Angelo Stiller,de GER,MF,Stuttgart,de Bundesliga,24-274,2001,15,12,"1,17",13.0,0.08,0.23,0.31,0.08,0.00,0.08,0.08,0.00,0.13,0.07,0.17,0.24,1.69,8.15,2.15,0.08,0.23,0.31,0.08,0.31,0.13,0.17,0.30,0.07,0.24,Matches
892,Jørgen Strand Larsen,no NOR,FW,Wolves,eng Premier League,25-331,2000,17,14,"1,259",14.0,0.07,0.00,0.07,0.00,0.07,0.14,0.14,0.00,0.19,0.08,0.03,0.11,0.29,0.86,3.36,0.07,0.00,0.07,0.00,0.00,0.19,0.03,0.22,0.08,0.10,Matches
893,Nikola Štulić,rs SRB,FW,Lecce,it Serie A,24-117,2001,15,11,940,10.4,0.10,0.00,0.10,0.10,0.00,0.00,0.10,0.00,0.16,0.16,0.08,0.24,0.29,01.06,4.13,0.10,0.00,0.10,0.10,0.10,0.16,0.08,0.24,0.16,0.24,Matches
894,Denis Suárez,es ESP,MF,Alavés,es La Liga,31-362,1994,15,9,820,9.1,0.11,0.00,0.11,0.11,0.00,0.00,0.33,0.00,0.08,0.08,0.12,0.21,1.43,06.04,1.76,0.11,0.00,0.11,0.11,0.11,0.08,0.13,0.20,0.08,0.20,Matches
895,Petar Sucic,hr CRO,MF,Inter,it Serie A,22-070,2003,14,9,753,8.4,0.12,0.24,0.36,0.12,0.00,0.00,0.36,0.00,0.07,0.07,0.12,0.19,2.62,7.98,6.31,0.12,0.24,0.36,0.12,0.36,0.07,0.12,0.19,0.07,0.19,Matches
896,Daniel Svensson,se SWE,"DF,MF",Dortmund,de Bundesliga,23-325,2002,15,12,"1,134",12.6,0.08,0.08,0.16,0.08,0.00,0.00,0.00,0.00,0.06,0.06,0.09,0.15,1.83,2.94,6.75,0.08,0.08,0.16,0.08,0.16,0.06,0.09,0.15,0.06,0.15,Matches
897,Jonathan Tah,de GER,DF,Bayern Munich,de Bundesliga,29-326,1996,12,12,"1,057",11.7,0.09,0.00,0.09,0.09,0.00,0.00,0.17,0.00,0.03,0.03,0.01,0.04,0.60,5.21,0.43,0.09,0.00,0.09,0.09,0.09,0.03,0.01,0.04,0.03,0.04,Matches
898,Loum Tchaouna,fr FRA,"MF,FW",Burnley,eng Premier League,22-117,2003,15,9,732,8.1,0.12,0.00,0.12,0.12,0.00,0.00,0.12,0.00,0.10,0.10,0.04,0.12,1.48,2.10,3.46,0.12,0.00,0.12,0.12,0.12,0.09,0.03,0.12,0.09,0.12,Matches
899,Nahuel Tenaglia,ar ARG,DF,Alavés,es La Liga,29-316,1996,16,16,"1,44",16.0,0.06,0.00,0.06,0.06,0.00,0.00,0.13,0.00,0.04,0.04,0.01,0.05,0.31,2.25,0.19,0.06,0.00,0.06,0.06,0.06,0.04,0.01,0.05,0.04,0.05,Matches
900,Tanner Tessmann,us USA,"MF,DF",Lyon,fr Ligue 1,24-101,2001,14,12,"1,038",11.5,0.09,0.00,0.09,0.09,0.00,0.00,0.00,0.00,0.09,0.09,0.13,0.22,0.61,5.13,1.39,0.09,0.00,0.09,0.09,0.09,0.08,0.13,0.22,0.08,0.22,Matches
901,Kenny Tete,nl NED,DF,Fulham,eng Premier League,30-086,1995,16,16,"1,345",14.9,0.07,0.00,0.07,0.07,0.00,0.00,0.13,0.00,0.03,0.03,0.04,0.07,1.21,3.62,02.01,0.07,0.00,0.07,0.07,0.07,0.03,0.04,0.07,0.03,0.07,Matches
902,Arthur Theate,be BEL,DF,Eint Frankfurt,de Bundesliga,25-223,2000,14,14,"1,26",14.0,0.07,0.00,0.07,0.07,0.00,0.00,0.36,0.00,0.04,0.04,0.01,0.06,1.71,7.57,0.79,0.07,0.00,0.07,0.07,0.07,0.04,0.02,0.06,0.04,0.06,Matches
903,Kristian Thorstvedt,no NOR,MF,Sassuolo,it Serie A,26-296,1999,14,10,950,10.6,0.09,0.09,0.19,0.09,0.00,0.00,0.47,0.00,0.24,0.24,0.08,0.31,1.98,3.96,3.77,0.09,0.09,0.19,0.09,0.19,0.24,0.08,0.31,0.24,0.31,Matches
904,Khéphren Thuram,fr FRA,MF,Juventus,it Serie A,24-283,2001,16,14,"1,173",13.0,0.08,0.08,0.15,0.08,0.00,0.00,0.00,0.00,0.09,0.09,0.03,0.12,3.00,5.31,1.54,0.08,0.08,0.15,0.08,0.15,0.09,0.03,0.12,0.09,0.12,Matches
905,Phillip Tietz,de GER,"FW,MF",Augsburg,de Bundesliga,28-178,1997,10,0,198,2.2,0.45,0.00,0.45,0.45,0.00,0.00,0.91,0.00,0.36,0.36,0.05,0.41,0.45,2.27,8.18,0.45,0.00,0.45,0.45,0.45,0.38,0.04,0.42,0.38,0.42,Matches
906,Jeremy Toljan,de GER,DF,Levante,es La Liga,31-148,1994,16,16,"1,345",14.9,0.07,0.13,0.20,0.07,0.00,0.00,0.20,0.00,0.05,0.05,0.13,0.19,0.47,02.08,3.15,0.07,0.13,0.20,0.07,0.20,0.05,0.13,0.18,0.05,0.18,Matches
907,Idrissa Touré,de GER,DF,Pisa,it Serie A,27-249,1998,15,15,"1,261",14.0,0.07,0.00,0.07,0.07,0.00,0.00,0.07,0.07,0.11,0.11,0.16,0.27,2.36,02.07,3.43,0.07,0.00,0.07,0.07,0.07,0.11,0.16,0.27,0.11,0.27,Matches
908,Mattéo Tramoni,fr FRA,"FW,MF",Pisa,it Serie A,25-348,2000,16,10,811,9.0,0.11,0.11,0.22,0.00,0.11,0.11,0.22,0.00,0.28,0.19,0.14,0.33,2.78,3.33,5.22,0.11,0.11,0.22,0.00,0.11,0.28,0.14,0.42,0.19,0.33,Matches
909,Bertrand Traoré,bf BFA,"FW,MF",Sunderland,eng Premier League,30-119,1995,10,9,608,6.8,0.15,0.00,0.15,0.15,0.00,0.00,0.15,0.00,0.09,0.09,0.13,0.22,1.76,2.94,7.35,0.15,0.00,0.15,0.15,0.15,0.09,0.13,0.22,0.09,0.22,Matches
910,Boubacar Traoré,ml MLI,MF,Metz,fr Ligue 1,24-136,2001,13,10,906,10.1,0.10,0.00,0.10,0.10,0.00,0.00,0.20,0.00,0.07,0.07,0.00,0.08,0.40,02.08,0.79,0.10,0.00,0.10,0.10,0.10,0.07,0.00,0.08,0.07,0.08,Matches
Rk,Player,Nation,Pos,Squad,Comp,Age,Born,MP,Starts,Min,90s,Gls,Ast,G+A,G-PK,PK,PKatt,CrdY,CrdR,xG,npxG,xAG,npxG+xAG,PrgC,PrgP,PrgR,Gls,Ast,G+A,G-PK,G+A-PK,xG,xAG,xG+xAG,npxG,npxG+xAG,Matches
911,Philipp Treu,de GER,"DF,FW",Freiburg,de Bundesliga,25-031,2000,12,9,863,9.6,0.10,0.10,0.21,0.10,0.00,0.00,0.00,0.00,0.06,0.06,0.02,0.08,1.15,2.60,3.65,0.10,0.10,0.21,0.10,0.21,0.06,0.03,0.08,0.06,0.08,Matches
912,Stefanos Tzimas,gr GRE,"FW,MF",Brighton,eng Premier League,19-362,2006,9,1,139,1.5,0.67,0.67,1.33,0.67,0.00,0.00,0.00,0.00,0.33,0.33,0.33,0.60,0.67,0.67,5.33,0.65,0.65,1.29,0.65,1.29,0.30,0.30,0.60,0.30,0.60,Matches
913,Christantus Uche,ng NGA,FW,Getafe,es La Liga,22-229,2003,3,3,270,3.0,0.33,0.33,0.67,0.33,0.00,0.00,0.33,0.00,0.47,0.47,0.13,0.60,1.33,1.33,5.00,0.33,0.33,0.67,0.33,0.67,0.47,0.14,0.61,0.47,0.61,Matches
914,Enes Ünal,tr TUR,"FW,MF",Bournemouth,eng Premier League,28-238,1997,7,0,75,0.8,1.25,0.00,1.25,1.25,0.00,0.00,1.25,0.00,1.00,1.00,0.00,1.00,0.00,1.25,8.75,1.20,0.00,1.20,1.20,1.20,0.94,0.00,0.94,0.94,0.94,Matches
915,Dayot Upamecano,fr FRA,DF,Bayern Munich,de Bundesliga,27-068,1998,12,11,899,10.0,0.10,0.00,0.10,0.10,0.00,0.00,0.30,0.00,0.10,0.10,0.05,0.14,0.60,5.40,0.00,0.10,0.00,0.10,0.10,0.10,0.10,0.05,0.14,0.10,0.14,Matches
916,Josha Vagnoman,de GER,DF,Stuttgart,de Bundesliga,25-023,2000,13,10,876,9.7,0.10,0.10,0.21,0.10,0.00,0.00,0.21,0.00,0.08,0.08,0.05,0.13,1.55,02.06,6.29,0.10,0.10,0.21,0.10,0.21,0.08,0.05,0.14,0.08,0.14,Matches
917,Denis Vavro,sk SVK,DF,Wolfsburg,de Bundesliga,29-268,1996,4,1,104,1.2,0.83,0.00,0.83,0.83,0.00,0.00,0.83,0.00,0.25,0.25,0.00,0.25,0.00,0.00,0.00,0.87,0.00,0.87,0.87,0.87,0.30,0.00,0.30,0.30,0.30,Matches
918,Franco Vázquez,ar ARG,"FW,MF",Cremonese,it Serie A,36-315,1989,13,4,459,5.1,0.20,0.20,0.39,0.20,0.00,0.00,0.20,0.00,0.27,0.27,0.18,0.45,1.18,5.49,5.69,0.20,0.20,0.39,0.20,0.39,0.27,0.19,0.46,0.27,0.46,Matches
919,Joël Veltman,nl NED,DF,Brighton,eng Premier League,33-353,1992,10,5,497,5.5,0.18,0.00,0.18,0.18,0.00,0.00,0.55,0.00,0.11,0.11,0.05,0.16,2.18,4.55,1.82,0.18,0.00,0.18,0.18,0.18,0.11,0.05,0.16,0.11,0.16,Matches
920,Fabio Vieira,pt POR,"MF,FW",Hamburger SV,de Bundesliga,25-218,2000,10,7,639,7.1,0.14,0.42,0.56,0.14,0.00,0.00,0.42,0.28,0.15,0.15,0.21,0.37,0.85,6.34,3.24,0.14,0.42,0.56,0.14,0.56,0.15,0.22,0.37,0.15,0.37,Matches
921,Federico Viñas,uy URU,FW,Oviedo,es La Liga,27-187,1998,14,9,847,9.4,0.11,0.00,0.11,0.00,0.11,0.11,0.21,0.21,0.22,0.14,0.14,0.29,0.53,1.91,3.83,0.11,0.00,0.11,0.00,0.00,0.22,0.14,0.36,0.14,0.28,Matches
922,Vitinha,pt POR,MF,Paris S-G,fr Ligue 1,25-324,2000,15,13,"1,107",12.3,0.08,0.49,0.57,0.08,0.00,0.00,0.08,0.00,0.07,0.07,0.15,0.21,3.74,12.2,1.30,0.08,0.49,0.57,0.08,0.57,0.06,0.15,0.21,0.06,0.21,Matches
923,Mërgim Vojvoda,xk KVX,"FW,DF",Como,it Serie A,30-336,1995,13,9,717,8.0,0.13,0.25,0.38,0.13,0.00,0.00,0.25,0.00,0.10,0.10,0.19,0.30,3.13,4.88,6.00,0.13,0.25,0.38,0.13,0.38,0.11,0.19,0.30,0.11,0.30,Matches
924,Cristian Volpato,it ITA,"FW,MF",Sassuolo,it Serie A,22-049,2003,12,6,621,6.9,0.14,0.58,0.72,0.14,0.00,0.00,0.29,0.00,0.13,0.13,0.25,0.38,3.77,3.33,5.36,0.14,0.58,0.72,0.14,0.72,0.13,0.24,0.37,0.13,0.37,Matches
925,Alexis Vossah,fr FRA,MF,Toulouse,fr Ligue 1,17-298,2008,13,5,552,6.1,0.16,0.16,0.33,0.16,0.00,0.00,0.16,0.16,0.08,0.08,0.05,0.13,0.16,1.64,1.48,0.16,0.16,0.33,0.16,0.33,0.09,0.04,0.13,0.09,0.13,Matches
926,Hauke Wahl,de GER,DF,St. Pauli,de Bundesliga,31-263,1994,14,14,"1,215",13.5,0.07,0.00,0.07,0.07,0.00,0.00,0.00,0.00,0.03,0.03,0.01,0.04,1.11,4.67,0.96,0.07,0.00,0.07,0.07,0.07,0.03,0.01,0.04,0.03,0.04,Matches
927,Kyle Walker-Peters,eng ENG,DF,West Ham,eng Premier League,28-265,1997,14,8,777,8.6,0.12,0.00,0.12,0.12,0.00,0.00,0.12,0.00,0.13,0.13,0.01,0.14,02.09,3.60,3.84,0.12,0.00,0.12,0.12,0.12,0.13,0.01,0.14,0.13,0.14,Matches
928,Timothy Weah,us USA,"DF,FW",Marseille,fr Ligue 1,25-315,2000,13,11,881,9.8,0.10,0.10,0.20,0.10,0.00,0.00,0.10,0.00,0.05,0.05,0.12,0.17,2.65,2.96,9.59,0.10,0.10,0.20,0.10,0.20,0.05,0.12,0.17,0.05,0.17,Matches
929,Silvan Widmer,ch SUI,DF,Mainz 05,de Bundesliga,32-304,1993,10,7,584,6.5,0.15,0.00,0.15,0.15,0.00,0.00,0.31,0.00,0.20,0.20,0.02,0.20,0.62,2.62,4.15,0.15,0.00,0.15,0.15,0.15,0.19,0.01,0.20,0.19,0.20,Matches
930,Iñaki Williams,gh GHA,FW,Athletic Club,es La Liga,31-202,1994,11,9,795,8.8,0.11,0.00,0.11,0.00,0.11,0.11,0.11,0.00,0.27,0.18,0.07,0.25,2.27,1.70,8.64,0.11,0.00,0.11,0.00,0.00,0.27,0.07,0.34,0.18,0.25,Matches
931,Neco Williams,wls WAL,DF,Nott'ham Forest,eng Premier League,24-265,2001,19,19,"1,71",19.0,0.05,0.05,0.11,0.05,0.00,0.00,0.21,0.00,0.06,0.06,0.11,0.17,1.84,4.37,4.68,0.05,0.05,0.11,0.05,0.11,0.06,0.11,0.17,0.06,0.17,Matches
932,Estêvão Willian,br BRA,FW,Chelsea,eng Premier League,18-254,2007,16,7,565,6.3,0.16,0.16,0.32,0.16,0.00,0.00,0.48,0.00,0.35,0.35,0.32,0.67,4.92,2.70,11.4,0.16,0.16,0.32,0.16,0.32,0.34,0.32,0.67,0.34,0.67,Matches
933,Florian Wirtz,de GER,"MF,FW",Liverpool,eng Premier League,22-245,2003,18,14,"1,24",13.8,0.07,0.07,0.14,0.07,0.00,0.00,0.07,0.00,0.27,0.27,0.15,0.41,2.25,6.74,10.6,0.07,0.07,0.15,0.07,0.15,0.27,0.15,0.41,0.27,0.41,Matches
934,Yoane Wissa,cd COD,FW,Newcastle Utd,eng Premier League,29-122,1996,5,1,153,1.7,0.59,0.00,0.59,0.59,0.00,0.00,0.59,0.00,0.71,0.71,0.12,0.82,0.59,2.94,3.53,0.59,0.00,0.59,0.59,0.59,0.71,0.09,0.81,0.71,0.81,Matches
935,Axel Witsel,be BEL,MF,Girona,es La Liga,36-356,1989,14,14,"1,15",12.8,0.08,0.00,0.08,0.08,0.00,0.00,0.16,0.08,0.07,0.07,0.02,0.09,01.02,4.53,0.78,0.08,0.00,0.08,0.08,0.08,0.07,0.02,0.09,0.07,0.09,Matches
936,Marius Wolf,de GER,"DF,FW",Augsburg,de Bundesliga,30-221,1995,11,6,398,4.4,0.23,0.00,0.23,0.23,0.00,0.00,0.23,0.00,0.16,0.16,0.11,0.27,02.05,2.50,5.68,0.23,0.00,0.23,0.23,0.23,0.15,0.11,0.26,0.15,0.26,Matches
937,Granit Xhaka,ch SUI,MF,Sunderland,eng Premier League,33-098,1992,19,19,"1,692",18.8,0.05,0.27,0.32,0.05,0.00,0.00,0.21,0.00,0.03,0.03,0.11,0.14,0.74,5.96,0.96,0.05,0.27,0.32,0.05,0.32,0.03,0.11,0.14,0.03,0.14,Matches
938,Illia Zabarnyi,ua UKR,DF,Paris S-G,fr Ligue 1,23-124,2002,13,12,"1,103",12.3,0.08,0.00,0.08,0.08,0.00,0.00,0.16,0.00,0.01,0.01,0.01,0.02,0.81,5.20,0.73,0.08,0.00,0.08,0.08,0.08,0.01,0.01,0.02,0.01,0.02,Matches
939,Warren Zaïre-Emery,fr FRA,"MF,DF",Paris S-G,fr Ligue 1,19-301,2006,16,14,"1,247",13.9,0.07,0.07,0.14,0.07,0.00,0.00,0.07,0.00,0.03,0.03,0.17,0.19,3.31,7.48,4.39,0.07,0.07,0.14,0.07,0.14,0.03,0.17,0.20,0.03,0.20,Matches
940,Nicola Zalewski,pl POL,DF,Atalanta,it Serie A,23-345,2002,13,7,615,6.8,0.15,0.29,0.44,0.15,0.00,0.00,0.15,0.00,0.10,0.10,0.15,0.25,4.56,3.82,5.15,0.15,0.29,0.44,0.15,0.44,0.10,0.15,0.25,0.10,0.25,Matches
941,Duván Zapata,co COL,FW,Torino,it Serie A,34-277,1991,12,4,432,4.8,0.21,0.21,0.42,0.21,0.00,0.21,0.00,0.00,0.33,0.17,0.04,0.21,0.83,02.08,7.29,0.21,0.21,0.42,0.21,0.42,0.33,0.05,0.38,0.17,0.22,Matches
942,Piotr Zieliński,pl POL,MF,Inter,it Serie A,31-228,1994,13,4,509,5.7,0.18,0.18,0.35,0.18,0.00,0.00,0.00,0.00,0.05,0.05,0.04,0.09,2.63,5.96,2.98,0.18,0.18,0.35,0.18,0.35,0.05,0.04,0.10,0.05,0.10,Matches
943,Budu Zivzivadze,ge GEO,FW,Heidenheim,de Bundesliga,31-299,1994,8,6,377,4.2,0.24,0.00,0.24,0.24,0.00,0.00,0.00,0.24,0.43,0.43,0.02,0.45,0.95,1.90,3.33,0.24,0.00,0.24,0.24,0.24,0.43,0.03,0.46,0.43,0.46,Matches
944,Martin Ødegaard,no NOR,MF,Arsenal,eng Premier League,27-017,1998,13,9,718,8.0,0.13,0.25,0.38,0.13,0.00,0.00,0.00,0.00,0.10,0.10,0.29,0.39,3.38,11.0,2.38,0.13,0.25,0.38,0.13,0.38,0.11,0.28,0.39,0.11,0.39,Matches
945,Zach Abbott,eng ENG,DF,Nott'ham Forest,eng Premier League,19-235,2006,1,0,45,0.5,0.00,0.00,0.00,0.00,0.00,0.00,0.00,0.00,0.00,0.00,0.00,0.00,0.00,2.00,2.00,0.00,0.00,0.00,0.00,0.00,0.00,0.00,0.00,0.00,0.00,Matches
Rk,Player,Nation,Pos,Squad,Comp,Age,Born,MP,Starts,Min,90s,Gls,Ast,G+A,G-PK,PK,PKatt,CrdY,CrdR,xG,npxG,xAG,npxG+xAG,PrgC,PrgP,PrgR,Gls,Ast,G+A,G-PK,G+A-PK,xG,xAG,xG+xAG,npxG,npxG+xAG,Matches
946,Ali Abdi,tn TUN,"DF,MF",Nice,fr Ligue 1,32-014,1993,9,6,464,5.2,0.00,0.00,0.00,0.00,0.00,0.00,0.58,0.19,0.00,0.00,0.10,0.10,2.31,1.35,3.46,0.00,0.00,0.00,0.00,0.00,0.00,0.09,0.09,0.00,0.09,Matches
947,Salis Abdul Samed,gh GHA,MF,Nice,fr Ligue 1,25-283,2000,11,7,506,5.6,0.00,0.00,0.00,0.00,0.00,0.00,0.36,0.00,0.00,0.00,0.00,0.00,0.89,1.43,0.89,0.00,0.00,0.00,0.00,0.00,0.00,0.00,0.00,0.00,0.00,Matches
948,Saud Abdulhamid,sa KSA,DF,Lens,fr Ligue 1,26-169,1999,11,2,306,3.4,0.00,0.29,0.29,0.00,0.00,0.00,0.00,0.00,0.06,0.06,0.18,0.21,02.06,5.59,10.6,0.00,0.29,0.29,0.00,0.29,0.05,0.17,0.22,0.05,0.22,Matches
949,Zakaria Aboukhlal,ma MAR,"FW,MF",Torino,it Serie A,25-319,2000,9,1,183,2.0,0.00,0.00,0.00,0.00,0.00,0.00,1.00,0.00,0.10,0.10,0.00,0.10,4.50,2.00,4.50,0.00,0.00,0.00,0.00,0.00,0.08,0.00,0.08,0.08,0.08,Matches
950,Abdel Abqar,ma MAR,DF,Getafe,es La Liga,26-299,1999,10,8,690,7.7,0.00,0.13,0.13,0.00,0.00,0.00,0.65,0.00,0.03,0.03,0.05,0.08,0.39,1.43,0.13,0.00,0.13,0.13,0.00,0.13,0.03,0.05,0.08,0.03,0.08,Matches
951,Francis Abu,gh GHA,MF,Toulouse,fr Ligue 1,24-251,2001,8,7,526,5.8,0.00,0.00,0.00,0.00,0.00,0.00,0.34,0.00,0.02,0.02,0.00,0.03,0.17,3.45,1.72,0.00,0.00,0.00,0.00,0.00,0.02,0.01,0.03,0.02,0.03,Matches
952,Francesco Acerbi,it ITA,DF,Inter,it Serie A,37-327,1988,10,10,863,9.6,0.00,0.10,0.10,0.00,0.00,0.00,0.21,0.00,0.04,0.04,0.04,0.08,0.63,3.54,0.00,0.00,0.10,0.10,0.00,0.10,0.04,0.04,0.08,0.04,0.08,Matches
953,Tosin Adarabioyo,eng ENG,DF,Chelsea,eng Premier League,28-101,1997,9,5,561,6.2,0.00,0.00,0.00,0.00,0.00,0.00,0.16,0.00,0.02,0.02,0.00,0.02,0.48,2.90,0.00,0.00,0.00,0.00,0.00,0.00,0.02,0.00,0.02,0.02,0.02,Matches
954,Nathaniel Adjei,gh GHA,DF,Lorient,fr Ligue 1,23-135,2002,2,0,7,0.1,0.00,0.00,0.00,0.00,0.00,0.00,0.00,0.00,0.00,0.00,0.00,0.00,0.00,0.00,0.00,0.00,0.00,0.00,0.00,0.00,0.00,0.00,0.00,0.00,0.00,Matches
955,Michel Aebischer,ch SUI,MF,Pisa,it Serie A,28-362,1997,16,15,"1,327",14.7,0.00,0.00,0.00,0.00,0.00,0.00,0.20,0.00,0.01,0.01,0.05,0.07,1.43,5.44,01.09,0.00,0.00,0.00,0.00,0.00,0.01,0.06,0.07,0.01,0.07,Matches
956,David Affengruber,at AUT,DF,Elche,es La Liga,24-290,2001,16,15,"1,379",15.3,0.00,0.00,0.00,0.00,0.00,0.00,0.26,0.07,0.03,0.03,0.01,0.04,0.98,3.53,0.26,0.00,0.00,0.00,0.00,0.00,0.02,0.01,0.04,0.02,0.04,Matches
957,Oladapo Afolayan,eng ENG,"MF,FW",St. Pauli,de Bundesliga,27-325,1998,7,1,150,1.7,0.00,0.00,0.00,0.00,0.00,0.00,0.59,0.00,0.35,0.35,0.06,0.41,4.12,4.12,11.2,0.00,0.00,0.00,0.00,0.00,0.37,0.08,0.45,0.37,0.45,Matches
958,Emmanuel Agbadou,ci CIV,DF,Wolves,eng Premier League,28-200,1997,13,11,"1,011",11.2,0.00,0.00,0.00,0.00,0.00,0.00,0.09,0.09,0.04,0.04,0.02,0.05,0.45,3.30,0.63,0.00,0.00,0.00,0.00,0.00,0.04,0.01,0.06,0.04,0.06,Matches
959,Julen Agirrezabala,es ESP,GK,Valencia,es La Liga,25-008,2000,17,17,"1,53",17.0,0.00,0.00,0.00,0.00,0.00,0.00,0.06,0.00,0.00,0.00,0.00,0.00,0.00,0.06,0.00,0.00,0.00,0.00,0.00,0.00,0.00,0.00,0.00,0.00,0.00,Matches
960,Felix Agu,ng NGA,DF,Werder Bremen,de Bundesliga,26-098,1999,6,6,483,5.4,0.00,0.00,0.00,0.00,0.00,0.00,0.19,0.00,0.00,0.00,0.07,0.07,1.67,2.22,5.19,0.00,0.00,0.00,0.00,0.00,0.00,0.07,0.07,0.00,0.07,Matches
961,Marc Aguado,es ESP,MF,Elche,es La Liga,25-315,2000,16,13,"1,077",12.0,0.00,0.00,0.00,0.00,0.00,0.00,0.08,0.00,0.00,0.00,0.00,0.01,0.25,3.83,0.92,0.00,0.00,0.00,0.00,0.00,0.00,0.00,0.01,0.00,0.01,Matches
962,Pablo Agudín,es ESP,"MF,FW",Oviedo,es La Liga,18-056,2007,4,0,70,0.8,0.00,0.00,0.00,0.00,0.00,0.00,0.00,0.00,0.00,0.00,0.00,0.00,1.25,1.25,8.75,0.00,0.00,0.00,0.00,0.00,0.05,0.00,0.05,0.05,0.05,Matches
963,Nayef Aguerd,ma MAR,DF,West Ham,eng Premier League,29-279,1996,2,2,180,2.0,0.00,0.00,0.00,0.00,0.00,0.00,0.00,0.00,0.05,0.05,0.00,0.05,1.00,4.50,0.00,0.00,0.00,0.00,0.00,0.00,0.05,0.00,0.05,0.05,0.05,Matches
964,Ruben Aguilar,fr FRA,DF,Lens,fr Ligue 1,32-252,1993,16,15,"1,244",13.8,0.00,0.07,0.07,0.00,0.00,0.00,0.22,0.00,0.03,0.03,0.10,0.13,2.39,4.20,7.54,0.00,0.07,0.07,0.00,0.07,0.03,0.10,0.13,0.03,0.13,Matches
965,Honest Ahanor,it ITA,DF,Atalanta,it Serie A,17-314,2008,8,6,552,6.1,0.00,0.00,0.00,0.00,0.00,0.00,0.00,0.00,0.16,0.16,0.00,0.16,0.98,2.46,0.98,0.00,0.00,0.00,0.00,0.00,0.17,0.00,0.17,0.17,0.17,Matches
966,Lucas Ahijado,es ESP,DF,Oviedo,es La Liga,30-338,1995,7,5,506,5.6,0.00,0.18,0.18,0.00,0.00,0.00,0.36,0.00,0.05,0.05,0.09,0.14,1.25,03.04,2.86,0.00,0.18,0.18,0.00,0.18,0.05,0.09,0.14,0.05,0.14,Matches
967,Joseph Aidoo,gh GHA,DF,Celta Vigo,es La Liga,30-096,1995,2,1,108,1.2,0.00,0.00,0.00,0.00,0.00,0.00,0.00,0.00,0.00,0.00,0.00,0.00,0.00,0.00,0.00,0.00,0.00,0.00,0.00,0.00,0.00,0.00,0.00,0.00,0.00,Matches
968,Ola Aina,ng NGA,DF,Nott'ham Forest,eng Premier League,29-087,1996,3,3,270,3.0,0.00,0.00,0.00,0.00,0.00,0.00,0.33,0.00,0.00,0.00,0.03,0.07,1.67,3.67,2.67,0.00,0.00,0.00,0.00,0.00,0.01,0.05,0.06,0.01,0.06,Matches
969,Rayan Aït-Nouri,dz ALG,DF,Manchester City,eng Premier League,24-211,2001,5,3,204,2.3,0.00,0.00,0.00,0.00,0.00,0.00,0.43,0.00,0.00,0.00,0.09,0.13,03.04,03.04,3.48,0.00,0.00,0.00,0.00,0.00,0.02,0.10,0.12,0.02,0.12,Matches
970,Junior Ajayi,ci CIV,FW,Hellas Verona,it Serie A,21-084,2004,1,0,1,0.0,0,0,0,0,0,0,0,0,0.0,0.0,0.0,0.0,0,0,0,0.00,0.00,0.00,0.00,0.00,0.00,0.00,0.00,0.00,0.00,Matches
971,Kristoffer Ajer,no NOR,DF,Brentford,eng Premier League,27-261,1998,13,9,793,8.8,0.00,0.11,0.11,0.00,0.00,0.00,0.11,0.00,0.08,0.08,0.08,0.16,0.80,2.84,1.14,0.00,0.11,0.11,0.00,0.11,0.08,0.08,0.16,0.08,0.16,Matches
972,Manuel Akanji,ch SUI,DF,Inter,it Serie A,30-168,1995,14,14,"1,26",14.0,0.00,0.00,0.00,0.00,0.00,0.00,0.21,0.00,0.04,0.04,0.01,0.06,1.00,4.71,0.79,0.00,0.00,0.00,0.00,0.00,0.04,0.01,0.06,0.04,0.06,Matches
973,Nathan Aké,nl NED,DF,Manchester City,eng Premier League,30-319,1995,9,2,319,3.5,0.00,0.00,0.00,0.00,0.00,0.00,0.29,0.00,0.09,0.09,0.09,0.17,1.43,6.29,0.57,0.00,0.00,0.00,0.00,0.00,0.08,0.09,0.17,0.08,0.17,Matches
974,Ilias Akhomach,ma MAR,"MF,FW",Villarreal,es La Liga,21-262,2004,9,2,188,2.1,0.00,0.00,0.00,0.00,0.00,0.00,0.00,0.00,0.29,0.29,0.33,0.62,4.29,3.33,9.52,0.00,0.00,0.00,0.00,0.00,0.30,0.32,0.62,0.30,0.62,Matches
975,Ebenezer Akinsanmiro,ng NGA,MF,Pisa,it Serie A,21-039,2004,12,9,854,9.5,0.00,0.11,0.11,0.00,0.00,0.00,0.11,0.00,0.06,0.06,0.14,0.19,2.00,4.84,2.84,0.00,0.11,0.11,0.00,0.11,0.06,0.13,0.19,0.06,0.19,Matches
976,Clément Akpa,ci CIV,DF,Auxerre,fr Ligue 1,24-040,2001,15,14,"1,229",13.7,0.00,0.00,0.00,0.00,0.00,0.00,0.22,0.07,0.01,0.01,0.03,0.04,0.58,3.50,0.29,0.00,0.00,0.00,0.00,0.00,0.01,0.03,0.04,0.01,0.04,Matches
977,Jean-Daniel Akpa-Akpro,ci CIV,MF,Hellas Verona,it Serie A,33-084,1992,9,6,494,5.5,0.00,0.00,0.00,0.00,0.00,0.00,0.73,0.00,0.05,0.05,0.02,0.07,0.73,1.82,0.55,0.00,0.00,0.00,0.00,0.00,0.06,0.02,0.08,0.06,0.08,Matches
978,Kevin Akpoguma,ng NGA,DF,Hoffenheim,de Bundesliga,30-259,1995,2,0,25,0.3,0.00,0.00,0.00,0.00,0.00,0.00,0.00,0.00,0.00,0.00,0.00,0.00,0.00,0.00,0.00,0.00,0.00,0.00,0.00,0.00,0.00,0.00,0.00,0.00,0.00,Matches
979,David Alaba,at AUT,DF,Real Madrid,es La Liga,33-193,1992,3,1,57,0.6,0.00,0.00,0.00,0.00,0.00,0.00,0.00,0.00,0.00,0.00,0.00,0.00,1.67,3.33,0.00,0.00,0.00,0.00,0.00,0.00,0.05,0.00,0.05,0.05,0.05,Matches
980,Raúl Albiol,es ESP,DF,Pisa,it Serie A,40-121,1985,5,3,304,3.4,0.00,0.00,0.00,0.00,0.00,0.00,0.29,0.00,0.00,0.00,0.03,0.03,0.00,3.82,0.00,0.00,0.00,0.00,0.00,0.00,0.00,0.03,0.03,0.00,0.03,Matches
Rk,Player,Nation,Pos,Squad,Comp,Age,Born,MP,Starts,Min,90s,Gls,Ast,G+A,G-PK,PK,PKatt,CrdY,CrdR,xG,npxG,xAG,npxG+xAG,PrgC,PrgP,PrgR,Gls,Ast,G+A,G-PK,G+A-PK,xG,xAG,xG+xAG,npxG,npxG+xAG,Matches
981,Carlos Alcaraz,ar ARG,"MF,FW",Everton,eng Premier League,23-034,2002,15,6,663,7.4,0.00,0.14,0.14,0.00,0.00,0.00,0.41,0.00,0.15,0.15,0.11,0.27,01.08,2.84,3.51,0.00,0.14,0.14,0.00,0.14,0.15,0.11,0.27,0.15,0.27,Matches
982,Carles Aleñá,es ESP,"MF,FW",Alavés,es La Liga,27-363,1998,17,10,916,10.2,0.00,0.29,0.29,0.00,0.00,0.00,0.10,0.00,0.10,0.10,0.10,0.20,0.59,3.33,3.63,0.00,0.29,0.29,0.00,0.29,0.10,0.10,0.20,0.10,0.20,Matches
983,Trent Alexander-Arnold,eng ENG,DF,Real Madrid,es La Liga,27-088,1998,8,5,392,4.4,0.00,0.23,0.23,0.00,0.00,0.00,0.00,0.00,0.02,0.02,0.23,0.23,1.36,3.86,5.45,0.00,0.23,0.23,0.00,0.23,0.01,0.22,0.23,0.01,0.23,Matches
984,Alisson,br BRA,GK,Liverpool,eng Premier League,33-093,1992,14,14,"1,26",14.0,0.00,0.00,0.00,0.00,0.00,0.00,0.00,0.00,0.00,0.00,0.00,0.00,0.00,0.29,0.00,0.00,0.00,0.00,0.00,0.00,0.00,0.00,0.00,0.00,0.00,Matches
985,Jim Allevinah,ga GAB,"FW,DF",Angers,fr Ligue 1,30-310,1995,4,0,88,1.0,0.00,0.00,0.00,0.00,0.00,0.00,0.00,0.00,0.30,0.30,0.00,0.30,1.00,4.00,1.00,0.00,0.00,0.00,0.00,0.00,0.27,0.00,0.27,0.27,0.27,Matches
986,Domingos André Ribeiro Almeida,pt POR,"MF,FW",Valencia,es La Liga,25-218,2000,11,7,640,7.1,0.00,0.14,0.14,0.00,0.00,0.00,0.00,0.00,0.03,0.03,0.14,0.17,2.54,09.01,4.65,0.00,0.14,0.14,0.00,0.14,0.03,0.14,0.17,0.03,0.17,Matches
987,Pontus Almqvist,se SWE,"DF,MF",Parma,it Serie A,26-177,1999,7,4,350,3.9,0.00,0.00,0.00,0.00,0.00,0.00,0.00,0.00,0.03,0.03,0.26,0.28,2.56,0.77,5.90,0.00,0.00,0.00,0.00,0.00,0.02,0.26,0.27,0.02,0.27,Matches
988,Marcos Alonso,es ESP,DF,Celta Vigo,es La Liga,35-006,1990,14,13,"1,163",12.9,0.00,0.00,0.00,0.00,0.00,0.00,0.16,0.00,0.03,0.03,0.03,0.06,2.64,6.43,0.93,0.00,0.00,0.00,0.00,0.00,0.03,0.03,0.06,0.03,0.06,Matches
989,Adrià Altimira,es ESP,DF,Villarreal,es La Liga,24-281,2001,1,0,9,0.1,0.00,0.00,0.00,0.00,0.00,0.00,0.00,0.00,0.00,0.00,0.00,0.00,10.0,10.0,10.0,0.00,0.00,0.00,0.00,0.00,0.00,0.00,0.00,0.00,0.00,Matches
990,Skelly Alvero,fr FRA,DF,Werder Bremen,de Bundesliga,23-244,2002,2,0,34,0.4,0.00,0.00,0.00,0.00,0.00,0.00,0.00,0.00,0.00,0.00,0.00,0.00,2.50,5.00,0.00,0.00,0.00,0.00,0.00,0.00,0.00,0.00,0.00,0.00,0.00,Matches
991,Giuseppe Ambrosino,it ITA,FW,Napoli,it Serie A,22-115,2003,2,0,33,0.4,0.00,0.00,0.00,0.00,0.00,0.00,0.00,0.00,0.00,0.00,0.00,0.00,2.50,0.00,2.50,0.00,0.00,0.00,0.00,0.00,0.00,0.00,0.00,0.00,0.00,Matches
992,Aurele Amenda,ch SUI,DF,Eint Frankfurt,de Bundesliga,22-156,2003,7,2,246,2.7,0.00,0.00,0.00,0.00,0.00,0.00,0.74,0.00,0.04,0.04,0.00,0.04,0.74,2.59,0.37,0.00,0.00,0.00,0.00,0.00,0.02,0.00,0.02,0.02,0.02,Matches
993,Kelvin Amian,fr FRA,DF,Nantes,fr Ligue 1,27-329,1998,16,16,"1,44",16.0,0.00,0.06,0.06,0.00,0.00,0.00,0.13,0.00,0.01,0.01,0.04,0.05,1.13,04.06,1.88,0.00,0.06,0.06,0.00,0.06,0.01,0.03,0.05,0.01,0.05,Matches
994,Mohamed Amine Sbai,fr FRA,FW,Angers,fr Ligue 1,25-059,2000,9,8,637,7.1,0.00,0.14,0.14,0.00,0.00,0.00,0.14,0.00,0.13,0.13,0.20,0.31,05.07,3.94,07.04,0.00,0.14,0.14,0.00,0.14,0.12,0.19,0.31,0.12,0.31,Matches
995,Mathis Amougou,fr FRA,MF,Strasbourg,fr Ligue 1,19-350,2006,8,2,262,2.9,0.00,0.00,0.00,0.00,0.00,0.00,0.00,0.00,0.07,0.07,0.07,0.14,2.41,4.83,3.79,0.00,0.00,0.00,0.00,0.00,0.06,0.06,0.13,0.06,0.13,Matches
996,Sofyan Amrabat,ma MAR,MF,Betis,es La Liga,29-135,1996,8,6,603,6.7,0.00,0.00,0.00,0.00,0.00,0.00,0.45,0.00,0.01,0.01,0.03,0.04,1.34,6.42,0.45,0.00,0.00,0.00,0.00,0.00,0.02,0.03,0.05,0.02,0.05,Matches
997,Joachim Andersen,dk DEN,DF,Fulham,eng Premier League,29-217,1996,18,18,"1,571",17.5,0.00,0.00,0.00,0.00,0.00,0.00,0.23,0.00,0.05,0.05,0.05,0.09,0.51,4.46,0.23,0.00,0.00,0.00,0.00,0.00,0.04,0.05,0.09,0.04,0.09,Matches
998,André,br BRA,MF,Wolves,eng Premier League,24-171,2001,18,15,"1,335",14.8,0.00,0.00,0.00,0.00,0.00,0.00,0.34,0.00,0.01,0.01,0.03,0.04,0.68,3.65,0.41,0.00,0.00,0.00,0.00,0.00,0.01,0.03,0.04,0.01,0.04,Matches
999,Miguel Ángel Sierra,es ESP,"FW,MF",Sevilla,es La Liga,21-173,2004,2,0,26,0.3,0.00,0.00,0.00,0.00,0.00,0.00,0.00,0.00,0.00,0.00,0.00,0.00,0.00,0.00,0.00,0.00,0.00,0.00,0.00,0.00,0.08,0.00,0.08,0.08,0.08,Matches
1000,Angeliño,es ESP,"DF,MF",Roma,it Serie A,28-364,1997,5,5,387,4.3,0.00,0.00,0.00,0.00,0.00,0.00,0.23,0.00,0.05,0.05,0.02,0.07,1.40,5.81,7.21,0.00,0.00,0.00,0.00,0.00,0.04,0.02,0.06,0.04,0.06,Matches
1001,Samuele Angori,it ITA,DF,Pisa,it Serie A,22-088,2003,14,10,828,9.2,0.00,0.11,0.11,0.00,0.00,0.00,0.11,0.00,0.01,0.01,0.20,0.22,0.76,1.96,2.83,0.00,0.11,0.11,0.00,0.11,0.01,0.20,0.21,0.01,0.21,Matches
1002,Faustino Anjorin,eng ENG,"MF,FW",Torino,it Serie A,24-041,2001,6,1,124,1.4,0.00,0.00,0.00,0.00,0.00,0.00,0.71,0.00,0.07,0.07,0.00,0.07,0.71,2.86,1.43,0.00,0.00,0.00,0.00,0.00,0.04,0.00,0.04,0.04,0.04,Matches
1003,Antoniu,es ESP,"FW,MF",Espanyol,es La Liga,23-120,2002,6,1,86,1.0,0.00,0.00,0.00,0.00,0.00,0.00,0.00,0.00,0.20,0.20,0.10,0.20,5.00,5.00,9.00,0.00,0.00,0.00,0.00,0.00,0.16,0.10,0.25,0.16,0.25,Matches
1004,Jon Aramburu,ve VEN,DF,Real Sociedad,es La Liga,23-164,2002,15,14,"1,262",14.0,0.00,0.00,0.00,0.00,0.00,0.00,0.36,0.00,0.06,0.06,0.02,0.09,0.64,4.43,2.64,0.00,0.00,0.00,0.00,0.00,0.07,0.02,0.09,0.07,0.09,Matches
1005,Juan Arango,ve VEN,FW,Girona,es La Liga,19-216,2006,1,0,8,0.1,0.00,0.00,0.00,0.00,0.00,0.00,10.0,0.00,0.00,0.00,0.00,0.00,0.00,0.00,0.00,0.00,0.00,0.00,0.00,0.00,0.00,0.00,0.00,0.00,0.00,Matches
1006,Carlens Arcus,ht HAI,DF,Angers,fr Ligue 1,29-189,1996,15,15,"1,275",14.2,0.00,0.07,0.07,0.00,0.00,0.00,0.21,0.00,0.01,0.01,0.06,0.06,1.27,2.96,1.62,0.00,0.07,0.07,0.00,0.07,0.01,0.05,0.06,0.01,0.06,Matches
1007,Alphonse Areola,fr FRA,GK,West Ham,eng Premier League,32-310,1993,15,15,"1,35",15.0,0.00,0.07,0.07,0.00,0.00,0.00,0.00,0.00,0.00,0.00,0.00,0.00,0.00,0.00,0.00,0.00,0.07,0.07,0.00,0.07,0.00,0.00,0.00,0.00,0.00,Matches
1008,Jesús Areso,es ESP,DF,Athletic Club,es La Liga,26-185,1999,15,9,973,10.8,0.00,0.09,0.09,0.00,0.00,0.00,0.09,0.00,0.00,0.00,0.11,0.12,2.78,2.59,6.48,0.00,0.09,0.09,0.00,0.09,0.00,0.11,0.12,0.00,0.12,Matches
1009,Iñigo Arguibide,es ESP,DF,Osasuna,es La Liga,20-259,2005,4,2,174,1.9,0.00,0.00,0.00,0.00,0.00,0.00,0.00,0.53,0.00,0.00,0.05,0.05,0.53,2.63,4.21,0.00,0.00,0.00,0.00,0.00,0.00,0.06,0.06,0.00,0.06,Matches
1010,Jhon Arias,co COL,"FW,MF",Wolves,eng Premier League,28-104,1997,18,11,913,10.1,0.00,0.00,0.00,0.00,0.00,0.00,0.10,0.00,0.27,0.27,0.05,0.31,1.78,03.07,3.96,0.00,0.00,0.00,0.00,0.00,0.27,0.04,0.31,0.27,0.31,Matches
1011,Harrison Armstrong,eng ENG,FW,Everton,eng Premier League,18-349,2007,1,0,1,0.0,0,0,0,0,0,0,0,0,0.0,0.0,0.0,0.0,0,0,0,0.00,0.00,0.00,0.00,0.00,0.00,0.00,0.00,0.00,0.00,Matches
1012,Arthur,br BRA,DF,Leverkusen,de Bundesliga,22-292,2003,8,7,577,6.4,0.00,0.47,0.47,0.00,0.00,0.00,0.31,0.00,0.11,0.11,0.16,0.25,0.94,3.13,8.44,0.00,0.47,0.47,0.00,0.47,0.10,0.15,0.25,0.10,0.25,Matches
1013,Raúl Asencio,es ESP,DF,Real Madrid,es La Liga,22-324,2003,12,7,764,8.5,0.00,0.00,0.00,0.00,0.00,0.00,0.24,0.00,0.05,0.05,0.01,0.07,0.82,3.65,0.94,0.00,0.00,0.00,0.00,0.00,0.05,0.02,0.07,0.05,0.07,Matches
1014,Kristjan Asllani,al ALB,MF,Torino,it Serie A,23-300,2002,15,13,"1,129",12.5,0.00,0.00,0.00,0.00,0.00,0.08,0.24,0.00,0.11,0.05,0.06,0.11,0.56,4.80,0.80,0.00,0.00,0.00,0.00,0.00,0.11,0.07,0.18,0.05,0.12,Matches
1015,Joel Asoro,se SWE,FW,Metz,fr Ligue 1,26-251,1999,6,2,205,2.3,0.00,0.00,0.00,0.00,0.00,0.00,0.00,0.00,0.26,0.26,0.04,0.30,0.00,0.87,2.17,0.00,0.00,0.00,0.00,0.00,0.27,0.03,0.30,0.27,0.30,Matches
Rk,Player,Nation,Pos,Squad,Comp,Age,Born,MP,Starts,Min,90s,Gls,Ast,G+A,G-PK,PK,PKatt,CrdY,CrdR,xG,npxG,xAG,npxG+xAG,PrgC,PrgP,PrgR,Gls,Ast,G+A,G-PK,G+A-PK,xG,xAG,xG+xAG,npxG,npxG+xAG,Matches
1016,Yaser Asprilla,co COL,"FW,MF",Girona,es La Liga,22-045,2003,14,6,593,6.6,0.00,0.00,0.00,0.00,0.00,0.00,0.00,0.00,0.09,0.09,0.26,0.33,03.03,3.33,7.73,0.00,0.00,0.00,0.00,0.00,0.09,0.25,0.34,0.09,0.34,Matches
1017,Lorenz Assignon,tg TOG,DF,Stuttgart,de Bundesliga,25-195,2000,9,5,504,5.6,0.00,0.00,0.00,0.00,0.00,0.00,0.36,0.18,0.05,0.05,0.11,0.16,1.79,2.68,6.61,0.00,0.00,0.00,0.00,0.00,0.06,0.10,0.16,0.06,0.16,Matches
1018,Dehmaine Assoumani,fr FRA,MF,Nantes,fr Ligue 1,20-261,2005,14,8,642,7.1,0.00,0.00,0.00,0.00,0.00,0.00,0.28,0.00,0.06,0.06,0.08,0.15,1.55,2.96,3.66,0.00,0.00,0.00,0.00,0.00,0.06,0.09,0.15,0.06,0.15,Matches
1019,Lander Astiazaran,es ESP,MF,Real Sociedad,es La Liga,19-271,2006,1,0,1,0.0,0,0,0,0,0,0,0,0,0.0,0.0,0.0,0.0,0,0,1,0.00,0.00,0.00,0.00,0.00,2.71,0.00,2.71,2.71,2.71,Matches
1020,Otavio Ataide,br BRA,DF,Paris FC,fr Ligue 1,23-257,2002,13,12,"1,118",12.4,0.00,0.00,0.00,0.00,0.00,0.00,0.40,0.08,0.02,0.02,0.00,0.02,0.89,3.23,0.24,0.00,0.00,0.00,0.00,0.00,0.01,0.00,0.02,0.01,0.02,Matches
1021,Noah Atubolu,de GER,GK,Freiburg,de Bundesliga,23-223,2002,15,15,"1,35",15.0,0.00,0.00,0.00,0.00,0.00,0.00,0.00,0.00,0.00,0.00,0.01,0.01,0.00,0.20,0.00,0.00,0.00,0.00,0.00,0.00,0.00,0.01,0.01,0.00,0.01,Matches
1022,Emil Audero,id IDN,GK,Cremonese,it Serie A,28-350,1997,13,13,"1,17",13.0,0.00,0.00,0.00,0.00,0.00,0.00,0.00,0.00,0.00,0.00,0.00,0.00,0.00,0.00,0.00,0.00,0.00,0.00,0.00,0.00,0.00,0.00,0.00,0.00,0.00,Matches
1023,Leon Avdullahu,xk KVX,MF,Hoffenheim,de Bundesliga,21-314,2004,15,15,"1,296",14.4,0.00,0.07,0.07,0.00,0.00,0.00,0.14,0.00,0.02,0.02,0.05,0.07,0.63,5.00,01.04,0.00,0.07,0.07,0.00,0.07,0.02,0.05,0.07,0.02,0.07,Matches
1024,Ezequiel Ávila,ar ARG,"FW,MF",Betis,es La Liga,31-331,1994,6,0,50,0.6,0.00,0.00,0.00,0.00,0.00,0.00,3.33,0.00,0.50,0.50,0.00,0.50,1.67,3.33,0.00,0.00,0.00,0.00,0.00,0.00,0.48,0.00,0.48,0.48,0.48,Matches
1025,Arthur Avom,cm CMR,MF,Lorient,fr Ligue 1,21-019,2004,16,14,"1,268",14.1,0.00,0.07,0.07,0.00,0.00,0.00,0.21,0.00,0.05,0.05,0.12,0.17,2.13,5.67,2.27,0.00,0.07,0.07,0.00,0.07,0.05,0.12,0.17,0.05,0.17,Matches
1026,Taiwo Awoniyi,ng NGA,FW,Nott'ham Forest,eng Premier League,28-144,1997,7,1,187,2.1,0.00,0.00,0.00,0.00,0.00,0.00,0.00,0.00,0.24,0.24,0.19,0.43,0.48,0.48,4.29,0.00,0.00,0.00,0.00,0.00,0.22,0.20,0.42,0.22,0.42,Matches
1027,Neil El Aynaoui,ma MAR,MF,Roma,it Serie A,24-185,2001,12,3,400,4.4,0.00,0.23,0.23,0.00,0.00,0.00,0.45,0.00,0.02,0.02,0.11,0.14,1.82,3.41,1.59,0.00,0.23,0.23,0.00,0.23,0.03,0.11,0.14,0.03,0.14,Matches
1028,César Azpilicueta,es ESP,DF,Sevilla,es La Liga,36-128,1989,9,9,677,7.5,0.00,0.00,0.00,0.00,0.00,0.00,0.40,0.00,0.00,0.00,0.00,0.00,0.80,2.67,1.20,0.00,0.00,0.00,0.00,0.00,0.00,0.00,0.00,0.00,0.00,Matches
1029,Mio Backhaus,de GER,GK,Werder Bremen,de Bundesliga,21-262,2004,13,13,"1,17",13.0,0.00,0.00,0.00,0.00,0.00,0.00,0.00,0.00,0.00,0.00,0.00,0.00,0.00,0.00,0.00,0.00,0.00,0.00,0.00,0.00,0.00,0.00,0.00,0.00,0.00,Matches
1030,Loïc Bade,fr FRA,DF,Leverkusen,de Bundesliga,25-267,2000,14,12,"1,04",11.6,0.00,0.00,0.00,0.00,0.00,0.00,0.17,0.00,0.03,0.03,0.01,0.03,0.00,2.93,0.26,0.00,0.00,0.00,0.00,0.00,0.02,0.01,0.03,0.02,0.03,Matches
1031,Benoît Badiashile,fr FRA,DF,Chelsea,eng Premier League,24-283,2001,5,3,246,2.7,0.00,0.00,0.00,0.00,0.00,0.00,0.74,0.00,0.00,0.00,0.00,0.00,0.37,6.67,0.00,0.00,0.00,0.00,0.00,0.00,0.00,0.00,0.00,0.00,0.00,Matches
1032,Leon Bailey,jm JAM,"MF,FW",Roma,it Serie A,28-147,1997,7,1,186,2.1,0.00,0.00,0.00,0.00,0.00,0.00,0.00,0.00,0.10,0.10,0.00,0.10,1.90,1.43,10.0,0.00,0.00,0.00,0.00,0.00,0.08,0.01,0.10,0.08,0.10,Matches
1033,Eric Bailly,ci CIV,DF,Oviedo,es La Liga,31-266,1994,4,4,360,4.0,0.00,0.00,0.00,0.00,0.00,0.00,0.25,0.00,0.05,0.05,0.00,0.05,0.00,1.25,0.00,0.00,0.00,0.00,0.00,0.00,0.06,0.00,0.06,0.06,0.06,Matches
1034,Theo Bair,ca CAN,"MF,FW",Auxerre,fr Ligue 1,26-129,1999,2,0,10,0.1,0.00,0.00,0.00,0.00,0.00,0.00,0.00,0.00,0.00,0.00,0.00,0.00,0.00,0.00,20.0,0.00,0.00,0.00,0.00,0.00,0.00,0.00,0.00,0.00,0.00,Matches
1035,Darryl Bakola,fr FRA,MF,Marseille,fr Ligue 1,18-034,2007,7,0,58,0.6,0.00,0.00,0.00,0.00,0.00,0.00,0.00,0.00,0.17,0.17,0.00,0.17,3.33,11.7,8.33,0.00,0.00,0.00,0.00,0.00,0.12,0.00,0.12,0.12,0.12,Matches
1036,Ridle Baku,de GER,DF,RB Leipzig,de Bundesliga,27-270,1998,13,12,"1,084",12.0,0.00,0.17,0.17,0.00,0.00,0.00,0.25,0.00,0.08,0.08,0.21,0.28,2.50,6.92,4.17,0.00,0.17,0.17,0.00,0.17,0.08,0.20,0.29,0.08,0.29,Matches
1037,Dilane Bakwa,fr FRA,"FW,MF",Nott'ham Forest,eng Premier League,23-130,2002,6,2,191,2.1,0.00,0.00,0.00,0.00,0.00,0.00,0.00,0.00,0.10,0.10,0.19,0.29,5.71,4.76,15.2,0.00,0.00,0.00,0.00,0.00,0.08,0.18,0.26,0.08,0.26,Matches
1038,Alejandro Balde,es ESP,DF,Barcelona,es La Liga,22-077,2003,14,13,"1,033",11.5,0.00,0.17,0.17,0.00,0.00,0.00,0.17,0.00,0.02,0.02,0.10,0.13,2.70,5.13,7.74,0.00,0.17,0.17,0.00,0.17,0.02,0.11,0.13,0.02,0.13,Matches
1039,Fabio Baldé,pt POR,"FW,MF",Hamburger SV,de Bundesliga,20-167,2005,10,2,248,2.8,0.00,0.36,0.36,0.00,0.00,0.00,0.00,0.00,0.11,0.11,0.14,0.25,2.50,0.36,6.79,0.00,0.36,0.36,0.00,0.36,0.10,0.16,0.26,0.10,0.26,Matches
1040,Carlos Baleba,cm CMR,MF,Brighton,eng Premier League,22-000,2004,16,14,896,10.0,0.00,0.00,0.00,0.00,0.00,0.00,0.40,0.00,0.02,0.02,0.01,0.03,1.00,2.40,0.80,0.00,0.00,0.00,0.00,0.00,0.02,0.01,0.03,0.02,0.03,Matches
1041,Leonardo Balerdi,ar ARG,DF,Marseille,fr Ligue 1,26-342,1999,12,8,820,9.1,0.00,0.11,0.11,0.00,0.00,0.00,0.33,0.00,0.10,0.10,0.01,0.11,0.11,3.19,0.22,0.00,0.11,0.11,0.00,0.11,0.10,0.01,0.11,0.10,0.11,Matches
1042,Iván Balliu,al ALB,DF,Rayo Vallecano,es La Liga,34-002,1992,8,2,202,2.2,0.00,0.00,0.00,0.00,0.00,0.00,1.36,0.00,0.14,0.14,0.00,0.14,1.82,11.4,04.09,0.00,0.00,0.00,0.00,0.00,0.15,0.01,0.15,0.15,0.15,Matches
1043,Fodé Ballo-Touré,sn SEN,DF,Metz,fr Ligue 1,29-000,1997,6,5,410,4.6,0.00,0.00,0.00,0.00,0.00,0.00,0.22,0.00,0.04,0.04,0.13,0.17,2.83,2.39,5.00,0.00,0.00,0.00,0.00,0.00,0.03,0.13,0.16,0.03,0.16,Matches
1044,Abdoulaye Bamba,ci CIV,DF,Angers,fr Ligue 1,35-253,1990,1,0,10,0.1,0.00,0.00,0.00,0.00,0.00,0.00,0.00,0.00,0.00,0.00,0.00,0.00,0.00,0.00,20.0,0.00,0.00,0.00,0.00,0.00,0.00,0.00,0.00,0.00,0.00,Matches
1045,Aladji Bamba,fr FRA,MF,Monaco,fr Ligue 1,19-173,2006,5,2,131,1.5,0.00,0.00,0.00,0.00,0.00,0.00,0.67,0.00,0.00,0.00,0.00,0.00,0.67,6.67,1.33,0.00,0.00,0.00,0.00,0.00,0.00,0.00,0.00,0.00,0.00,Matches
1046,Ezechiel Banzuzi,nl NED,MF,RB Leipzig,de Bundesliga,20-321,2005,12,1,336,3.7,0.00,0.27,0.27,0.00,0.00,0.00,0.54,0.00,0.14,0.14,0.05,0.19,0.54,3.24,2.97,0.00,0.27,0.27,0.00,0.27,0.13,0.06,0.18,0.13,0.18,Matches
1047,Tommaso Barbieri,it ITA,"DF,FW",Cremonese,it Serie A,23-130,2002,12,10,882,9.8,0.00,0.10,0.10,0.00,0.00,0.00,0.41,0.00,0.05,0.05,0.08,0.13,2.24,2.55,4.49,0.00,0.10,0.10,0.00,0.10,0.05,0.08,0.14,0.05,0.14,Matches
1048,Kike Barja,es ESP,"FW,MF",Osasuna,es La Liga,28-277,1997,12,1,165,1.8,0.00,0.00,0.00,0.00,0.00,0.00,0.56,0.00,0.06,0.06,0.17,0.17,4.44,0.56,6.11,0.00,0.00,0.00,0.00,0.00,0.03,0.14,0.17,0.03,0.17,Matches
1049,Ashley Barnes,eng ENG,FW,Burnley,eng Premier League,36-065,1989,2,0,11,0.1,0.00,0.00,0.00,0.00,0.00,0.00,0.00,0.00,1.00,1.00,0.00,1.00,0.00,0.00,10.0,0.00,0.00,0.00,0.00,0.00,0.86,0.00,0.86,0.86,0.86,Matches
1050,Augusto Batalla,ar ARG,GK,Rayo Vallecano,es La Liga,29-248,1996,18,18,"1,62",18.0,0.00,0.00,0.00,0.00,0.00,0.00,0.17,0.00,0.00,0.00,0.00,0.00,0.00,0.11,0.00,0.00,0.00,0.00,0.00,0.00,0.00,0.00,0.00,0.00,0.00,Matches
Rk,Player,Nation,Pos,Squad,Comp,Age,Born,MP,Starts,Min,90s,Gls,Ast,G+A,G-PK,PK,PKatt,CrdY,CrdR,xG,npxG,xAG,npxG+xAG,PrgC,PrgP,PrgR,Gls,Ast,G+A,G-PK,G+A-PK,xG,xAG,xG+xAG,npxG,npxG+xAG,Matches
1051,Daniel Batz,de GER,GK,Mainz 05,de Bundesliga,34-356,1991,3,3,270,3.0,0.00,0.00,0.00,0.00,0.00,0.00,0.00,0.00,0.00,0.00,0.00,0.00,0.00,0.00,0.00,0.00,0.00,0.00,0.00,0.00,0.00,0.00,0.00,0.00,0.00,Matches
1052,Elias Baum,de GER,DF,Eint Frankfurt,de Bundesliga,20-069,2005,1,0,13,0.1,0.00,0.00,0.00,0.00,0.00,0.00,0.00,0.00,0.00,0.00,0.00,0.00,0.00,0.00,30.0,0.00,0.00,0.00,0.00,0.00,0.00,0.00,0.00,0.00,0.00,Matches
1053,Oliver Baumann,de GER,GK,Hoffenheim,de Bundesliga,35-215,1990,15,15,"1,35",15.0,0.00,0.00,0.00,0.00,0.00,0.00,0.00,0.00,0.00,0.00,0.00,0.00,0.00,0.07,0.00,0.00,0.00,0.00,0.00,0.00,0.00,0.00,0.00,0.00,0.00,Matches
1054,Altay Bayındır,tr TUR,GK,Manchester Utd,eng Premier League,27-264,1998,6,6,540,6.0,0.00,0.00,0.00,0.00,0.00,0.00,0.00,0.00,0.00,0.00,0.03,0.03,0.00,0.00,0.00,0.00,0.00,0.00,0.00,0.00,0.00,0.04,0.04,0.00,0.04,Matches
1055,Vakoun Bayo,ci CIV,FW,Udinese,it Serie A,28-358,1997,9,2,289,3.2,0.00,0.31,0.31,0.00,0.00,0.00,0.00,0.00,0.44,0.44,0.13,0.56,0.94,1.88,4.69,0.00,0.31,0.31,0.00,0.31,0.42,0.12,0.55,0.42,0.55,Matches
1056,Ihlas Bebou,tg TOG,FW,Hoffenheim,de Bundesliga,31-255,1994,9,0,112,1.2,0.00,0.00,0.00,0.00,0.00,0.00,0.00,0.00,0.17,0.17,0.58,0.75,5.00,2.50,10.0,0.00,0.00,0.00,0.00,0.00,0.17,0.59,0.76,0.17,0.76,Matches
1057,Samu Becerra,es ESP,"DF,MF",Rayo Vallecano,es La Liga,20-002,2006,3,0,12,0.1,0.00,0.00,0.00,0.00,0.00,0.00,0.00,0.00,0.00,0.00,0.00,0.00,0.00,0.00,20.0,0.00,0.00,0.00,0.00,0.00,0.00,0.37,0.37,0.00,0.37,Matches
1058,Adrian Beck,de GER,"MF,FW",Heidenheim,de Bundesliga,28-208,1997,12,6,523,5.8,0.00,0.00,0.00,0.00,0.00,0.00,0.00,0.00,0.05,0.05,0.09,0.12,2.41,3.79,5.69,0.00,0.00,0.00,0.00,0.00,0.05,0.08,0.12,0.05,0.12,Matches
1059,Sheraldo Becker,sr SUR,"MF,FW",Osasuna,es La Liga,30-328,1995,9,0,158,1.8,0.00,0.00,0.00,0.00,0.00,0.00,0.00,0.00,0.06,0.06,0.17,0.22,2.22,2.22,12.2,0.00,0.00,0.00,0.00,0.00,0.08,0.17,0.24,0.08,0.24,Matches
1060,Donny van de Beek,nl NED,MF,Girona,es La Liga,28-260,1997,2,1,41,0.5,0.00,0.00,0.00,0.00,0.00,0.00,0.00,0.00,0.20,0.20,0.00,0.20,0.00,4.00,4.00,0.00,0.00,0.00,0.00,0.00,0.19,0.00,0.19,0.19,0.19,Matches
1061,Tjaš Begić,si SVN,DF,Parma,it Serie A,22-187,2003,1,0,1,0.0,0,0,0,0,0,0,0,0,0.0,0.0,0.0,0.0,0,0,0,0.00,0.00,0.00,0.00,0.00,0.00,0.00,0.00,0.00,0.00,Matches
1062,Ismael Bekhoucha,ma MAR,DF,Getafe,es La Liga,21-044,2004,3,1,109,1.2,0.00,0.83,0.83,0.00,0.00,0.00,0.83,0.00,0.00,0.00,0.83,0.83,0.83,1.67,1.67,0.00,0.83,0.83,0.00,0.83,0.00,0.78,0.78,0.00,0.78,Matches
1063,Reda Belahyane,ma MAR,MF,Lazio,it Serie A,21-216,2004,6,1,272,3.0,0.00,0.33,0.33,0.00,0.00,0.00,0.33,0.33,0.00,0.00,0.37,0.37,0.67,3.33,1.67,0.00,0.33,0.33,0.00,0.33,0.00,0.36,0.36,0.00,0.36,Matches
1064,Haris Belkebla,dz ALG,MF,Angers,fr Ligue 1,31-340,1994,16,16,"1,423",15.8,0.00,0.00,0.00,0.00,0.00,0.00,0.32,0.00,0.01,0.01,0.02,0.03,0.32,2.15,0.44,0.00,0.00,0.00,0.00,0.00,0.01,0.02,0.03,0.01,0.03,Matches
1065,Stefan Bell,de GER,DF,Mainz 05,de Bundesliga,34-132,1991,11,6,490,5.4,0.00,0.19,0.19,0.00,0.00,0.00,0.37,0.00,0.06,0.06,0.09,0.15,0.56,02.04,0.19,0.00,0.18,0.18,0.00,0.18,0.05,0.09,0.14,0.05,0.14,Matches
1066,Armel Bella Kotchap,de GER,DF,Hellas Verona,it Serie A,24-023,2001,11,7,775,8.6,0.00,0.00,0.00,0.00,0.00,0.00,0.12,0.00,0.01,0.01,0.01,0.01,0.58,2.56,0.23,0.00,0.00,0.00,0.00,0.00,0.01,0.01,0.01,0.01,0.01,Matches
1067,Raoul Bellanova,it ITA,DF,Atalanta,it Serie A,25-231,2000,12,9,925,10.3,0.00,0.10,0.10,0.00,0.00,0.00,0.00,0.00,0.04,0.04,0.13,0.17,2.62,3.11,7.48,0.00,0.10,0.10,0.00,0.10,0.04,0.13,0.16,0.04,0.16,Matches
1068,Héctor Bellerín,es ESP,DF,Betis,es La Liga,30-290,1995,14,12,"1,006",11.2,0.00,0.18,0.18,0.00,0.00,0.00,0.09,0.00,0.01,0.01,0.18,0.19,1.16,4.20,5.27,0.00,0.18,0.18,0.00,0.18,0.01,0.18,0.19,0.01,0.19,Matches
1069,Jobe Bellingham,eng ENG,MF,Dortmund,de Bundesliga,20-102,2005,14,5,486,5.4,0.00,0.00,0.00,0.00,0.00,0.00,0.00,0.19,0.06,0.06,0.04,0.09,1.11,8.52,3.52,0.00,0.00,0.00,0.00,0.00,0.05,0.04,0.09,0.05,0.09,Matches
1070,Jeanuël Belocian,fr FRA,DF,Leverkusen,de Bundesliga,20-320,2005,7,2,247,2.7,0.00,0.00,0.00,0.00,0.00,0.00,0.00,0.00,0.11,0.11,0.04,0.15,1.48,5.93,1.85,0.00,0.00,0.00,0.00,0.00,0.12,0.03,0.14,0.12,0.14,Matches
1071,Fran Beltrán,es ESP,MF,Celta Vigo,es La Liga,26-334,1999,10,7,528,5.9,0.00,0.00,0.00,0.00,0.00,0.00,0.00,0.00,0.05,0.05,0.02,0.07,01.02,5.25,1.53,0.00,0.00,0.00,0.00,0.00,0.05,0.01,0.06,0.05,0.06,Matches
1072,Eliesse Ben Seghir,ma MAR,"MF,FW",Monaco,fr Ligue 1,20-321,2005,2,0,45,0.5,0.00,0.00,0.00,0.00,0.00,0.00,0.00,0.00,0.20,0.20,0.00,0.20,4.00,4.00,8.00,0.00,0.00,0.00,0.00,0.00,0.12,0.00,0.12,0.12,0.12,Matches
1073,Eliesse Ben Seghir,ma MAR,MF,Leverkusen,de Bundesliga,20-321,2005,7,2,199,2.2,0.00,0.00,0.00,0.00,0.00,0.00,0.91,0.00,0.05,0.05,0.41,0.45,5.45,3.18,12.7,0.00,0.00,0.00,0.00,0.00,0.06,0.39,0.45,0.06,0.45,Matches
1074,Carlos Benavídez,uy URU,"MF,DF",Alavés,es La Liga,27-279,1998,4,0,51,0.6,0.00,0.00,0.00,0.00,0.00,0.00,0.00,0.00,0.17,0.17,0.00,0.17,1.67,3.33,3.33,0.00,0.00,0.00,0.00,0.00,0.15,0.05,0.20,0.15,0.20,Matches
1075,Yassine Benhattab,fr FRA,"MF,FW",Nantes,fr Ligue 1,23-046,2002,10,5,477,5.3,0.00,0.00,0.00,0.00,0.00,0.00,0.00,0.00,0.04,0.04,0.13,0.17,2.83,2.83,6.42,0.00,0.00,0.00,0.00,0.00,0.03,0.13,0.16,0.03,0.16,Matches
1076,Yuri Berchiche,es ESP,DF,Athletic Club,es La Liga,35-327,1990,16,15,"1,355",15.1,0.00,0.00,0.00,0.00,0.00,0.00,0.13,0.00,0.02,0.02,0.07,0.09,1.46,6.16,2.32,0.00,0.00,0.00,0.00,0.00,0.02,0.07,0.08,0.02,0.08,Matches
1077,Sander Berge,no NOR,MF,Fulham,eng Premier League,27-323,1998,19,19,"1,615",17.9,0.00,0.00,0.00,0.00,0.00,0.00,0.17,0.00,0.03,0.03,0.08,0.12,1.40,5.47,0.78,0.00,0.00,0.00,0.00,0.00,0.04,0.08,0.12,0.04,0.12,Matches
1078,Lucas Bergström,fi FIN,GK,Mallorca,es La Liga,23-120,2002,5,5,450,5.0,0.00,0.00,0.00,0.00,0.00,0.00,0.20,0.00,0.00,0.00,0.00,0.00,0.00,0.00,0.00,0.00,0.00,0.00,0.00,0.00,0.00,0.00,0.00,0.00,0.00,Matches
1079,Anthony Bermont,fr FRA,"DF,MF",Lens,fr Ligue 1,20-327,2005,5,0,49,0.5,0.00,0.00,0.00,0.00,0.00,0.00,0.00,0.00,0.20,0.20,0.00,0.20,12.0,18.0,14.0,0.00,0.00,0.00,0.00,0.00,0.14,0.00,0.14,0.14,0.14,Matches
1080,Marc Bernal,es ESP,MF,Barcelona,es La Liga,18-222,2007,7,1,127,1.4,0.00,0.71,0.71,0.00,0.00,0.00,0.71,0.00,0.00,0.00,0.43,0.43,0.71,5.00,2.14,0.00,0.71,0.71,0.00,0.71,0.01,0.41,0.43,0.01,0.43,Matches
1081,Bernardo,br BRA,DF,Hoffenheim,de Bundesliga,30-234,1995,14,14,"1,231",13.7,0.00,0.00,0.00,0.00,0.00,0.00,0.36,0.00,0.01,0.01,0.02,0.04,1.17,06.06,1.53,0.00,0.00,0.00,0.00,0.00,0.02,0.02,0.04,0.02,0.04,Matches
1082,Lorenzo Bernasconi,it ITA,DF,Atalanta,it Serie A,22-048,2003,7,5,415,4.6,0.00,0.00,0.00,0.00,0.00,0.00,0.22,0.00,0.04,0.04,0.20,0.24,2.39,3.91,5.87,0.00,0.00,0.00,0.00,0.00,0.04,0.20,0.25,0.04,0.25,Matches
1083,Nicolò Bertola,it ITA,DF,Udinese,it Serie A,22-286,2003,13,11,936,10.4,0.00,0.10,0.10,0.00,0.00,0.00,0.19,0.00,0.05,0.05,0.02,0.07,0.77,2.21,1.54,0.00,0.10,0.10,0.00,0.10,0.05,0.02,0.07,0.05,0.07,Matches
1084,Jan-Niklas Beste,de GER,"FW,MF",Freiburg,de Bundesliga,26-364,1999,10,10,823,9.1,0.00,0.11,0.11,0.00,0.00,0.00,0.22,0.00,0.16,0.16,0.19,0.35,1.54,1.87,7.25,0.00,0.11,0.11,0.00,0.11,0.17,0.18,0.35,0.17,0.35,Matches
1085,Matteo Bianchetti,it ITA,DF,Cremonese,it Serie A,32-292,1993,15,14,"1,214",13.5,0.00,0.15,0.15,0.00,0.00,0.00,0.15,0.00,0.02,0.02,0.04,0.07,0.07,2.67,0.52,0.00,0.15,0.15,0.00,0.15,0.02,0.05,0.07,0.02,0.07,Matches
Rk,Player,Nation,Pos,Squad,Comp,Age,Born,MP,Starts,Min,90s,Gls,Ast,G+A,G-PK,PK,PKatt,CrdY,CrdR,xG,npxG,xAG,npxG+xAG,PrgC,PrgP,PrgR,Gls,Ast,G+A,G-PK,G+A-PK,xG,xAG,xG+xAG,npxG,npxG+xAG,Matches
1086,Pedro Bigas,es ESP,DF,Elche,es La Liga,35-110,1990,13,13,"1,067",11.9,0.00,0.17,0.17,0.00,0.00,0.00,0.08,0.00,0.01,0.01,0.07,0.08,01.01,4.62,01.01,0.00,0.17,0.17,0.00,0.17,0.01,0.07,0.08,0.01,0.08,Matches
1087,Cristiano Biraghi,it ITA,"DF,MF",Torino,it Serie A,33-124,1992,10,5,463,5.1,0.00,0.00,0.00,0.00,0.00,0.00,0.00,0.00,0.02,0.02,0.10,0.12,1.37,4.51,3.92,0.00,0.00,0.00,0.00,0.00,0.01,0.10,0.11,0.01,0.11,Matches
1088,Tom Bischof,de GER,"DF,MF",Bayern Munich,de Bundesliga,20-189,2005,12,7,599,6.7,0.00,0.45,0.45,0.00,0.00,0.00,0.30,0.00,0.12,0.12,0.19,0.31,02.09,07.01,6.27,0.00,0.45,0.45,0.00,0.45,0.12,0.20,0.32,0.12,0.32,Matches
1089,Leonardo Bittencourt,de GER,MF,Werder Bremen,de Bundesliga,32-015,1993,8,1,198,2.2,0.00,0.00,0.00,0.00,0.00,0.00,0.45,0.00,0.00,0.00,0.09,0.09,0.91,5.91,1.82,0.00,0.00,0.00,0.00,0.00,0.01,0.09,0.11,0.01,0.11,Matches
1090,Emmanuel Biumla,fr FRA,DF,Angers,fr Ligue 1,20-240,2005,3,1,131,1.5,0.00,0.00,0.00,0.00,0.00,0.00,0.00,0.00,0.00,0.00,0.00,0.00,0.00,0.67,0.67,0.00,0.00,0.00,0.00,0.00,0.00,0.00,0.00,0.00,0.00,Matches
1091,Marco Bizot,nl NED,GK,Aston Villa,eng Premier League,34-299,1991,4,4,360,4.0,0.00,0.00,0.00,0.00,0.00,0.00,0.50,0.00,0.00,0.00,0.00,0.00,0.00,0.25,0.00,0.00,0.00,0.00,0.00,0.00,0.00,0.00,0.00,0.00,0.00,Matches
1092,Antonio Blanco,es ESP,MF,Alavés,es La Liga,25-164,2000,15,15,"1,295",14.4,0.00,0.07,0.07,0.00,0.00,0.00,0.35,0.00,0.03,0.03,0.04,0.08,0.63,5.56,0.69,0.00,0.07,0.07,0.00,0.07,0.03,0.04,0.07,0.03,0.07,Matches
1093,Daley Blind,nl NED,DF,Girona,es La Liga,35-300,1990,15,14,"1,222",13.6,0.00,0.00,0.00,0.00,0.00,0.00,0.07,0.00,0.00,0.00,0.06,0.06,0.96,05.07,0.07,0.00,0.00,0.00,0.00,0.00,0.00,0.06,0.06,0.00,0.06,Matches
1094,Adam Boayar,ma MAR,"MF,FW",Elche,es La Liga,20-082,2005,2,0,8,0.1,0.00,0.00,0.00,0.00,0.00,0.00,0.00,0.00,0.00,0.00,0.00,0.00,10.0,20.0,10.0,0.00,0.00,0.00,0.00,0.00,0.00,0.00,0.00,0.00,0.00,Matches
1095,Oscar Bobb,no NOR,"MF,FW",Manchester City,eng Premier League,22-175,2003,9,5,468,5.2,0.00,0.19,0.19,0.00,0.00,0.00,0.19,0.00,0.08,0.08,0.13,0.21,3.27,3.46,10.6,0.00,0.19,0.19,0.00,0.19,0.08,0.13,0.21,0.08,0.21,Matches
1096,Ben Bobzien,de GER,FW,Mainz 05,de Bundesliga,22-249,2003,1,0,9,0.1,0.00,0.00,0.00,0.00,0.00,0.00,0.00,0.00,0.00,0.00,0.00,0.00,20.0,10.0,10.0,0.00,0.00,0.00,0.00,0.00,0.00,0.00,0.00,0.00,0.00,Matches
1097,Arnaud Bodart,be BEL,GK,Lille,fr Ligue 1,27-298,1998,2,2,180,2.0,0.00,0.00,0.00,0.00,0.00,0.00,0.00,0.00,0.00,0.00,0.00,0.00,0.00,0.00,0.00,0.00,0.00,0.00,0.00,0.00,0.00,0.00,0.00,0.00,0.00,Matches
1098,Sacha Boey,fr FRA,DF,Bayern Munich,de Bundesliga,25-112,2000,9,5,463,5.1,0.00,0.00,0.00,0.00,0.00,0.00,0.20,0.00,0.06,0.06,0.04,0.10,1.18,4.31,5.88,0.00,0.00,0.00,0.00,0.00,0.05,0.03,0.09,0.05,0.09,Matches
1099,Lamare Bogarde,nl NED,"MF,DF",Aston Villa,eng Premier League,21-363,2004,14,4,423,4.7,0.00,0.00,0.00,0.00,0.00,0.00,0.64,0.00,0.00,0.00,0.00,0.00,01.06,2.77,0.64,0.00,0.00,0.00,0.00,0.00,0.00,0.01,0.01,0.00,0.01,Matches
1100,Jayden Bogle,eng ENG,DF,Leeds United,eng Premier League,25-160,2000,19,18,"1,58",17.6,0.00,0.06,0.06,0.00,0.00,0.00,0.23,0.00,0.07,0.07,0.04,0.10,1.82,2.78,3.69,0.00,0.06,0.06,0.00,0.06,0.07,0.04,0.10,0.07,0.10,Matches
1101,Adama Boiro,es ESP,DF,Athletic Club,es La Liga,23-195,2002,5,3,273,3.0,0.00,0.00,0.00,0.00,0.00,0.00,0.00,0.00,0.00,0.00,0.03,0.03,1.67,7.67,3.00,0.00,0.00,0.00,0.00,0.00,0.00,0.04,0.04,0.00,0.04,Matches
1102,Morgan Bokelé Mputu,cm CMR,"FW,DF",Metz,fr Ligue 1,21-296,2004,8,1,219,2.4,0.00,0.00,0.00,0.00,0.00,0.00,0.00,0.00,0.13,0.13,0.04,0.17,5.00,4.17,4.58,0.00,0.00,0.00,0.00,0.00,0.14,0.04,0.18,0.14,0.18,Matches
1103,Daniel Boloca,ro ROU,MF,Sassuolo,it Serie A,27-012,1998,2,2,135,1.5,0.00,0.00,0.00,0.00,0.00,0.00,0.00,0.00,0.13,0.13,0.00,0.20,2.67,2.00,0.00,0.00,0.00,0.00,0.00,0.00,0.16,0.02,0.18,0.16,0.18,Matches
1104,Moïse Bombito,ca CAN,DF,Nice,fr Ligue 1,25-279,2000,2,2,145,1.6,0.00,0.00,0.00,0.00,0.00,0.00,0.63,0.00,0.00,0.00,0.00,0.00,0.63,2.50,0.00,0.00,0.00,0.00,0.00,0.00,0.00,0.00,0.00,0.00,0.00,Matches
1105,Warren Bondo,fr FRA,MF,Cremonese,it Serie A,22-110,2003,16,14,"1,142",12.7,0.00,0.00,0.00,0.00,0.00,0.00,0.16,0.00,0.02,0.02,0.02,0.03,0.87,3.31,0.63,0.00,0.00,0.00,0.00,0.00,0.01,0.02,0.03,0.01,0.03,Matches
1106,Giovanni Bonfanti,it ITA,DF,Pisa,it Serie A,22-351,2003,8,5,423,4.7,0.00,0.00,0.00,0.00,0.00,0.00,0.21,0.00,0.09,0.09,0.02,0.11,0.85,1.70,2.13,0.00,0.00,0.00,0.00,0.00,0.08,0.03,0.10,0.08,0.10,Matches
1107,Victor Boniface,ng NGA,"FW,MF",Werder Bremen,de Bundesliga,25-011,2000,11,2,333,3.7,0.00,0.54,0.54,0.00,0.00,0.00,0.27,0.00,0.30,0.30,0.19,0.49,3.24,3.51,5.68,0.00,0.54,0.54,0.00,0.54,0.29,0.20,0.49,0.29,0.49,Matches
1108,Rahim Bonkano,ne NIG,DF,Oviedo,es La Liga,24-002,2002,16,12,"1,144",12.7,0.00,0.00,0.00,0.00,0.00,0.00,0.00,0.00,0.00,0.00,0.04,0.05,02.05,03.07,5.43,0.00,0.00,0.00,0.00,0.00,0.00,0.04,0.04,0.00,0.04,Matches
1109,Sebastiaan Bornauw,be BEL,DF,Leeds United,eng Premier League,26-287,1999,3,1,84,0.9,0.00,0.00,0.00,0.00,0.00,0.00,0.00,0.00,0.00,0.00,0.00,0.00,0.00,1.11,0.00,0.00,0.00,0.00,0.00,0.00,0.00,0.00,0.00,0.00,0.00,Matches
1110,Olivier Boscagli,fr FRA,DF,Brighton,eng Premier League,28-046,1997,3,2,143,1.6,0.00,0.00,0.00,0.00,0.00,0.00,0.63,0.00,0.00,0.00,0.00,0.00,3.75,8.75,2.50,0.00,0.00,0.00,0.00,0.00,0.00,0.00,0.00,0.00,0.00,Matches
1111,Sven Botman,nl NED,DF,Newcastle Utd,eng Premier League,25-356,2000,10,8,656,7.3,0.00,0.00,0.00,0.00,0.00,0.00,0.00,0.00,0.01,0.01,0.08,0.10,0.14,03.01,0.41,0.00,0.00,0.00,0.00,0.00,0.02,0.08,0.09,0.02,0.09,Matches
1112,Ayyoub Bouaddi,fr FRA,MF,Lille,fr Ligue 1,18-093,2007,14,13,"1,038",11.5,0.00,0.09,0.09,0.00,0.00,0.00,0.35,0.09,0.12,0.12,0.05,0.17,1.83,2.96,3.30,0.00,0.09,0.09,0.00,0.09,0.12,0.05,0.17,0.12,0.17,Matches
1113,Badredine Bouanani,dz ALG,MF,Nice,fr Ligue 1,21-026,2004,2,1,93,1.0,0.00,0.00,0.00,0.00,0.00,0.00,0.00,0.00,0.10,0.10,0.10,0.10,3.00,3.00,12.0,0.00,0.00,0.00,0.00,0.00,0.07,0.07,0.13,0.07,0.13,Matches
1114,Badredine Bouanani,dz ALG,"FW,MF",Stuttgart,de Bundesliga,21-026,2004,9,4,316,3.5,0.00,0.00,0.00,0.00,0.00,0.00,0.29,0.00,0.17,0.17,0.09,0.23,4.57,2.86,6.86,0.00,0.00,0.00,0.00,0.00,0.16,0.08,0.23,0.16,0.23,Matches
1115,Justin Bourgault,fr FRA,"MF,DF",Brest,fr Ligue 1,20-111,2005,1,0,16,0.2,0.00,0.00,0.00,0.00,0.00,0.00,0.00,0.00,0.00,0.00,0.00,0.00,0.00,0.00,10.0,0.00,0.00,0.00,0.00,0.00,0.25,0.00,0.25,0.25,0.25,Matches
1116,Domagoj Bradarić,hr CRO,"DF,FW",Hellas Verona,it Serie A,26-024,1999,13,12,967,10.7,0.00,0.00,0.00,0.00,0.00,0.00,0.09,0.00,0.05,0.05,0.14,0.19,1.21,1.59,3.55,0.00,0.00,0.00,0.00,0.00,0.05,0.14,0.19,0.05,0.19,Matches
1117,Conor Bradley,nir NIR,DF,Liverpool,eng Premier League,22-178,2003,13,10,750,8.3,0.00,0.00,0.00,0.00,0.00,0.00,0.60,0.00,0.02,0.02,0.08,0.11,2.29,3.73,4.10,0.00,0.00,0.00,0.00,0.00,0.02,0.08,0.11,0.02,0.11,Matches
1118,Bilal Brahimi,dz ALG,FW,Nice,fr Ligue 1,25-295,2000,1,0,1,0.0,0,0,0,0,0,0,0,0,0.0,0.0,0.2,0.2,1,0,2,0.00,0.00,0.00,0.00,0.00,0.00,17.64,17.64,0.00,17.64,Matches
1119,Lilian Brassier,fr FRA,DF,Rennes,fr Ligue 1,26-062,1999,11,10,908,10.1,0.00,0.00,0.00,0.00,0.00,0.00,0.00,0.00,0.01,0.01,0.01,0.02,1.68,5.25,0.99,0.00,0.00,0.00,0.00,0.00,0.01,0.01,0.02,0.01,0.02,Matches
1120,Josip Brekalo,hr CRO,FW,Oviedo,es La Liga,27-194,1998,11,5,409,4.5,0.00,0.00,0.00,0.00,0.00,0.00,0.22,0.00,0.04,0.04,0.27,0.31,3.33,6.22,7.56,0.00,0.00,0.00,0.00,0.00,0.05,0.27,0.32,0.05,0.32,Matches
Rk,Player,Nation,Pos,Squad,Comp,Age,Born,MP,Starts,Min,90s,Gls,Ast,G+A,G-PK,PK,PKatt,CrdY,CrdR,xG,npxG,xAG,npxG+xAG,PrgC,PrgP,PrgR,Gls,Ast,G+A,G-PK,G+A-PK,xG,xAG,xG+xAG,npxG,npxG+xAG,Matches
1121,Gleison Bremer,br BRA,DF,Juventus,it Serie A,28-291,1997,7,6,510,5.7,0.00,0.35,0.35,0.00,0.00,0.00,0.00,0.00,0.05,0.05,0.02,0.07,0.00,0.88,0.35,0.00,0.35,0.35,0.00,0.35,0.06,0.02,0.08,0.06,0.08,Matches
1122,Sascha Britschgi,ch SUI,DF,Parma,it Serie A,19-129,2006,12,12,"1,007",11.2,0.00,0.18,0.18,0.00,0.00,0.00,0.18,0.00,0.03,0.03,0.10,0.12,0.98,2.23,3.75,0.00,0.18,0.18,0.00,0.18,0.02,0.09,0.12,0.02,0.12,Matches
1123,Brugui,es ESP,"MF,FW",Levante,es La Liga,29-060,1996,15,10,896,10.0,0.00,0.10,0.10,0.00,0.00,0.00,0.10,0.00,0.19,0.18,0.05,0.23,1.10,1.40,4.70,0.00,0.10,0.10,0.00,0.10,0.19,0.05,0.24,0.18,0.23,Matches
1124,Paris Brunner,de GER,"FW,MF",Monaco,fr Ligue 1,19-322,2006,4,1,98,1.1,0.00,0.00,0.00,0.00,0.00,0.00,0.91,0.00,0.09,0.09,0.00,0.09,4.55,2.73,11.8,0.00,0.00,0.00,0.00,0.00,0.12,0.00,0.12,0.12,0.12,Matches
1125,Jacob Bruun Larsen,dk DEN,"FW,MF",Burnley,eng Premier League,27-106,1998,17,8,807,9.0,0.00,0.11,0.11,0.00,0.00,0.00,0.00,0.00,0.13,0.13,0.14,0.28,1.67,2.22,6.56,0.00,0.11,0.11,0.00,0.11,0.13,0.15,0.28,0.13,0.28,Matches
1126,Hugo Bueno,es ESP,"DF,MF",Wolves,eng Premier League,23-107,2002,16,10,983,10.9,0.00,0.00,0.00,0.00,0.00,0.00,0.09,0.00,0.03,0.03,0.09,0.12,3.21,2.66,5.60,0.00,0.00,0.00,0.00,0.00,0.03,0.09,0.12,0.03,0.12,Matches
1127,Manu Bueno,es ESP,MF,Sevilla,es La Liga,21-160,2004,3,0,63,0.7,0.00,0.00,0.00,0.00,0.00,0.00,0.00,0.00,0.00,0.00,0.29,0.29,2.86,4.29,1.43,0.00,0.00,0.00,0.00,0.00,0.05,0.25,0.30,0.05,0.30,Matches
1128,Louis Buffon,cz CZE,"FW,MF",Pisa,it Serie A,18-006,2007,4,0,32,0.4,0.00,0.00,0.00,0.00,0.00,0.00,0.00,0.00,0.00,0.00,0.00,0.00,0.00,0.00,10.0,0.00,0.00,0.00,0.00,0.00,0.00,0.00,0.00,0.00,0.00,Matches
1129,Andrija Bulatović,me MNE,MF,Lens,fr Ligue 1,19-007,2006,7,2,245,2.7,0.00,0.37,0.37,0.00,0.00,0.00,0.37,0.00,0.04,0.04,0.22,0.26,0.74,2.22,3.70,0.00,0.37,0.37,0.00,0.37,0.04,0.23,0.27,0.04,0.27,Matches
1130,Facundo Buonanotte,ar ARG,MF,Chelsea,eng Premier League,21-011,2004,1,1,45,0.5,0.00,0.00,0.00,0.00,0.00,0.00,0.00,0.00,0.00,0.00,0.60,0.60,0.00,0.00,10.0,0.00,0.00,0.00,0.00,0.00,0.00,0.51,0.51,0.00,0.51,Matches
1131,Alessandro Buongiorno,it ITA,DF,Napoli,it Serie A,26-211,1999,13,10,928,10.3,0.00,0.10,0.10,0.00,0.00,0.00,0.10,0.00,0.06,0.06,0.01,0.07,0.87,3.69,0.10,0.00,0.10,0.10,0.00,0.10,0.06,0.01,0.07,0.06,0.07,Matches
1132,Livan Burcu,tr TUR,"MF,DF",Union Berlin,de Bundesliga,21-097,2004,2,0,40,0.4,0.00,0.00,0.00,0.00,0.00,0.00,0.00,0.00,0.75,0.75,0.00,0.75,7.50,7.50,10.0,0.00,0.00,0.00,0.00,0.00,0.75,0.00,0.75,0.75,0.75,Matches
1133,Jan Bürger,de GER,DF,Wolfsburg,de Bundesliga,18-299,2007,3,0,55,0.6,0.00,0.00,0.00,0.00,0.00,0.00,0.00,0.00,0.00,0.00,0.17,0.17,1.67,0.00,5.00,0.00,0.00,0.00,0.00,0.00,0.07,0.09,0.16,0.07,0.16,Matches
1134,Vincent Burlet,be BEL,DF,Lille,fr Ligue 1,20-102,2005,1,0,19,0.2,0.00,0.00,0.00,0.00,0.00,0.00,0.00,0.00,0.00,0.00,2.50,2.50,0.00,10.0,10.0,0.00,0.00,0.00,0.00,0.00,0.00,2.53,2.53,0.00,2.53,Matches
1135,Dan Burn,eng ENG,DF,Newcastle Utd,eng Premier League,33-239,1992,15,15,"1,255",13.9,0.00,0.14,0.14,0.00,0.00,0.00,0.36,0.07,0.01,0.01,0.02,0.03,0.36,2.81,1.73,0.00,0.14,0.14,0.00,0.14,0.01,0.02,0.03,0.01,0.03,Matches
1136,Bradley Burrowes,eng ENG,DF,Aston Villa,eng Premier League,17-305,2008,1,0,17,0.2,0.00,0.00,0.00,0.00,0.00,0.00,0.00,0.00,0.00,0.00,0.00,0.00,5.00,0.00,20.0,0.00,0.00,0.00,0.00,0.00,0.00,0.00,0.00,0.00,0.00,Matches
1137,Marnon Busch,de GER,"DF,MF",Heidenheim,de Bundesliga,31-026,1994,15,8,846,9.4,0.00,0.21,0.21,0.00,0.00,0.00,0.11,0.00,0.06,0.06,0.14,0.20,1.38,3.62,2.66,0.00,0.21,0.21,0.00,0.21,0.06,0.14,0.20,0.06,0.20,Matches
1138,Aurélio Buta,pt POR,DF,Eint Frankfurt,de Bundesliga,28-327,1997,4,1,144,1.6,0.00,0.00,0.00,0.00,0.00,0.00,0.63,0.00,0.00,0.00,0.00,0.06,3.75,1.88,1.88,0.00,0.00,0.00,0.00,0.00,0.01,0.02,0.04,0.01,0.04,Matches
1139,Jean Butez,fr FRA,GK,Como,it Serie A,30-209,1995,16,16,"1,44",16.0,0.00,0.00,0.00,0.00,0.00,0.00,0.06,0.00,0.00,0.00,0.00,0.00,0.00,0.13,0.00,0.00,0.00,0.00,0.00,0.00,0.00,0.00,0.00,0.00,0.00,Matches
1140,Sam Byram,eng ENG,DF,Leeds United,eng Premier League,32-109,1993,1,0,8,0.1,0.00,0.00,0.00,0.00,0.00,0.00,0.00,0.00,0.00,0.00,0.00,0.00,0.00,0.00,0.00,0.00,0.00,0.00,0.00,0.00,0.00,0.00,0.00,0.00,0.00,Matches
1141,William Bøving,dk DEN,MF,Mainz 05,de Bundesliga,22-308,2003,4,2,183,2.0,0.00,0.50,0.50,0.00,0.00,0.00,0.50,0.00,0.00,0.00,0.15,0.15,2.00,1.50,5.00,0.00,0.49,0.49,0.00,0.49,0.01,0.15,0.16,0.01,0.16,Matches
1142,Jorge Cabello,es ESP,DF,Levante,es La Liga,21-253,2004,5,4,362,4.0,0.00,0.00,0.00,0.00,0.00,0.00,0.25,0.00,0.00,0.00,0.00,0.00,0.00,1.75,0.00,0.00,0.00,0.00,0.00,0.00,0.00,0.00,0.00,0.00,0.00,Matches
1143,Pape Cabral,fr FRA,MF,Monaco,fr Ligue 1,18-348,2007,4,0,77,0.9,0.00,0.00,0.00,0.00,0.00,0.00,0.00,0.00,0.56,0.56,0.00,0.56,0.00,3.33,0.00,0.00,0.00,0.00,0.00,0.00,0.63,0.00,0.63,0.63,0.63,Matches
1144,Anthony Caci,fr FRA,"DF,MF",Mainz 05,de Bundesliga,28-186,1997,4,4,310,3.4,0.00,0.00,0.00,0.00,0.00,0.00,0.29,0.00,0.09,0.09,0.12,0.21,2.35,7.35,8.82,0.00,0.00,0.00,0.00,0.00,0.09,0.12,0.21,0.09,0.21,Matches
1145,Noah Cadiou,gp GLP,MF,Lorient,fr Ligue 1,27-069,1998,11,3,350,3.9,0.00,0.00,0.00,0.00,0.00,0.00,0.00,0.00,0.03,0.03,0.00,0.03,1.28,7.18,02.05,0.00,0.00,0.00,0.00,0.00,0.03,0.00,0.03,0.03,0.03,Matches
1146,Mathieu Cafaro,fr FRA,"FW,MF",Paris FC,fr Ligue 1,28-284,1997,7,1,124,1.4,0.00,0.00,0.00,0.00,0.00,0.00,0.00,0.00,0.21,0.21,0.21,0.36,2.14,2.86,15.7,0.00,0.00,0.00,0.00,0.00,0.19,0.19,0.38,0.19,0.38,Matches
1147,Arturo Calabresi,it ITA,DF,Pisa,it Serie A,29-292,1996,12,6,589,6.5,0.00,0.00,0.00,0.00,0.00,0.00,0.46,0.00,0.02,0.02,0.00,0.02,0.62,3.85,0.31,0.00,0.00,0.00,0.00,0.00,0.01,0.00,0.01,0.01,0.01,Matches
1148,Calebe,br BRA,"MF,DF",Alavés,es La Liga,25-248,2000,12,9,495,5.5,0.00,0.00,0.00,0.00,0.00,0.00,0.36,0.00,0.02,0.02,0.05,0.07,3.27,3.45,6.91,0.00,0.00,0.00,0.00,0.00,0.02,0.06,0.07,0.02,0.07,Matches
1149,Fernando Calero,es ESP,DF,Espanyol,es La Liga,30-111,1995,13,11,"1,016",11.3,0.00,0.00,0.00,0.00,0.00,0.00,0.18,0.00,0.12,0.12,0.00,0.12,0.27,1.15,0.18,0.00,0.00,0.00,0.00,0.00,0.12,0.00,0.12,0.12,0.12,Matches
1150,Duje Ćaleta-Car,hr CRO,DF,Real Sociedad,es La Liga,29-108,1996,10,9,822,9.1,0.00,0.00,0.00,0.00,0.00,0.00,0.33,0.00,0.07,0.07,0.01,0.09,0.99,3.63,0.22,0.00,0.00,0.00,0.00,0.00,0.07,0.02,0.09,0.07,0.09,Matches
1151,Dani Calvo,es ESP,DF,Oviedo,es La Liga,31-277,1994,9,7,705,7.8,0.00,0.00,0.00,0.00,0.00,0.00,0.38,0.00,0.00,0.00,0.00,0.00,0.13,1.92,0.13,0.00,0.00,0.00,0.00,0.00,0.00,0.00,0.00,0.00,0.00,Matches
1152,Amady Camara,ml MLI,"MF,FW",Nantes,fr Ligue 1,20-220,2005,9,1,162,1.8,0.00,0.00,0.00,0.00,0.00,0.00,0.00,0.00,0.17,0.17,0.06,0.22,4.44,1.11,11.1,0.00,0.00,0.00,0.00,0.00,0.17,0.08,0.25,0.17,0.25,Matches
1153,Dawda Camara,mr MTN,FW,Girona,es La Liga,23-060,2002,2,1,72,0.8,0.00,0.00,0.00,0.00,0.00,0.00,0.00,0.00,0.13,0.13,0.25,0.37,0.00,2.50,1.25,0.00,0.00,0.00,0.00,0.00,0.15,0.23,0.39,0.15,0.39,Matches
1154,Lamine Camara,sn SEN,MF,Monaco,fr Ligue 1,22-002,2004,9,7,604,6.7,0.00,0.45,0.45,0.00,0.00,0.00,0.30,0.00,0.06,0.06,0.25,0.31,02.09,6.27,1.94,0.00,0.45,0.45,0.00,0.45,0.06,0.26,0.32,0.06,0.32,Matches
1155,Axel Camblan,fr FRA,"FW,MF",Brest,fr Ligue 1,22-126,2003,1,0,12,0.1,0.00,0.00,0.00,0.00,0.00,0.00,0.00,0.00,0.00,0.00,1.00,1.00,0.00,0.00,20.0,0.00,0.00,0.00,0.00,0.00,0.00,0.57,0.57,0.00,0.57,Matches
Rk,Player,Nation,Pos,Squad,Comp,Age,Born,MP,Starts,Min,90s,Gls,Ast,G+A,G-PK,PK,PKatt,CrdY,CrdR,xG,npxG,xAG,npxG+xAG,PrgC,PrgP,PrgR,Gls,Ast,G+A,G-PK,G+A-PK,xG,xAG,xG+xAG,npxG,npxG+xAG,Matches
1156,Sergio Camello,es ESP,"FW,MF",Rayo Vallecano,es La Liga,24-327,2001,12,4,439,4.9,0.00,0.00,0.00,0.00,0.00,0.00,0.41,0.20,0.20,0.20,0.02,0.22,0.20,1.63,4.29,0.00,0.00,0.00,0.00,0.00,0.20,0.02,0.22,0.20,0.22,Matches
1157,Cole Campbell,us USA,FW,Dortmund,de Bundesliga,19-317,2006,1,0,17,0.2,0.00,0.00,0.00,0.00,0.00,0.00,0.00,0.00,0.50,0.50,0.50,1.00,5.00,0.00,10.0,0.00,0.00,0.00,0.00,0.00,0.62,0.64,1.25,0.62,1.25,Matches
1158,Fali Candé,gw GNB,DF,Sassuolo,it Serie A,27-344,1998,11,5,504,5.6,0.00,0.00,0.00,0.00,0.00,0.00,0.36,0.00,0.04,0.04,0.00,0.05,0.89,1.43,01.07,0.00,0.00,0.00,0.00,0.00,0.04,0.01,0.05,0.04,0.05,Matches
1159,Simone Canestrelli,it ITA,DF,Pisa,it Serie A,25-114,2000,17,17,"1,53",17.0,0.00,0.00,0.00,0.00,0.00,0.00,0.06,0.00,0.04,0.04,0.01,0.05,0.65,3.29,0.47,0.00,0.00,0.00,0.00,0.00,0.04,0.01,0.05,0.04,0.05,Matches
1160,Jaydee Canvot,fr FRA,DF,Crystal Palace,eng Premier League,19-158,2006,6,1,150,1.7,0.00,0.00,0.00,0.00,0.00,0.00,0.00,0.00,0.00,0.00,0.00,0.00,1.18,2.35,1.18,0.00,0.00,0.00,0.00,0.00,0.02,0.00,0.02,0.02,0.02,Matches
1161,Jaydee Canvot,fr FRA,"MF,DF",Toulouse,fr Ligue 1,19-158,2006,2,2,180,2.0,0.00,0.00,0.00,0.00,0.00,0.00,0.50,0.00,0.05,0.05,0.00,0.05,0.50,1.50,1.00,0.00,0.00,0.00,0.00,0.00,0.07,0.00,0.07,0.07,0.07,Matches
1162,Nicolás Capaldo,ar ARG,"DF,MF",Hamburger SV,de Bundesliga,28-111,1997,13,12,"1,009",11.2,0.00,0.09,0.09,0.00,0.00,0.00,0.36,0.00,0.02,0.02,0.03,0.04,1.16,3.93,1.52,0.00,0.09,0.09,0.00,0.09,0.02,0.03,0.05,0.02,0.05,Matches
1163,Pierrick Capelle,fr FRA,MF,Angers,fr Ligue 1,38-263,1987,3,0,62,0.7,0.00,0.00,0.00,0.00,0.00,0.00,0.00,0.00,0.00,0.00,0.29,0.29,2.86,4.29,5.71,0.00,0.00,0.00,0.00,0.00,0.00,0.23,0.23,0.00,0.23,Matches
1164,Elia Caprile,it ITA,GK,Cagliari,it Serie A,24-131,2001,18,18,"1,62",18.0,0.00,0.00,0.00,0.00,0.00,0.00,0.06,0.00,0.00,0.00,0.01,0.01,0.00,0.00,0.00,0.00,0.00,0.00,0.00,0.00,0.00,0.00,0.00,0.00,0.00,Matches
1165,Maxence Caqueret,fr FRA,"MF,FW",Como,it Serie A,25-322,2000,12,8,596,6.6,0.00,0.15,0.15,0.00,0.00,0.00,0.15,0.00,0.09,0.09,0.14,0.21,1.36,6.67,3.64,0.00,0.15,0.15,0.00,0.15,0.08,0.13,0.22,0.08,0.22,Matches
1166,Antonio Caracciolo,it ITA,DF,Pisa,it Serie A,35-187,1990,17,17,"1,52",16.9,0.00,0.00,0.00,0.00,0.00,0.00,0.24,0.00,0.03,0.03,0.00,0.03,0.18,1.48,0.53,0.00,0.00,0.00,0.00,0.00,0.03,0.00,0.03,0.03,0.03,Matches
1167,Valentin Carboni,ar ARG,"MF,FW",Genoa,it Serie A,20-304,2005,12,3,359,4.0,0.00,0.00,0.00,0.00,0.00,0.00,0.50,0.00,0.10,0.10,0.05,0.17,1.75,4.25,6.25,0.00,0.00,0.00,0.00,0.00,0.11,0.06,0.17,0.11,0.17,Matches
1168,Sergi Cardona,es ESP,DF,Villarreal,es La Liga,26-179,1999,13,10,920,10.2,0.00,0.20,0.20,0.00,0.00,0.00,0.10,0.00,0.07,0.07,0.12,0.19,02.06,2.84,5.88,0.00,0.20,0.20,0.00,0.20,0.07,0.11,0.18,0.07,0.18,Matches
1169,Fábio Cardoso,pt POR,DF,Sevilla,es La Liga,31-259,1994,3,3,217,2.4,0.00,0.00,0.00,0.00,0.00,0.00,0.00,0.00,0.00,0.00,0.00,0.00,0.00,1.25,0.00,0.00,0.00,0.00,0.00,0.00,0.00,0.00,0.00,0.00,0.00,Matches
1170,Johnny Cardoso,us USA,MF,Atlético Madrid,es La Liga,24-105,2001,4,4,196,2.2,0.00,0.00,0.00,0.00,0.00,0.00,0.91,0.00,0.00,0.00,0.00,0.00,2.27,4.55,1.36,0.00,0.00,0.00,0.00,0.00,0.01,0.01,0.02,0.01,0.02,Matches
1171,Patrik Carlgren,se SWE,GK,Nantes,fr Ligue 1,33-360,1992,2,1,92,1.0,0.00,0.00,0.00,0.00,0.00,0.00,0.00,0.00,0.00,0.00,0.00,0.00,0.00,0.00,0.00,0.00,0.00,0.00,0.00,0.00,0.00,0.00,0.00,0.00,0.00,Matches
1172,Diego Carlos,br BRA,DF,Como,it Serie A,32-294,1993,12,11,"1,016",11.3,0.00,0.00,0.00,0.00,0.00,0.00,0.44,0.00,0.03,0.03,0.00,0.03,0.18,2.65,0.09,0.00,0.00,0.00,0.00,0.00,0.03,0.00,0.03,0.03,0.03,Matches
1173,Kevin Carlos,es ESP,FW,Nice,fr Ligue 1,24-268,2001,10,6,551,6.1,0.00,0.00,0.00,0.00,0.00,0.00,0.16,0.00,0.20,0.20,0.02,0.21,0.66,0.98,4.26,0.00,0.00,0.00,0.00,0.00,0.20,0.01,0.21,0.20,0.21,Matches
1174,Marco Carnesecchi,it ITA,GK,Atalanta,it Serie A,25-186,2000,17,17,"1,53",17.0,0.00,0.00,0.00,0.00,0.00,0.00,0.00,0.00,0.00,0.00,0.00,0.00,0.00,0.00,0.00,0.00,0.00,0.00,0.00,0.00,0.00,0.00,0.00,0.00,0.00,Matches
1175,Gorka Carrera,es ESP,FW,Real Sociedad,es La Liga,20-233,2005,1,0,14,0.2,0.00,0.00,0.00,0.00,0.00,0.00,0.00,0.00,0.00,0.00,0.00,0.00,0.00,0.00,5.00,0.00,0.00,0.00,0.00,0.00,0.00,0.00,0.00,0.00,0.00,Matches
1176,Dani Carvajal,es ESP,DF,Real Madrid,es La Liga,33-357,1992,7,4,376,4.2,0.00,0.00,0.00,0.00,0.00,0.00,0.00,0.00,0.05,0.05,0.12,0.17,0.71,4.29,4.76,0.00,0.00,0.00,0.00,0.00,0.04,0.12,0.16,0.04,0.16,Matches
1177,Cesare Casadei,it ITA,MF,Torino,it Serie A,22-358,2003,16,12,"1,135",12.6,0.00,0.00,0.00,0.00,0.00,0.00,0.32,0.00,0.16,0.14,0.08,0.22,0.95,4.21,1.83,0.00,0.00,0.00,0.00,0.00,0.16,0.08,0.24,0.14,0.22,Matches
1178,Marc Casado,es ESP,MF,Barcelona,es La Liga,22-111,2003,13,6,549,6.1,0.00,0.16,0.16,0.00,0.00,0.00,0.00,0.00,0.05,0.05,0.03,0.08,1.15,4.43,1.48,0.00,0.16,0.16,0.00,0.16,0.05,0.03,0.08,0.05,0.08,Matches
1179,Nicolò Casale,it ITA,DF,Bologna,it Serie A,27-323,1998,6,4,233,2.6,0.00,0.00,0.00,0.00,0.00,0.00,0.00,0.00,0.08,0.08,0.00,0.08,0.00,2.31,0.00,0.00,0.00,0.00,0.00,0.00,0.06,0.00,0.06,0.06,0.06,Matches
1180,Josué Casimir,ht HAI,"MF,DF",Auxerre,fr Ligue 1,24-101,2001,15,11,931,10.3,0.00,0.00,0.00,0.00,0.00,0.10,0.39,0.10,0.20,0.15,0.03,0.17,2.14,2.23,5.63,0.00,0.00,0.00,0.00,0.00,0.21,0.03,0.23,0.14,0.17,Matches
1181,Cristian Cásseres Jr.,ve VEN,MF,Toulouse,fr Ligue 1,25-348,2000,16,15,"1,348",15.0,0.00,0.00,0.00,0.00,0.00,0.07,0.20,0.00,0.08,0.03,0.08,0.11,0.80,5.33,1.33,0.00,0.00,0.00,0.00,0.00,0.08,0.08,0.16,0.03,0.11,Matches
1182,Timothy Castagne,be BEL,"DF,FW",Fulham,eng Premier League,30-029,1995,14,6,589,6.5,0.00,0.00,0.00,0.00,0.00,0.00,0.15,0.00,0.14,0.14,0.03,0.17,1.38,03.08,5.85,0.00,0.00,0.00,0.00,0.00,0.13,0.03,0.16,0.13,0.16,Matches
1183,Castrin,es ESP,DF,Sevilla,es La Liga,23-002,2003,8,7,603,6.7,0.00,0.00,0.00,0.00,0.00,0.00,0.45,0.00,0.03,0.03,0.00,0.04,0.30,3.13,0.15,0.00,0.00,0.00,0.00,0.00,0.03,0.01,0.04,0.03,0.04,Matches
1184,Jonny Castro,es ESP,DF,Alavés,es La Liga,31-306,1994,17,17,"1,51",16.8,0.00,0.00,0.00,0.00,0.00,0.00,0.18,0.00,0.02,0.02,0.04,0.05,1.25,04.05,1.49,0.00,0.00,0.00,0.00,0.00,0.02,0.03,0.05,0.02,0.05,Matches
1185,Alessio Castro-Montes,be BEL,"MF,DF",Köln,de Bundesliga,28-231,1997,4,1,93,1.0,0.00,0.00,0.00,0.00,0.00,0.00,1.00,0.00,0.00,0.00,0.00,0.00,1.00,5.00,8.00,0.00,0.00,0.00,0.00,0.00,0.00,0.03,0.03,0.00,0.03,Matches
1186,Nicolò Cavuoti,it ITA,"MF,DF",Cagliari,it Serie A,22-274,2003,4,0,44,0.5,0.00,0.00,0.00,0.00,0.00,0.00,0.00,0.00,0.00,0.00,0.00,0.00,4.00,2.00,0.00,0.00,0.00,0.00,0.00,0.00,0.00,0.00,0.00,0.00,0.00,Matches
1187,Santi Cazorla,es ESP,"MF,FW",Oviedo,es La Liga,41-021,1984,11,4,432,4.8,0.00,0.00,0.00,0.00,0.00,0.00,0.00,0.21,0.04,0.04,0.19,0.23,0.83,6.88,3.33,0.00,0.00,0.00,0.00,0.00,0.04,0.19,0.23,0.04,0.23,Matches
1188,Dani Ceballos,es ESP,MF,Real Madrid,es La Liga,29-149,1996,10,4,357,4.0,0.00,0.00,0.00,0.00,0.00,0.00,0.00,0.00,0.00,0.00,0.07,0.10,1.50,10.0,2.50,0.00,0.00,0.00,0.00,0.00,0.01,0.08,0.09,0.01,0.09,Matches
1189,Federico Ceccherini,it ITA,DF,Cremonese,it Serie A,33-237,1992,5,2,221,2.5,0.00,0.00,0.00,0.00,0.00,0.00,0.00,0.40,0.04,0.04,0.00,0.04,0.00,3.20,1.20,0.00,0.00,0.00,0.00,0.00,0.04,0.00,0.04,0.04,0.04,Matches
1190,Abdoulie Ceesay,gm GAM,"FW,MF",St. Pauli,de Bundesliga,21-363,2004,10,0,193,2.1,0.00,0.00,0.00,0.00,0.00,0.00,0.95,0.00,0.19,0.19,0.00,0.19,0.48,0.48,9.52,0.00,0.00,0.00,0.00,0.00,0.18,0.00,0.18,0.18,0.18,Matches
Rk,Player,Nation,Pos,Squad,Comp,Age,Born,MP,Starts,Min,90s,Gls,Ast,G+A,G-PK,PK,PKatt,CrdY,CrdR,xG,npxG,xAG,npxG+xAG,PrgC,PrgP,PrgR,Gls,Ast,G+A,G-PK,G+A-PK,xG,xAG,xG+xAG,npxG,npxG+xAG,Matches
1191,Václav Černý,cz CZE,FW,Wolfsburg,de Bundesliga,28-078,1997,2,0,47,0.5,0.00,0.00,0.00,0.00,0.00,0.00,0.00,0.00,0.00,0.00,0.00,0.00,4.00,0.00,4.00,0.00,0.00,0.00,0.00,0.00,0.06,0.00,0.06,0.06,0.06,Matches
1192,Julian Chabot,de GER,DF,Stuttgart,de Bundesliga,27-325,1998,12,11,997,11.1,0.00,0.00,0.00,0.00,0.00,0.00,0.00,0.00,0.05,0.05,0.01,0.05,0.99,5.59,0.27,0.00,0.00,0.00,0.00,0.00,0.04,0.01,0.05,0.04,0.05,Matches
1193,El Chadaille Bitshiabu,fr FRA,DF,RB Leipzig,de Bundesliga,20-232,2005,3,1,113,1.3,0.00,0.00,0.00,0.00,0.00,0.00,0.00,0.00,0.08,0.08,0.00,0.08,0.00,0.00,0.00,0.00,0.00,0.00,0.00,0.00,0.11,0.00,0.11,0.11,0.11,Matches
1194,Ilyas Chaira,ma MAR,"FW,MF",Oviedo,es La Liga,24-335,2001,15,12,868,9.6,0.00,0.00,0.00,0.00,0.00,0.00,0.00,0.10,0.20,0.20,0.04,0.24,3.75,03.02,6.88,0.00,0.00,0.00,0.00,0.00,0.20,0.04,0.24,0.20,0.24,Matches
1195,Fallou Cham,gm GAM,DF,Hellas Verona,it Serie A,19-323,2006,5,3,214,2.4,0.00,0.00,0.00,0.00,0.00,0.00,0.00,0.00,0.17,0.17,0.25,0.42,0.83,2.50,4.58,0.00,0.00,0.00,0.00,0.00,0.15,0.27,0.42,0.15,0.42,Matches
1196,Brendan Chardonnet,fr FRA,DF,Brest,fr Ligue 1,31-012,1994,14,14,"1,196",13.3,0.00,0.08,0.08,0.00,0.00,0.00,0.23,0.00,0.03,0.03,0.02,0.05,0.45,2.41,0.23,0.00,0.08,0.08,0.00,0.08,0.03,0.02,0.05,0.03,0.05,Matches
1197,Arthur Chaves,br BRA,DF,Hoffenheim,de Bundesliga,24-339,2001,4,2,240,2.7,0.00,0.00,0.00,0.00,0.00,0.00,0.37,0.00,0.00,0.00,0.04,0.04,0.74,1.48,0.37,0.00,0.00,0.00,0.00,0.00,0.01,0.03,0.04,0.01,0.04,Matches
1198,Lucas Chevalier,fr FRA,GK,Paris S-G,fr Ligue 1,24-058,2001,14,14,"1,26",14.0,0.00,0.00,0.00,0.00,0.00,0.00,0.00,0.00,0.00,0.00,0.00,0.00,0.00,0.00,0.00,0.00,0.00,0.00,0.00,0.00,0.00,0.00,0.00,0.00,0.00,Matches
1199,Fabio Chiarodia,it ITA,DF,Gladbach,de Bundesliga,20-212,2005,5,4,278,3.1,0.00,0.00,0.00,0.00,0.00,0.00,0.00,0.00,0.00,0.00,0.00,0.00,0.32,5.81,0.65,0.00,0.00,0.00,0.00,0.00,0.01,0.00,0.01,0.01,0.01,Matches
1200,Ben Chilwell,eng ENG,DF,Strasbourg,fr Ligue 1,29-013,1996,10,9,772,8.6,0.00,0.12,0.12,0.00,0.00,0.00,0.35,0.00,0.00,0.00,0.03,0.03,01.05,3.37,1.51,0.00,0.12,0.12,0.00,0.12,0.00,0.03,0.04,0.00,0.04,Matches
1201,Tawanda Chirewa,zw ZIM,"MF,FW",Wolves,eng Premier League,22-084,2003,1,0,22,0.2,0.00,0.00,0.00,0.00,0.00,0.00,0.00,0.00,0.00,0.00,0.00,0.00,0.00,0.00,0.00,0.00,0.00,0.00,0.00,0.00,0.00,0.00,0.00,0.00,0.00,Matches
1202,Andreas Christensen,dk DEN,DF,Barcelona,es La Liga,29-268,1996,12,3,380,4.2,0.00,0.00,0.00,0.00,0.00,0.00,0.24,0.00,0.02,0.02,0.00,0.02,0.71,3.81,0.00,0.00,0.00,0.00,0.00,0.00,0.02,0.00,0.02,0.02,0.02,Matches
1203,Samuel Chukwueze,ng NGA,FW,Milan,it Serie A,26-226,1999,1,0,26,0.3,0.00,0.00,0.00,0.00,0.00,0.00,0.00,0.00,0.00,0.00,0.00,0.00,6.67,6.67,16.7,0.00,0.00,0.00,0.00,0.00,0.00,0.00,0.00,0.00,0.00,Matches
1204,Víctor Chust,es ESP,DF,Elche,es La Liga,25-304,2000,12,9,866,9.6,0.00,0.00,0.00,0.00,0.00,0.00,0.52,0.10,0.03,0.03,0.01,0.03,1.35,3.23,0.00,0.00,0.00,0.00,0.00,0.00,0.03,0.01,0.03,0.03,0.03,Matches
1205,Dennis Cirkin,eng ENG,DF,Sunderland,eng Premier League,23-272,2002,2,2,180,2.0,0.00,0.00,0.00,0.00,0.00,0.00,0.00,0.00,0.00,0.00,0.00,0.00,2.00,2.50,2.50,0.00,0.00,0.00,0.00,0.00,0.00,0.00,0.00,0.00,0.00,Matches
1206,Pathé Ciss,sn SEN,"MF,DF",Rayo Vallecano,es La Liga,31-293,1994,14,10,962,10.7,0.00,0.00,0.00,0.00,0.00,0.00,0.28,0.09,0.12,0.12,0.02,0.14,1.40,6.92,0.65,0.00,0.00,0.00,0.00,0.00,0.12,0.02,0.14,0.12,0.14,Matches
1207,Djaoui Cissé,fr FRA,MF,Rennes,fr Ligue 1,21-337,2004,14,10,710,7.9,0.00,0.00,0.00,0.00,0.00,0.00,0.25,0.00,0.08,0.08,0.10,0.18,2.53,5.70,3.92,0.00,0.00,0.00,0.00,0.00,0.08,0.10,0.18,0.08,0.18,Matches
1208,Mamoudou Cissokho,fr FRA,FW,Auxerre,fr Ligue 1,18-014,2007,1,0,1,0.0,0,0,0,0,0,0,0,0,0.0,0.0,0.0,0.0,0,0,0,0.00,0.00,0.00,0.00,0.00,0.00,0.00,0.00,0.00,0.00,Matches
1209,Alexis Claude-Maurice,fr FRA,"MF,FW",Augsburg,de Bundesliga,27-211,1998,12,9,729,8.1,0.00,0.00,0.00,0.00,0.00,0.00,0.25,0.00,0.15,0.15,0.05,0.20,2.96,3.58,6.17,0.00,0.00,0.00,0.00,0.00,0.15,0.05,0.20,0.15,0.20,Matches
1210,Nathaniel Clyne,eng ENG,DF,Crystal Palace,eng Premier League,34-273,1991,6,5,367,4.1,0.00,0.24,0.24,0.00,0.00,0.00,0.00,0.00,0.12,0.12,0.27,0.39,1.95,2.68,7.32,0.00,0.25,0.25,0.00,0.25,0.12,0.28,0.40,0.12,0.40,Matches
1211,Séamus Coleman,ie IRL,"DF,FW",Everton,eng Premier League,37-084,1988,3,1,11,0.1,0.00,0.00,0.00,0.00,0.00,0.00,0.00,0.00,0.00,0.00,0.00,0.00,0.00,10.0,0.00,0.00,0.00,0.00,0.00,0.00,0.00,0.00,0.00,0.00,0.00,Matches
1212,Maxime Colin,fr FRA,DF,Metz,fr Ligue 1,34-049,1991,10,8,797,8.9,0.00,0.00,0.00,0.00,0.00,0.00,0.00,0.00,0.03,0.03,0.00,0.04,0.90,3.37,0.67,0.00,0.00,0.00,0.00,0.00,0.04,0.00,0.04,0.04,0.04,Matches
1213,Nathan Collins,ie IRL,DF,Brentford,eng Premier League,24-248,2001,19,18,"1,637",18.2,0.00,0.00,0.00,0.00,0.00,0.00,0.22,0.00,0.07,0.07,0.05,0.12,0.49,2.86,0.27,0.00,0.00,0.00,0.00,0.00,0.06,0.05,0.12,0.06,0.12,Matches
1214,Nnamdi Collins,de GER,DF,Eint Frankfurt,de Bundesliga,21-358,2004,13,9,849,9.4,0.00,0.11,0.11,0.00,0.00,0.00,0.21,0.00,0.00,0.00,0.02,0.02,02.02,6.49,0.96,0.00,0.11,0.11,0.00,0.11,0.00,0.02,0.02,0.00,0.02,Matches
1215,Michele Collocolo,it ITA,MF,Cremonese,it Serie A,26-056,1999,4,4,285,3.2,0.00,0.00,0.00,0.00,0.00,0.00,0.31,0.00,0.00,0.00,0.03,0.03,0.94,1.25,3.13,0.00,0.00,0.00,0.00,0.00,0.01,0.02,0.03,0.01,0.03,Matches
1216,Santiago Colombatto,ar ARG,MF,Oviedo,es La Liga,28-351,1997,13,11,981,10.9,0.00,0.09,0.09,0.00,0.00,0.00,0.37,0.00,0.03,0.03,0.12,0.16,0.46,4.86,2.66,0.00,0.09,0.09,0.00,0.09,0.03,0.12,0.15,0.03,0.15,Matches
1217,Eray Cömert,ch SUI,DF,Valencia,es La Liga,27-333,1998,3,1,117,1.3,0.00,0.00,0.00,0.00,0.00,0.00,0.00,0.00,0.00,0.00,0.00,0.00,0.77,2.31,0.77,0.00,0.00,0.00,0.00,0.00,0.00,0.00,0.00,0.00,0.00,Matches
1218,Pietro Comuzzo,it ITA,DF,Fiorentina,it Serie A,20-317,2005,11,9,735,8.2,0.00,0.00,0.00,0.00,0.00,0.00,0.00,0.00,0.05,0.05,0.01,0.06,0.00,3.54,0.00,0.00,0.00,0.00,0.00,0.00,0.05,0.01,0.06,0.05,0.06,Matches
1219,Lewis Cook,eng ENG,"DF,MF",Bournemouth,eng Premier League,28-334,1997,9,3,394,4.4,0.00,0.00,0.00,0.00,0.00,0.00,0.00,0.23,0.02,0.02,0.05,0.07,3.41,7.27,02.05,0.00,0.00,0.00,0.00,0.00,0.02,0.05,0.06,0.02,0.06,Matches
1220,Copete,es ESP,DF,Valencia,es La Liga,26-085,1999,14,12,"1,149",12.8,0.00,0.00,0.00,0.00,0.00,0.00,0.23,0.00,0.11,0.11,0.01,0.12,0.16,3.75,0.23,0.00,0.00,0.00,0.00,0.00,0.11,0.01,0.12,0.11,0.12,Matches
1221,Diego Coppola,it ITA,DF,Brighton,eng Premier League,22-006,2003,5,2,194,2.2,0.00,0.00,0.00,0.00,0.00,0.00,0.91,0.00,0.00,0.00,0.00,0.00,0.91,5.00,0.00,0.00,0.00,0.00,0.00,0.00,0.00,0.00,0.00,0.00,0.00,Matches
1222,Francis Coquelin,fr FRA,MF,Nantes,fr Ligue 1,34-235,1991,4,2,149,1.7,0.00,0.00,0.00,0.00,0.00,0.00,0.59,0.00,0.06,0.06,0.00,0.06,0.00,2.35,0.00,0.00,0.00,0.00,0.00,0.00,0.04,0.00,0.04,0.04,0.04,Matches
1223,Derek Cornelius,ca CAN,DF,Marseille,fr Ligue 1,28-039,1997,2,0,58,0.6,0.00,0.00,0.00,0.00,0.00,0.00,0.00,0.00,0.00,0.00,0.00,0.00,0.00,0.00,0.00,0.00,0.00,0.00,0.00,0.00,0.00,0.00,0.00,0.00,0.00,Matches
1224,Maxwel Cornet,ci CIV,"FW,DF",Genoa,it Serie A,29-098,1996,4,1,77,0.9,0.00,0.00,0.00,0.00,0.00,1.11,0.00,0.00,1.67,0.78,0.22,1.00,2.22,1.11,10.0,0.00,0.00,0.00,0.00,0.00,1.76,0.20,1.95,0.84,01.03,Matches
1225,Thierry Correia,pt POR,DF,Valencia,es La Liga,26-300,1999,12,10,862,9.6,0.00,0.10,0.10,0.00,0.00,0.00,0.31,0.00,0.02,0.02,0.06,0.08,1.46,4.17,06.04,0.00,0.10,0.10,0.00,0.10,0.02,0.06,0.08,0.02,0.08,Matches
Rk,Player,Nation,Pos,Squad,Comp,Age,Born,MP,Starts,Min,90s,Gls,Ast,G+A,G-PK,PK,PKatt,CrdY,CrdR,xG,npxG,xAG,npxG+xAG,PrgC,PrgP,PrgR,Gls,Ast,G+A,G-PK,G+A-PK,xG,xAG,xG+xAG,npxG,npxG+xAG,Matches
1226,Edoardo Corvi,it ITA,GK,Parma,it Serie A,24-286,2001,5,5,450,5.0,0.00,0.00,0.00,0.00,0.00,0.00,0.20,0.00,0.00,0.00,0.00,0.00,0.00,0.00,0.00,0.00,0.00,0.00,0.00,0.00,0.00,0.00,0.00,0.00,0.00,Matches
1227,Coba da Costa,es ESP,"MF,FW",Getafe,es La Liga,23-161,2002,13,2,342,3.8,0.00,0.00,0.00,0.00,0.00,0.00,0.26,0.00,0.08,0.08,0.03,0.11,2.63,3.16,9.21,0.00,0.00,0.00,0.00,0.00,0.08,0.03,0.11,0.08,0.11,Matches
1228,David Costas,es ESP,DF,Oviedo,es La Liga,30-283,1995,12,11,980,10.9,0.00,0.00,0.00,0.00,0.00,0.00,0.00,0.00,0.00,0.00,0.01,0.01,0.18,2.29,0.09,0.00,0.00,0.00,0.00,0.00,0.00,0.01,0.01,0.00,0.01,Matches
1229,Grégoire Coudert,fr FRA,GK,Brest,fr Ligue 1,26-275,1999,7,6,572,6.4,0.00,0.00,0.00,0.00,0.00,0.00,0.00,0.00,0.00,0.00,0.00,0.00,0.00,0.00,0.00,0.00,0.00,0.00,0.00,0.00,0.00,0.00,0.00,0.00,0.00,Matches
1230,Lasso Coulibaly,ci CIV,"MF,DF",Auxerre,fr Ligue 1,23-076,2002,10,1,209,2.3,0.00,0.00,0.00,0.00,0.00,0.00,0.43,0.00,0.00,0.00,0.00,0.04,03.04,4.35,6.52,0.00,0.00,0.00,0.00,0.00,0.02,0.00,0.02,0.02,0.02,Matches
1231,Soumaïla Coulibaly,fr FRA,DF,Brest,fr Ligue 1,22-081,2003,8,8,720,8.0,0.00,0.00,0.00,0.00,0.00,0.00,0.25,0.00,0.03,0.03,0.00,0.04,0.50,1.50,0.00,0.00,0.00,0.00,0.00,0.00,0.03,0.00,0.03,0.03,0.03,Matches
1232,Woyo Coulibaly,ml MLI,DF,Sassuolo,it Serie A,26-228,1999,7,2,306,3.4,0.00,0.00,0.00,0.00,0.00,0.00,0.00,0.00,0.03,0.03,0.09,0.09,3.53,2.35,2.65,0.00,0.00,0.00,0.00,0.00,0.02,0.08,0.10,0.02,0.10,Matches
1233,Marius Courcoul,fr FRA,MF,Angers,fr Ligue 1,19-002,2007,12,1,161,1.8,0.00,0.00,0.00,0.00,0.00,0.00,0.00,0.00,0.00,0.00,0.06,0.06,0.56,5.56,2.22,0.00,0.00,0.00,0.00,0.00,0.00,0.04,0.04,0.00,0.04,Matches
1234,Thibaut Courtois,be BEL,GK,Real Madrid,es La Liga,33-237,1992,18,18,"1,62",18.0,0.00,0.00,0.00,0.00,0.00,0.00,0.00,0.00,0.00,0.00,0.00,0.00,0.00,0.11,0.00,0.00,0.00,0.00,0.00,0.00,0.00,0.00,0.00,0.00,0.00,Matches
1235,Patrice Čović,hr CRO,"MF,FW",Werder Bremen,de Bundesliga,18-192,2007,9,2,223,2.5,0.00,0.00,0.00,0.00,0.00,0.00,0.40,0.00,0.28,0.28,0.20,0.48,2.80,4.00,6.40,0.00,0.00,0.00,0.00,0.00,0.28,0.19,0.47,0.28,0.47,Matches
1236,Nicolas Cozza,fr FRA,DF,Nantes,fr Ligue 1,26-360,1999,12,9,836,9.3,0.00,0.00,0.00,0.00,0.00,0.00,0.00,0.00,0.03,0.03,0.02,0.04,1.61,2.37,1.83,0.00,0.00,0.00,0.00,0.00,0.03,0.02,0.04,0.03,0.04,Matches
1237,Ben Cremaschi,us USA,"MF,FW",Parma,it Serie A,20-307,2005,3,0,16,0.2,0.00,0.00,0.00,0.00,0.00,0.00,0.00,0.00,0.00,0.00,0.00,0.00,5.00,0.00,0.00,0.00,0.00,0.00,0.00,0.00,0.00,0.00,0.00,0.00,0.00,Matches
1238,Juan Cruz Armada,es ESP,DF,Osasuna,es La Liga,33-159,1992,12,7,580,6.4,0.00,0.00,0.00,0.00,0.00,0.00,0.00,0.00,0.06,0.06,0.02,0.08,0.47,2.19,0.63,0.00,0.00,0.00,0.00,0.00,0.06,0.01,0.07,0.06,0.07,Matches
1239,Pau Cubarsí,es ESP,DF,Barcelona,es La Liga,18-346,2007,14,14,"1,207",13.4,0.00,0.00,0.00,0.00,0.00,0.00,0.07,0.00,0.02,0.02,0.03,0.05,1.27,5.30,0.07,0.00,0.00,0.00,0.00,0.00,0.02,0.03,0.06,0.02,0.06,Matches
1240,Marc Cucurella,es ESP,DF,Chelsea,eng Premier League,27-165,1998,18,17,"1,504",16.7,0.00,0.12,0.12,0.00,0.00,0.00,0.18,0.00,0.04,0.04,0.10,0.14,1.56,4.49,2.87,0.00,0.12,0.12,0.00,0.12,0.03,0.10,0.14,0.03,0.14,Matches
1241,Jorge Cuenca,es ESP,DF,Fulham,eng Premier League,26-047,1999,6,5,439,4.9,0.00,0.00,0.00,0.00,0.00,0.00,0.41,0.00,0.00,0.00,0.00,0.00,0.41,03.06,0.00,0.00,0.00,0.00,0.00,0.00,0.00,0.01,0.01,0.00,0.01,Matches
1242,Pablo Cuñat,es ESP,GK,Levante,es La Liga,23-250,2002,2,2,180,2.0,0.00,0.00,0.00,0.00,0.00,0.00,0.00,0.00,0.00,0.00,0.00,0.00,0.00,0.00,0.00,0.00,0.00,0.00,0.00,0.00,0.00,0.00,0.00,0.00,0.00,Matches
1243,Jair Cunha,br BRA,DF,Nott'ham Forest,eng Premier League,20-302,2005,1,1,90,1.0,0.00,0.00,0.00,0.00,0.00,0.00,0.00,0.00,0.00,0.00,0.00,0.00,0.00,1.00,0.00,0.00,0.00,0.00,0.00,0.00,0.00,0.00,0.00,0.00,0.00,Matches
1244,Lucas Da Cunha,fr FRA,MF,Como,it Serie A,24-208,2001,14,11,"1,055",11.7,0.00,0.00,0.00,0.00,0.00,0.00,0.09,0.00,0.10,0.10,0.09,0.19,1.20,3.85,1.62,0.00,0.00,0.00,0.00,0.00,0.10,0.09,0.19,0.10,0.19,Matches
1245,Finn Dahmen,de GER,GK,Augsburg,de Bundesliga,27-282,1998,15,15,"1,35",15.0,0.00,0.00,0.00,0.00,0.00,0.00,0.00,0.00,0.00,0.00,0.01,0.01,0.00,0.13,0.00,0.00,0.00,0.00,0.00,0.00,0.00,0.01,0.01,0.00,0.01,Matches
1246,David Daiber,pt POR,MF,Bayern Munich,de Bundesliga,18-358,2007,1,0,19,0.2,0.00,0.00,0.00,0.00,0.00,0.00,0.00,0.00,0.00,0.00,0.00,0.00,0.00,0.00,0.00,0.00,0.00,0.00,0.00,0.00,0.00,0.00,0.00,0.00,0.00,Matches
1247,Ameen Al-Dakhil,be BEL,DF,Stuttgart,de Bundesliga,23-303,2002,7,3,357,4.0,0.00,0.00,0.00,0.00,0.00,0.00,0.25,0.00,0.03,0.03,0.00,0.03,1.25,3.50,0.75,0.00,0.00,0.00,0.00,0.00,0.02,0.01,0.03,0.02,0.03,Matches
1248,Muhammed Damar,de GER,"FW,MF",Hoffenheim,de Bundesliga,21-269,2004,8,2,227,2.5,0.00,0.00,0.00,0.00,0.00,0.00,0.00,0.00,0.32,0.32,0.16,0.48,0.40,5.20,6.80,0.00,0.00,0.00,0.00,0.00,0.30,0.17,0.47,0.30,0.47,Matches
1249,Kevin Danso,at AUT,DF,Tottenham,eng Premier League,27-106,1998,12,7,585,6.5,0.00,0.00,0.00,0.00,0.00,0.00,0.62,0.00,0.00,0.00,0.00,0.00,0.62,3.38,0.00,0.00,0.00,0.00,0.00,0.00,0.00,0.00,0.00,0.00,0.00,Matches
1250,Dante,br BRA,DF,Nice,fr Ligue 1,42-077,1983,2,2,139,1.5,0.00,0.00,0.00,0.00,0.00,0.00,0.00,0.00,0.00,0.00,0.00,0.00,0.00,2.67,0.00,0.00,0.00,0.00,0.00,0.00,0.03,0.00,0.03,0.03,0.03,Matches
1251,Bence Dárdai,hu HUN,MF,Wolfsburg,de Bundesliga,19-344,2006,1,0,35,0.4,0.00,0.00,0.00,0.00,0.00,0.00,0.00,0.00,0.00,0.00,0.00,0.00,2.50,5.00,0.00,0.00,0.00,0.00,0.00,0.00,0.00,0.08,0.08,0.00,0.08,Matches
1252,Aiman Dardari,lu LUX,MF,Augsburg,de Bundesliga,20-288,2005,3,0,34,0.4,0.00,0.00,0.00,0.00,0.00,0.00,2.50,0.00,0.25,0.25,0.00,0.25,0.00,2.50,12.5,0.00,0.00,0.00,0.00,0.00,0.16,0.00,0.16,0.16,0.16,Matches
1253,Sergi Darder,es ESP,"MF,FW",Mallorca,es La Liga,32-012,1993,17,14,"1,223",13.6,0.00,0.07,0.07,0.00,0.00,0.00,0.15,0.00,0.09,0.09,0.16,0.25,2.21,5.29,3.38,0.00,0.07,0.07,0.00,0.07,0.08,0.16,0.25,0.08,0.25,Matches
1254,Karl Darlow,wls WAL,GK,Leeds United,eng Premier League,35-087,1990,5,5,450,5.0,0.00,0.00,0.00,0.00,0.00,0.00,0.00,0.00,0.00,0.00,0.00,0.00,0.00,0.20,0.00,0.00,0.00,0.00,0.00,0.00,0.00,0.00,0.00,0.00,0.00,Matches
1255,Matteo Darmian,it ITA,DF,Inter,it Serie A,36-032,1989,1,0,14,0.2,0.00,0.00,0.00,0.00,0.00,0.00,0.00,0.00,0.00,0.00,0.00,0.00,0.00,0.00,5.00,0.00,0.00,0.00,0.00,0.00,0.00,0.00,0.00,0.00,0.00,Matches
1256,Alphonso Davies,ca CAN,DF,Bayern Munich,de Bundesliga,25-062,2000,2,0,48,0.5,0.00,0.00,0.00,0.00,0.00,0.00,2.00,0.00,0.00,0.00,0.00,0.00,10.0,4.00,18.0,0.00,0.00,0.00,0.00,0.00,0.00,0.00,0.00,0.00,0.00,Matches
1257,Ben Davies,wls WAL,DF,Tottenham,eng Premier League,32-254,1993,1,0,32,0.4,0.00,0.00,0.00,0.00,0.00,0.00,0.00,0.00,0.00,0.00,0.00,0.00,2.50,0.00,0.00,0.00,0.00,0.00,0.00,0.00,0.00,0.00,0.00,0.00,0.00,Matches
1258,Davinchi,es ESP,DF,Getafe,es La Liga,18-079,2007,7,4,429,4.8,0.00,0.00,0.00,0.00,0.00,0.00,0.21,0.00,0.04,0.04,0.00,0.04,0.63,2.29,2.50,0.00,0.00,0.00,0.00,0.00,0.04,0.01,0.05,0.04,0.05,Matches
1259,Mathys De Carvalho,fr FRA,MF,Lyon,fr Ligue 1,20-247,2005,9,3,271,3.0,0.00,0.00,0.00,0.00,0.00,0.00,0.33,0.00,0.13,0.13,0.03,0.17,1.67,6.33,1.00,0.00,0.00,0.00,0.00,0.00,0.14,0.02,0.16,0.14,0.16,Matches
1260,Jeffrey De Lange,nl NED,GK,Marseille,fr Ligue 1,27-277,1998,3,3,270,3.0,0.00,0.00,0.00,0.00,0.00,0.00,0.00,0.00,0.00,0.00,0.03,0.03,0.00,0.00,0.00,0.00,0.00,0.00,0.00,0.00,0.00,0.05,0.05,0.00,0.05,Matches
Rk,Player,Nation,Pos,Squad,Comp,Age,Born,MP,Starts,Min,90s,Gls,Ast,G+A,G-PK,PK,PKatt,CrdY,CrdR,xG,npxG,xAG,npxG+xAG,PrgC,PrgP,PrgR,Gls,Ast,G+A,G-PK,G+A-PK,xG,xAG,xG+xAG,npxG,npxG+xAG,Matches
1261,Théo De Percin,mq MTQ,GK,Auxerre,fr Ligue 1,24-335,2001,3,2,226,2.5,0.00,0.00,0.00,0.00,0.00,0.00,0.00,0.00,0.00,0.00,0.00,0.00,0.00,0.00,0.00,0.00,0.00,0.00,0.00,0.00,0.00,0.00,0.00,0.00,0.00,Matches
1262,Lorenzo De Silvestri,it ITA,DF,Bologna,it Serie A,37-225,1988,7,3,272,3.0,0.00,0.00,0.00,0.00,0.00,0.00,0.67,0.00,0.00,0.00,0.03,0.03,0.67,3.67,1.00,0.00,0.00,0.00,0.00,0.00,0.00,0.03,0.03,0.00,0.03,Matches
1263,Thibault De Smet,be BEL,DF,Paris FC,fr Ligue 1,27-212,1998,13,10,856,9.5,0.00,0.11,0.11,0.00,0.00,0.00,0.42,0.11,0.02,0.02,0.03,0.05,1.58,3.58,3.26,0.00,0.11,0.11,0.00,0.11,0.02,0.03,0.05,0.02,0.05,Matches
1264,Koni De Winter,be BEL,DF,Milan,it Serie A,23-205,2002,10,5,557,6.2,0.00,0.00,0.00,0.00,0.00,0.00,0.00,0.00,0.03,0.03,0.02,0.05,1.61,3.71,1.77,0.00,0.00,0.00,0.00,0.00,0.03,0.02,0.05,0.03,0.05,Matches
1265,Alessandro Deiola,it ITA,"MF,DF",Cagliari,it Serie A,30-155,1995,12,11,958,10.6,0.00,0.19,0.19,0.00,0.00,0.00,0.28,0.00,0.03,0.03,0.04,0.08,0.38,1.89,01.04,0.00,0.19,0.19,0.00,0.19,0.03,0.04,0.07,0.03,0.07,Matches
1266,Thomas Delaine,fr FRA,"DF,FW",Le Havre,fr Ligue 1,33-285,1992,5,2,201,2.2,0.00,0.00,0.00,0.00,0.00,0.00,0.45,0.00,0.05,0.05,0.14,0.14,5.00,5.00,5.45,0.00,0.00,0.00,0.00,0.00,0.03,0.12,0.15,0.03,0.15,Matches
1267,Liam Delap,eng ENG,FW,Chelsea,eng Premier League,22-329,2003,10,7,456,5.1,0.00,0.00,0.00,0.00,0.00,0.00,0.20,0.00,0.25,0.25,0.00,0.25,1.57,1.37,6.47,0.00,0.00,0.00,0.00,0.00,0.25,0.00,0.25,0.25,0.25,Matches
1268,Fisayo Dele-Bashiru,ng NGA,MF,Lazio,it Serie A,24-331,2001,7,4,274,3.0,0.00,0.00,0.00,0.00,0.00,0.00,0.00,0.00,0.00,0.00,0.03,0.03,1.33,2.00,4.00,0.00,0.00,0.00,0.00,0.00,0.01,0.03,0.04,0.01,0.04,Matches
1269,Ali Dembélé,fr FRA,DF,Torino,it Serie A,21-363,2004,1,0,13,0.1,0.00,0.00,0.00,0.00,0.00,0.00,0.00,0.00,1.00,1.00,0.00,1.00,0.00,0.00,10.0,0.00,0.00,0.00,0.00,0.00,0.44,0.00,0.44,0.44,0.44,Matches
1270,Rav van den Berg,nl NED,DF,Köln,de Bundesliga,21-180,2004,6,5,500,5.6,0.00,0.00,0.00,0.00,0.00,0.00,0.00,0.18,0.00,0.00,0.00,0.00,0.18,2.68,0.00,0.00,0.00,0.00,0.00,0.00,0.00,0.00,0.00,0.00,0.00,Matches
1271,Sepp van den Berg,nl NED,DF,Brentford,eng Premier League,24-014,2001,17,17,"1,53",17.0,0.00,0.00,0.00,0.00,0.00,0.00,0.06,0.00,0.09,0.09,0.03,0.12,0.76,02.06,0.53,0.00,0.00,0.00,0.00,0.00,0.10,0.03,0.13,0.10,0.13,Matches
1272,Daniel Denoon,ch SUI,DF,Pisa,it Serie A,21-340,2004,2,2,122,1.4,0.00,0.00,0.00,0.00,0.00,0.00,0.71,0.00,0.00,0.00,0.00,0.00,0.00,0.00,0.00,0.00,0.00,0.00,0.00,0.00,0.00,0.00,0.00,0.00,0.00,Matches
1273,Nelson Deossa,co COL,MF,Betis,es La Liga,25-331,2000,9,4,362,4.0,0.00,0.00,0.00,0.00,0.00,0.00,0.50,0.00,0.05,0.05,0.05,0.10,3.00,4.75,1.25,0.00,0.00,0.00,0.00,0.00,0.05,0.06,0.10,0.05,0.10,Matches
1274,Rémy Descamps,fr FRA,GK,Lyon,fr Ligue 1,29-192,1996,4,4,360,4.0,0.00,0.00,0.00,0.00,0.00,0.00,0.00,0.00,0.00,0.00,0.00,0.00,0.00,0.00,0.00,0.00,0.00,0.00,0.00,0.00,0.00,0.00,0.00,0.00,0.00,Matches
1275,Bahmed Deuff,mr MTN,"MF,FW",Nantes,fr Ligue 1,19-296,2006,9,1,222,2.5,0.00,0.00,0.00,0.00,0.00,0.00,0.00,0.00,0.08,0.08,0.08,0.16,2.80,1.60,2.00,0.00,0.00,0.00,0.00,0.00,0.07,0.10,0.17,0.07,0.17,Matches
1276,Michele Di Gregorio,it ITA,GK,Juventus,it Serie A,28-160,1997,15,15,"1,35",15.0,0.00,0.00,0.00,0.00,0.00,0.00,0.07,0.00,0.00,0.00,0.00,0.00,0.00,0.00,0.00,0.00,0.00,0.00,0.00,0.00,0.00,0.00,0.00,0.00,0.00,Matches
1277,Giovanni Di Lorenzo,it ITA,"DF,MF",Napoli,it Serie A,32-152,1993,16,16,"1,44",16.0,0.00,0.06,0.06,0.00,0.00,0.00,0.06,0.00,0.08,0.08,0.11,0.19,1.25,5.38,4.88,0.00,0.06,0.06,0.00,0.06,0.08,0.10,0.18,0.08,0.18,Matches
1278,Alessandro Di Pardo,it ITA,DF,Cagliari,it Serie A,26-169,1999,3,0,54,0.6,0.00,0.00,0.00,0.00,0.00,0.00,0.00,0.00,0.33,0.33,0.00,0.33,0.00,3.33,0.00,0.00,0.00,0.00,0.00,0.00,0.27,0.00,0.27,0.27,0.27,Matches
1279,Bambo Diaby,sn SEN,DF,Elche,es La Liga,28-017,1997,2,1,49,0.5,0.00,0.00,0.00,0.00,0.00,0.00,0.00,0.00,0.00,0.00,0.00,0.00,0.00,0.00,0.00,0.00,0.00,0.00,0.00,0.00,0.00,0.00,0.00,0.00,0.00,Matches
1280,Bafodé Diakité,fr FRA,DF,Bournemouth,eng Premier League,24-362,2001,15,15,"1,26",14.0,0.00,0.00,0.00,0.00,0.00,0.00,0.07,0.00,0.00,0.00,0.01,0.01,0.29,3.14,0.21,0.00,0.00,0.00,0.00,0.00,0.00,0.01,0.01,0.00,0.01,Matches
1281,Grady Diangana,cd COD,"MF,FW",Elche,es La Liga,27-259,1998,7,5,297,3.3,0.00,0.00,0.00,0.00,0.00,0.00,0.30,0.00,0.06,0.06,0.03,0.09,1.52,2.12,3.33,0.00,0.00,0.00,0.00,0.00,0.07,0.04,0.11,0.07,0.11,Matches
1282,Assane Diao,sn SEN,FW,Como,it Serie A,20-118,2005,6,4,314,3.5,0.00,0.00,0.00,0.00,0.00,0.00,0.00,0.00,0.09,0.09,0.00,0.09,6.57,2.86,10.6,0.00,0.00,0.00,0.00,0.00,0.07,0.01,0.08,0.07,0.08,Matches
1283,Habib Diarra,sn SEN,MF,Sunderland,eng Premier League,22-000,2004,5,4,372,4.1,0.00,0.00,0.00,0.00,0.00,0.00,0.24,0.00,0.15,0.15,0.00,0.15,2.44,3.17,4.39,0.00,0.00,0.00,0.00,0.00,0.14,0.01,0.15,0.14,0.15,Matches
1284,Moussa Diarra,ml MLI,DF,Alavés,es La Liga,25-054,2000,3,3,216,2.4,0.00,0.00,0.00,0.00,0.00,0.00,0.42,0.00,0.00,0.00,0.00,0.00,1.25,0.42,02.08,0.00,0.00,0.00,0.00,0.00,0.00,0.01,0.01,0.00,0.01,Matches
1285,Krépin Diatta,sn SEN,"DF,FW",Monaco,fr Ligue 1,26-312,1999,10,6,656,7.3,0.00,0.14,0.14,0.00,0.00,0.00,0.14,0.00,0.10,0.10,0.19,0.29,2.19,4.93,7.26,0.00,0.14,0.14,0.00,0.14,0.09,0.20,0.29,0.09,0.29,Matches
1286,Mory Diaw,sn SEN,GK,Le Havre,fr Ligue 1,32-195,1993,16,16,"1,44",16.0,0.00,0.06,0.06,0.00,0.00,0.00,0.00,0.00,0.00,0.00,0.05,0.05,0.00,0.00,0.00,0.00,0.06,0.06,0.00,0.06,0.00,0.05,0.05,0.00,0.05,Matches
1287,Brahim Díaz,ma MAR,"FW,MF",Real Madrid,es La Liga,26-153,1999,12,3,319,3.5,0.00,0.57,0.57,0.00,0.00,0.00,0.29,0.00,0.09,0.09,0.49,0.54,3.71,2.57,9.43,0.00,0.56,0.56,0.00,0.56,0.08,0.47,0.55,0.08,0.55,Matches
1288,Junior Diaz,ci CIV,DF,Brest,fr Ligue 1,22-164,2003,8,7,649,7.2,0.00,0.00,0.00,0.00,0.00,0.00,0.00,0.00,0.01,0.01,0.00,0.03,0.56,2.92,0.42,0.00,0.00,0.00,0.00,0.00,0.02,0.00,0.02,0.02,0.02,Matches
1289,Pedro Díaz,es ESP,"MF,FW",Rayo Vallecano,es La Liga,27-212,1998,15,10,836,9.3,0.00,0.00,0.00,0.00,0.00,0.00,0.00,0.00,0.08,0.08,0.06,0.13,01.08,3.23,3.98,0.00,0.00,0.00,0.00,0.00,0.07,0.06,0.13,0.07,0.13,Matches
1290,Tyler Dibling,eng ENG,FW,Everton,eng Premier League,19-297,2006,10,3,281,3.1,0.00,0.00,0.00,0.00,0.00,0.00,0.65,0.00,0.03,0.03,0.06,0.10,3.55,0.97,4.52,0.00,0.00,0.00,0.00,0.00,0.04,0.05,0.09,0.04,0.09,Matches
1291,Bamba Dieng,sn SEN,"FW,MF",Lorient,fr Ligue 1,25-286,2000,4,0,63,0.7,0.00,1.43,1.43,0.00,0.00,0.00,0.00,0.00,1.14,1.14,0.43,1.71,1.43,0.00,2.86,0.00,1.43,1.43,0.00,1.43,1.17,0.49,1.66,1.17,1.66,Matches
1292,Lucas Digne,fr FRA,DF,Aston Villa,eng Premier League,32-167,1993,18,13,"1,104",12.3,0.00,0.24,0.24,0.00,0.00,0.00,0.16,0.00,0.04,0.04,0.10,0.14,0.89,2.28,6.18,0.00,0.24,0.24,0.00,0.24,0.04,0.10,0.14,0.04,0.14,Matches
1293,Eren Dinkçi,de GER,"MF,FW",Freiburg,de Bundesliga,24-021,2001,8,3,248,2.8,0.00,0.00,0.00,0.00,0.00,0.00,0.36,0.00,0.11,0.11,0.04,0.14,1.43,2.50,3.93,0.00,0.00,0.00,0.00,0.00,0.12,0.04,0.15,0.12,0.15,Matches
1294,Issa Diop,fr FRA,DF,Fulham,eng Premier League,28-359,1997,5,2,233,2.6,0.00,0.00,0.00,0.00,0.00,0.00,0.38,0.00,0.00,0.00,0.00,0.00,0.38,2.69,0.00,0.00,0.00,0.00,0.00,0.00,0.00,0.00,0.00,0.00,0.00,Matches
1295,Sérigné Diop,sn SEN,FW,Brest,fr Ligue 1,20-236,2005,2,0,12,0.1,0.00,0.00,0.00,0.00,0.00,0.00,0.00,0.00,1.00,1.00,0.00,1.00,0.00,0.00,0.00,0.00,0.00,0.00,0.00,0.00,0.99,0.00,0.99,0.99,0.99,Matches
Rk,Player,Nation,Pos,Squad,Comp,Age,Born,MP,Starts,Min,90s,Gls,Ast,G+A,G-PK,PK,PKatt,CrdY,CrdR,xG,npxG,xAG,npxG+xAG,PrgC,PrgP,PrgR,Gls,Ast,G+A,G-PK,G+A-PK,xG,xAG,xG+xAG,npxG,npxG+xAG,Matches
1296,Andy Diouf,fr FRA,"MF,FW",Inter,it Serie A,22-231,2003,7,0,78,0.9,0.00,0.00,0.00,0.00,0.00,0.00,0.00,0.00,0.00,0.00,0.67,0.67,3.33,3.33,12.2,0.00,0.00,0.00,0.00,0.00,0.02,0.68,0.70,0.02,0.70,Matches
1297,Andy Diouf,fr FRA,MF,Lens,fr Ligue 1,22-231,2003,1,1,90,1.0,0.00,0.00,0.00,0.00,0.00,0.00,0.00,0.00,0.20,0.20,0.00,0.20,3.00,3.00,4.00,0.00,0.00,0.00,0.00,0.00,0.22,0.00,0.22,0.22,0.22,Matches
1298,El Hadji Malick Diouf,sn SEN,DF,West Ham,eng Premier League,21-006,2004,16,15,"1,387",15.4,0.00,0.19,0.19,0.00,0.00,0.00,0.19,0.00,0.03,0.03,0.05,0.08,1.17,2.34,04.09,0.00,0.19,0.19,0.00,0.19,0.03,0.05,0.08,0.03,0.08,Matches
1299,Yehvann Diouf,sn SEN,GK,Nice,fr Ligue 1,26-048,1999,16,16,"1,44",16.0,0.00,0.00,0.00,0.00,0.00,0.00,0.00,0.00,0.00,0.00,0.00,0.00,0.00,0.00,0.00,0.00,0.00,0.00,0.00,0.00,0.00,0.00,0.00,0.00,0.00,Matches
1300,Assane Dioussé,sn SEN,MF,Auxerre,fr Ligue 1,28-105,1997,10,1,182,2.0,0.00,0.00,0.00,0.00,0.00,0.00,0.50,0.00,0.05,0.05,0.05,0.15,1.00,6.50,0.50,0.00,0.00,0.00,0.00,0.00,0.06,0.07,0.13,0.06,0.13,Matches
1301,Matías Dituro,ar ARG,GK,Elche,es La Liga,38-240,1987,6,6,540,6.0,0.00,0.00,0.00,0.00,0.00,0.00,0.17,0.00,0.00,0.00,0.00,0.00,0.00,0.00,0.00,0.00,0.00,0.00,0.00,0.00,0.00,0.01,0.01,0.00,0.01,Matches
1302,Djené,tg TOG,"DF,MF",Getafe,es La Liga,34-003,1991,18,16,"1,314",14.6,0.00,0.00,0.00,0.00,0.00,0.00,0.34,0.00,0.01,0.01,0.00,0.01,0.41,1.92,0.14,0.00,0.00,0.00,0.00,0.00,0.01,0.00,0.01,0.01,0.01,Matches
1303,Berat Djimsiti,al ALB,DF,Atalanta,it Serie A,32-318,1993,15,13,"1,198",13.3,0.00,0.00,0.00,0.00,0.00,0.00,0.08,0.00,0.07,0.07,0.02,0.09,0.98,3.76,0.90,0.00,0.00,0.00,0.00,0.00,0.07,0.02,0.09,0.07,0.09,Matches
1304,Marko Dmitrović,rs SRB,GK,Espanyol,es La Liga,33-344,1992,17,17,"1,53",17.0,0.00,0.00,0.00,0.00,0.00,0.00,0.00,0.00,0.00,0.00,0.00,0.00,0.00,0.12,0.00,0.00,0.00,0.00,0.00,0.00,0.00,0.00,0.00,0.00,0.00,Matches
1305,Dodô,br BRA,DF,Fiorentina,it Serie A,27-047,1998,17,17,"1,437",16.0,0.00,0.06,0.06,0.00,0.00,0.00,0.13,0.00,0.07,0.07,0.11,0.17,4.13,3.00,5.50,0.00,0.06,0.06,0.00,0.06,0.07,0.11,0.17,0.07,0.17,Matches
1306,Matt Doherty,ie IRL,DF,Wolves,eng Premier League,33-352,1992,8,8,598,6.6,0.00,0.00,0.00,0.00,0.00,0.00,0.61,0.00,0.02,0.02,0.06,0.08,0.45,3.18,0.91,0.00,0.00,0.00,0.00,0.00,0.01,0.05,0.07,0.01,0.07,Matches
1307,Josh Doig,sct SCO,DF,Sassuolo,it Serie A,23-230,2002,16,12,"1,082",12.0,0.00,0.00,0.00,0.00,0.00,0.00,0.33,0.00,0.02,0.02,0.08,0.10,02.08,3.50,03.08,0.00,0.00,0.00,0.00,0.00,0.02,0.08,0.10,0.02,0.10,Matches
1308,Tyrhys Dolan,eng ENG,"FW,MF",Espanyol,es La Liga,24-006,2001,16,13,"1,144",12.7,0.00,0.24,0.24,0.00,0.00,0.00,0.24,0.08,0.09,0.09,0.20,0.29,4.17,2.28,7.17,0.00,0.24,0.24,0.00,0.24,0.09,0.20,0.29,0.09,0.29,Matches
1309,Marc Domenech,es ESP,"FW,MF",Mallorca,es La Liga,20-002,2006,7,2,214,2.4,0.00,0.42,0.42,0.00,0.00,0.00,0.00,0.00,0.04,0.04,0.17,0.21,0.42,1.67,07.08,0.00,0.42,0.42,0.00,0.42,0.05,0.16,0.21,0.05,0.21,Matches
1310,Benjamín Domínguez,ar ARG,FW,Bologna,it Serie A,22-106,2003,7,3,261,2.9,0.00,0.34,0.34,0.00,0.00,0.00,0.34,0.00,0.17,0.17,0.03,0.17,1.38,1.38,7.59,0.00,0.34,0.34,0.00,0.34,0.17,0.02,0.19,0.17,0.19,Matches
1311,Carlos Dominguez,es ESP,DF,Celta Vigo,es La Liga,24-326,2001,6,4,436,4.8,0.00,0.00,0.00,0.00,0.00,0.00,0.21,0.00,0.00,0.00,0.02,0.02,0.42,02.08,0.00,0.00,0.00,0.00,0.00,0.00,0.01,0.01,0.02,0.01,0.02,Matches
1312,Nicolás Domínguez,ar ARG,"MF,FW",Nott'ham Forest,eng Premier League,27-189,1998,10,6,395,4.4,0.00,0.00,0.00,0.00,0.00,0.00,0.45,0.00,0.09,0.09,0.09,0.16,0.68,5.00,2.73,0.00,0.00,0.00,0.00,0.00,0.08,0.08,0.17,0.08,0.17,Matches
1313,Gianluigi Donnarumma,it ITA,GK,Manchester City,eng Premier League,26-312,1999,16,16,"1,44",16.0,0.00,0.00,0.00,0.00,0.00,0.00,0.25,0.00,0.00,0.00,0.00,0.00,0.00,0.00,0.00,0.00,0.00,0.00,0.00,0.00,0.00,0.00,0.00,0.00,0.00,Matches
1314,Niklas Dorsch,de GER,MF,Heidenheim,de Bundesliga,27-353,1998,14,11,899,10.0,0.00,0.00,0.00,0.00,0.00,0.00,0.00,0.00,0.04,0.04,0.05,0.09,0.80,4.60,1.50,0.00,0.00,0.00,0.00,0.00,0.04,0.05,0.09,0.04,0.09,Matches
1315,Ismaël Doukouré,fr FRA,"DF,MF",Strasbourg,fr Ligue 1,22-163,2003,11,11,920,10.2,0.00,0.10,0.10,0.00,0.00,0.00,0.20,0.10,0.04,0.04,0.05,0.09,0.88,3.92,0.69,0.00,0.10,0.10,0.00,0.10,0.04,0.05,0.09,0.04,0.09,Matches
1316,Max Dowman,eng ENG,FW,Arsenal,eng Premier League,16-003,2009,2,0,29,0.3,0.00,0.00,0.00,0.00,0.00,0.00,0.00,0.00,0.33,0.33,0.00,0.33,13.3,0.00,20.0,0.00,0.00,0.00,0.00,0.00,0.43,0.00,0.43,0.43,0.43,Matches
1317,Radu Drăgușin,ro ROU,DF,Tottenham,eng Premier League,23-334,2002,1,0,6,0.1,0.00,0.00,0.00,0.00,0.00,0.00,0.00,0.00,1.00,1.00,0.00,1.00,0.00,0.00,0.00,0.00,0.00,0.00,0.00,0.00,1.19,0.00,1.19,1.19,1.19,Matches
1318,Joél Drakes-Thomas,eng ENG,MF,Crystal Palace,eng Premier League,16-208,2009,1,0,5,0.1,0.00,0.00,0.00,0.00,0.00,0.00,0.00,0.00,0.00,0.00,0.00,0.00,20.0,10.0,0.00,0.00,0.00,0.00,0.00,0.00,0.00,0.00,0.00,0.00,0.00,Matches
1319,Domingos Duarte,pt POR,DF,Getafe,es La Liga,30-299,1995,16,16,"1,354",15.0,0.00,0.00,0.00,0.00,0.00,0.00,0.27,0.00,0.04,0.04,0.00,0.04,0.07,2.00,0.07,0.00,0.00,0.00,0.00,0.00,0.04,0.00,0.04,0.04,0.04,Matches
1320,Martin Dúbravka,sk SVK,GK,Burnley,eng Premier League,36-353,1989,19,19,"1,71",19.0,0.00,0.00,0.00,0.00,0.00,0.00,0.00,0.00,0.00,0.00,0.00,0.00,0.00,0.00,0.00,0.00,0.00,0.00,0.00,0.00,0.00,0.00,0.00,0.00,0.00,Matches
1321,Lewis Dunk,eng ENG,DF,Brighton,eng Premier League,34-043,1991,18,17,"1,575",17.5,0.00,0.00,0.00,0.00,0.00,0.00,0.40,0.00,0.03,0.03,0.01,0.04,0.69,3.37,0.06,0.00,0.00,0.00,0.00,0.00,0.03,0.00,0.04,0.03,0.04,Matches
1322,Edin Džeko,ba BIH,FW,Fiorentina,it Serie A,39-292,1986,11,2,244,2.7,0.00,0.00,0.00,0.00,0.00,0.00,0.37,0.00,0.11,0.11,0.15,0.26,1.11,2.96,5.56,0.00,0.00,0.00,0.00,0.00,0.11,0.14,0.25,0.11,0.25,Matches
1323,George Earthy,eng ENG,FW,West Ham,eng Premier League,21-120,2004,1,0,9,0.1,0.00,0.00,0.00,0.00,0.00,0.00,0.00,0.00,0.00,0.00,0.00,0.00,10.0,0.00,0.00,0.00,0.00,0.00,0.00,0.00,0.00,0.00,0.00,0.00,0.00,Matches
1324,Simon Ebonog,cm CMR,MF,Le Havre,fr Ligue 1,21-140,2004,13,7,553,6.1,0.00,0.00,0.00,0.00,0.00,0.00,0.33,0.00,0.13,0.13,0.03,0.16,1.80,2.79,2.46,0.00,0.00,0.00,0.00,0.00,0.13,0.03,0.16,0.13,0.16,Matches
1325,Enzo Ebosse,cm CMR,DF,Hellas Verona,it Serie A,26-298,1999,2,1,54,0.6,0.00,0.00,0.00,0.00,0.00,0.00,1.67,0.00,0.00,0.00,0.00,0.00,0.00,6.67,0.00,0.00,0.00,0.00,0.00,0.00,0.00,0.00,0.00,0.00,0.00,Matches
1326,Claudio Echeverri,ar ARG,"MF,DF",Leverkusen,de Bundesliga,20-001,2006,6,1,134,1.5,0.00,0.00,0.00,0.00,0.00,0.00,0.00,0.00,0.07,0.07,0.07,0.13,2.67,7.33,2.67,0.00,0.00,0.00,0.00,0.00,0.07,0.04,0.11,0.07,0.11,Matches
1327,Éderson,br BRA,MF,Atalanta,it Serie A,26-180,1999,13,12,950,10.6,0.00,0.00,0.00,0.00,0.00,0.00,0.09,0.00,0.12,0.12,0.03,0.15,1.51,6.60,2.55,0.00,0.00,0.00,0.00,0.00,0.12,0.03,0.15,0.12,0.15,Matches
1328,Noah Edjouma,fr FRA,"MF,FW",Toulouse,fr Ligue 1,20-091,2005,10,2,230,2.6,0.00,0.00,0.00,0.00,0.00,0.00,0.00,0.00,0.12,0.12,0.15,0.27,5.38,1.54,9.62,0.00,0.00,0.00,0.00,0.00,0.13,0.16,0.29,0.13,0.29,Matches
1329,Odsonne Édouard,fr FRA,FW,Crystal Palace,eng Premier League,27-352,1998,1,0,3,0.0,0,0,0,0,0,0,0,0,0.0,0.0,0.0,0.0,0,0,0,0.00,0.00,0.00,0.00,0.00,0.00,0.00,0.00,0.00,0.00,Matches
1330,Marcus Edwards,eng ENG,"FW,MF",Burnley,eng Premier League,27-031,1998,9,2,278,3.1,0.00,0.32,0.32,0.00,0.00,0.00,0.00,0.00,0.19,0.19,0.52,0.71,5.81,5.16,13.5,0.00,0.32,0.32,0.00,0.32,0.19,0.52,0.71,0.19,0.71,Matches
Rk,Player,Nation,Pos,Squad,Comp,Age,Born,MP,Starts,Min,90s,Gls,Ast,G+A,G-PK,PK,PKatt,CrdY,CrdR,xG,npxG,xAG,npxG+xAG,PrgC,PrgP,PrgR,Gls,Ast,G+A,G-PK,G+A-PK,xG,xAG,xG+xAG,npxG,npxG+xAG,Matches
1331,CJ Egan-Riley,eng ENG,DF,Marseille,fr Ligue 1,23-001,2003,8,5,415,4.6,0.00,0.00,0.00,0.00,0.00,0.00,0.00,0.22,0.00,0.00,0.15,0.15,0.65,5.43,0.43,0.00,0.00,0.00,0.00,0.00,0.00,0.16,0.16,0.00,0.16,Matches
1332,Kingsley Ehizibue,nl NED,DF,Udinese,it Serie A,30-223,1995,14,6,561,6.2,0.00,0.00,0.00,0.00,0.00,0.00,0.16,0.00,0.02,0.02,0.00,0.02,1.61,1.45,3.71,0.00,0.00,0.00,0.00,0.00,0.02,0.00,0.02,0.02,0.02,Matches
1333,Ovie Ejaria,eng ENG,MF,Oviedo,es La Liga,28-046,1997,7,2,180,2.0,0.00,0.00,0.00,0.00,0.00,0.00,0.50,0.00,0.05,0.05,0.05,0.10,3.50,5.50,3.00,0.00,0.00,0.00,0.00,0.00,0.07,0.04,0.11,0.07,0.11,Matches
1334,Hjalmar Ekdal,se SWE,DF,Burnley,eng Premier League,27-074,1998,13,12,"1,072",11.9,0.00,0.00,0.00,0.00,0.00,0.00,0.00,0.00,0.03,0.03,0.01,0.03,0.17,1.93,0.25,0.00,0.00,0.00,0.00,0.00,0.02,0.01,0.03,0.02,0.03,Matches
1335,Jacques Ekomie,ga GAB,DF,Angers,fr Ligue 1,22-137,2003,16,12,"1,075",11.9,0.00,0.00,0.00,0.00,0.00,0.00,0.17,0.00,0.06,0.06,0.08,0.14,2.44,2.35,3.45,0.00,0.00,0.00,0.00,0.00,0.06,0.08,0.14,0.06,0.14,Matches
1336,Anthony Elanga,se SWE,"FW,MF",Newcastle Utd,eng Premier League,23-251,2002,17,7,684,7.6,0.00,0.13,0.13,0.00,0.00,0.00,0.00,0.00,0.14,0.14,0.14,0.29,3.82,2.50,12.9,0.00,0.13,0.13,0.00,0.13,0.15,0.15,0.29,0.15,0.29,Matches
1337,Daniel Elfadli,ly LBY,DF,Hamburger SV,de Bundesliga,28-272,1997,11,9,830,9.2,0.00,0.00,0.00,0.00,0.00,0.00,0.22,0.00,0.01,0.01,0.03,0.03,0.87,2.72,0.54,0.00,0.00,0.00,0.00,0.00,0.01,0.03,0.04,0.01,0.04,Matches
1338,Unai Elgezabal,es ESP,"DF,MF",Levante,es La Liga,32-253,1993,11,11,932,10.4,0.00,0.00,0.00,0.00,0.00,0.00,0.19,0.00,0.06,0.06,0.02,0.08,0.10,1.25,0.10,0.00,0.00,0.00,0.00,0.00,0.06,0.02,0.08,0.06,0.08,Matches
1339,Harvey Elliott,eng ENG,"MF,FW",Liverpool,eng Premier League,22-274,2003,1,0,1,0.0,0,0,0,0,0,0,0,0,0.0,0.0,0.0,0.0,0,0,1,0.00,0.00,0.00,0.00,0.00,0.00,0.00,0.00,0.00,0.00,Matches
1340,Harvey Elliott,eng ENG,"MF,FW",Aston Villa,eng Premier League,22-274,2003,3,1,98,1.1,0.00,0.00,0.00,0.00,0.00,0.00,0.00,0.00,0.18,0.18,0.00,0.18,2.73,4.55,10.0,0.00,0.00,0.00,0.00,0.00,0.17,0.00,0.17,0.17,0.17,Matches
1341,Elif Elmas,mk MKD,"MF,FW",Napoli,it Serie A,26-101,1999,13,6,574,6.4,0.00,0.00,0.00,0.00,0.00,0.00,0.16,0.00,0.13,0.13,0.03,0.17,1.41,2.81,04.06,0.00,0.00,0.00,0.00,0.00,0.13,0.04,0.17,0.13,0.17,Matches
1342,Aritz Elustondo,es ESP,DF,Real Sociedad,es La Liga,31-281,1994,8,4,337,3.7,0.00,0.00,0.00,0.00,0.00,0.00,0.00,0.00,0.05,0.05,0.00,0.05,0.54,2.70,0.54,0.00,0.00,0.00,0.00,0.00,0.04,0.00,0.04,0.04,0.04,Matches
1343,Nico Elvedi,ch SUI,DF,Gladbach,de Bundesliga,29-095,1996,15,15,"1,35",15.0,0.00,0.00,0.00,0.00,0.00,0.00,0.13,0.00,0.01,0.01,0.00,0.01,0.93,3.67,0.27,0.00,0.00,0.00,0.00,0.00,0.01,0.00,0.02,0.01,0.02,Matches
1344,Julio Enciso,py PAR,"MF,FW",Strasbourg,fr Ligue 1,21-345,2004,9,7,600,6.7,0.00,0.00,0.00,0.00,0.00,0.00,0.15,0.00,0.28,0.28,0.04,0.33,2.54,4.63,5.97,0.00,0.00,0.00,0.00,0.00,0.29,0.04,0.33,0.29,0.33,Matches
1345,Wataru Endo,jp JPN,"MF,DF",Liverpool,eng Premier League,32-328,1993,5,0,47,0.5,0.00,2.00,2.00,0.00,0.00,0.00,2.00,0.00,0.00,0.00,0.20,0.20,4.00,4.00,0.00,0.00,1.91,1.91,0.00,1.91,0.00,0.21,0.21,0.00,0.21,Matches
1346,Endrick,br BRA,FW,Real Madrid,es La Liga,19-166,2006,1,0,12,0.1,0.00,0.00,0.00,0.00,0.00,0.00,0.00,0.00,0.00,0.00,0.00,0.00,10.0,0.00,0.00,0.00,0.00,0.00,0.00,0.00,0.00,0.00,0.00,0.00,0.00,Matches
1347,Christian Eriksen,dk DEN,"MF,FW",Wolfsburg,de Bundesliga,33-323,1992,12,8,772,8.6,0.00,0.35,0.35,0.00,0.00,0.00,0.12,0.00,0.12,0.12,0.23,0.35,1.40,3.49,3.37,0.00,0.35,0.35,0.00,0.35,0.12,0.23,0.35,0.12,0.35,Matches
1348,Aarón Escandell,es ESP,GK,Oviedo,es La Liga,30-098,1995,17,17,"1,53",17.0,0.00,0.00,0.00,0.00,0.00,0.00,0.06,0.00,0.00,0.00,0.00,0.00,0.00,0.00,0.00,0.00,0.00,0.00,0.00,0.00,0.00,0.00,0.00,0.00,0.00,Matches
1349,Carlos Espí,es ESP,FW,Levante,es La Liga,20-163,2005,5,0,97,1.1,0.00,0.00,0.00,0.00,0.00,0.00,0.00,0.00,0.00,0.00,0.00,0.00,0.00,0.91,2.73,0.00,0.00,0.00,0.00,0.00,0.03,0.00,0.03,0.03,0.03,Matches
1350,Romain Esse,eng ENG,"FW,MF",Crystal Palace,eng Premier League,20-235,2005,3,0,40,0.4,0.00,0.00,0.00,0.00,0.00,0.00,0.00,0.00,0.00,0.00,0.00,0.00,2.50,7.50,22.5,0.00,0.00,0.00,0.00,0.00,0.00,0.00,0.00,0.00,0.00,Matches
1351,Marco Esteban,es ESP,DF,Oviedo,es La Liga,20-002,2006,1,0,45,0.5,0.00,0.00,0.00,0.00,0.00,0.00,0.00,0.00,0.00,0.00,0.00,0.00,0.00,0.00,0.00,0.00,0.00,0.00,0.00,0.00,0.00,0.00,0.00,0.00,0.00,Matches
1352,Maxime Estève,fr FRA,DF,Burnley,eng Premier League,23-222,2002,17,17,"1,445",16.1,0.00,0.00,0.00,0.00,0.00,0.00,0.00,0.00,0.02,0.02,0.02,0.05,0.25,2.30,0.06,0.00,0.00,0.00,0.00,0.00,0.03,0.03,0.05,0.03,0.05,Matches
1353,Nahuel Estévez,ar ARG,MF,Parma,it Serie A,30-050,1995,14,6,561,6.2,0.00,0.00,0.00,0.00,0.00,0.00,0.32,0.00,0.08,0.08,0.05,0.13,0.48,3.55,0.81,0.00,0.00,0.00,0.00,0.00,0.09,0.05,0.13,0.09,0.13,Matches
1354,Pervis Estupiñán,ec ECU,DF,Milan,it Serie A,27-347,1998,9,7,522,5.8,0.00,0.17,0.17,0.00,0.00,0.00,0.17,0.17,0.02,0.02,0.14,0.16,1.21,3.28,3.79,0.00,0.17,0.17,0.00,0.17,0.02,0.14,0.16,0.02,0.16,Matches
1355,Edu Expósito,es ESP,MF,Espanyol,es La Liga,29-155,1996,16,14,"1,123",12.5,0.00,0.40,0.40,0.00,0.00,0.00,0.24,0.00,0.07,0.07,0.29,0.36,2.24,7.12,3.60,0.00,0.40,0.40,0.00,0.40,0.07,0.29,0.36,0.07,0.36,Matches
1356,Eberechi Eze,eng ENG,MF,Crystal Palace,eng Premier League,27-188,1998,1,1,83,0.9,0.00,0.00,0.00,0.00,0.00,0.00,0.00,0.00,0.22,0.22,0.00,0.22,0.00,1.11,2.22,0.00,0.00,0.00,0.00,0.00,0.26,0.00,0.26,0.26,0.26,Matches
1357,Nicolò Fagioli,it ITA,MF,Fiorentina,it Serie A,24-325,2001,14,11,915,10.2,0.00,0.20,0.20,0.00,0.00,0.00,0.20,0.00,0.04,0.04,0.25,0.27,0.98,5.39,1.47,0.00,0.20,0.20,0.00,0.20,0.04,0.24,0.28,0.04,0.28,Matches
1358,Omar Falah,es ESP,"DF,MF",Oviedo,es La Liga,22-116,2003,1,0,14,0.2,0.00,0.00,0.00,0.00,0.00,0.00,0.00,0.00,0.00,0.00,0.00,0.00,0.00,0.00,15.0,0.00,0.00,0.00,0.00,0.00,0.00,0.00,0.00,0.00,0.00,Matches
1359,Wladimiro Falcone,it ITA,GK,Lecce,it Serie A,30-266,1995,16,16,"1,44",16.0,0.00,0.00,0.00,0.00,0.00,0.00,0.06,0.00,0.00,0.00,0.00,0.00,0.00,0.00,0.00,0.00,0.00,0.00,0.00,0.00,0.00,0.00,0.00,0.00,0.00,Matches
1360,Abdoulaye Faye,sn SEN,DF,Lorient,fr Ligue 1,21-103,2004,7,6,573,6.4,0.00,0.00,0.00,0.00,0.00,0.00,0.78,0.00,0.08,0.08,0.00,0.08,0.16,2.97,0.16,0.00,0.00,0.00,0.00,0.00,0.08,0.00,0.08,0.08,0.08,Matches
1361,Jacopo Fazzini,it ITA,"MF,FW",Fiorentina,it Serie A,22-293,2003,10,4,385,4.3,0.00,0.00,0.00,0.00,0.00,0.00,0.00,0.00,0.07,0.07,0.14,0.21,02.09,5.58,3.26,0.00,0.00,0.00,0.00,0.00,0.06,0.15,0.21,0.06,0.21,Matches
1362,Luiz Felipe,it ITA,DF,Rayo Vallecano,es La Liga,28-287,1997,7,5,282,3.1,0.00,0.00,0.00,0.00,0.00,0.00,0.32,0.00,0.10,0.10,0.00,0.10,0.65,1.94,0.00,0.00,0.00,0.00,0.00,0.00,0.08,0.00,0.08,0.08,0.08,Matches
1363,Kiko Femenía,es ESP,"DF,FW",Getafe,es La Liga,34-335,1991,14,12,953,10.6,0.00,0.09,0.09,0.00,0.00,0.00,0.19,0.00,0.01,0.01,0.06,0.07,1.23,3.40,03.02,0.00,0.09,0.09,0.00,0.09,0.01,0.06,0.06,0.01,0.06,Matches
1364,Lewis Ferguson,sct SCO,MF,Bologna,it Serie A,26-132,1999,9,7,627,7.0,0.00,0.00,0.00,0.00,0.00,0.00,0.14,0.00,0.04,0.04,0.06,0.10,1.14,3.71,1.43,0.00,0.00,0.00,0.00,0.00,0.04,0.05,0.09,0.04,0.09,Matches
1365,Ezequiél Fernández,ar ARG,MF,Leverkusen,de Bundesliga,23-162,2002,6,3,331,3.7,0.00,0.00,0.00,0.00,0.00,0.00,0.81,0.27,0.05,0.05,0.05,0.11,01.08,4.32,2.43,0.00,0.00,0.00,0.00,0.00,0.05,0.06,0.11,0.05,0.11,Matches
Rk,Player,Nation,Pos,Squad,Comp,Age,Born,MP,Starts,Min,90s,Gls,Ast,G+A,G-PK,PK,PKatt,CrdY,CrdR,xG,npxG,xAG,npxG+xAG,PrgC,PrgP,PrgR,Gls,Ast,G+A,G-PK,G+A-PK,xG,xAG,xG+xAG,npxG,npxG+xAG,Matches
1366,Manu Fernández,es ESP,DF,Celta Vigo,es La Liga,24-255,2001,9,8,632,7.0,0.00,0.00,0.00,0.00,0.00,0.00,0.29,0.00,0.00,0.00,0.00,0.00,0.71,3.86,0.00,0.00,0.00,0.00,0.00,0.00,0.01,0.00,0.01,0.01,0.01,Matches
1367,Pedro Fernandez,es ESP,"FW,MF",Barcelona,es La Liga,17-356,2008,4,1,92,1.0,0.00,0.00,0.00,0.00,0.00,0.00,0.00,0.00,0.00,0.00,0.10,0.10,0.00,5.00,6.00,0.00,0.00,0.00,0.00,0.00,0.00,0.06,0.06,0.00,0.06,Matches
1368,Pelayo Fernandez,es ESP,DF,Rayo Vallecano,es La Liga,22-249,2003,1,0,45,0.5,0.00,0.00,0.00,0.00,0.00,0.00,0.00,0.00,0.00,0.00,0.00,0.00,0.00,2.00,0.00,0.00,0.00,0.00,0.00,0.00,0.07,0.00,0.07,0.07,0.07,Matches
1369,Toni Fernández,es ESP,FW,Barcelona,es La Liga,17-172,2008,1,1,45,0.5,0.00,0.00,0.00,0.00,0.00,0.00,0.00,0.00,0.00,0.00,0.20,0.20,0.00,0.00,4.00,0.00,0.00,0.00,0.00,0.00,0.00,0.15,0.15,0.00,0.15,Matches
1370,Seydou Fini,it ITA,MF,Genoa,it Serie A,19-215,2006,1,0,32,0.4,0.00,0.00,0.00,0.00,0.00,0.00,0.00,0.00,0.00,0.00,0.00,0.00,2.50,0.00,10.0,0.00,0.00,0.00,0.00,0.00,0.00,0.06,0.06,0.00,0.06,Matches
1371,Max Finkgräfe,de GER,DF,RB Leipzig,de Bundesliga,21-282,2004,2,0,25,0.3,0.00,0.00,0.00,0.00,0.00,0.00,0.00,0.00,0.00,0.00,0.00,0.00,3.33,10.0,6.67,0.00,0.00,0.00,0.00,0.00,0.00,0.07,0.07,0.00,0.07,Matches
1372,Junior Firpo,do DOM,DF,Betis,es La Liga,29-134,1996,7,5,460,5.1,0.00,0.20,0.20,0.00,0.00,0.00,0.39,0.00,0.08,0.08,0.12,0.20,1.37,4.51,5.49,0.00,0.20,0.20,0.00,0.20,0.08,0.12,0.20,0.08,0.20,Matches
1373,Jonathan Fischer,dk DEN,GK,Metz,fr Ligue 1,24-055,2001,16,15,"1,364",15.2,0.00,0.00,0.00,0.00,0.00,0.00,0.00,0.00,0.00,0.00,0.00,0.00,0.00,0.00,0.00,0.00,0.00,0.00,0.00,0.00,0.00,0.00,0.00,0.00,0.00,Matches
1374,Kilian Fischer,de GER,DF,Wolfsburg,de Bundesliga,25-083,2000,7,7,603,6.7,0.00,0.00,0.00,0.00,0.00,0.00,0.00,0.00,0.01,0.01,0.09,0.10,1.34,2.39,2.39,0.00,0.00,0.00,0.00,0.00,0.02,0.08,0.10,0.02,0.10,Matches
1375,Mark Flekken,nl NED,GK,Leverkusen,de Bundesliga,32-204,1993,15,15,"1,35",15.0,0.00,0.00,0.00,0.00,0.00,0.00,0.07,0.00,0.00,0.00,0.01,0.01,0.00,0.00,0.00,0.00,0.00,0.00,0.00,0.00,0.00,0.01,0.01,0.00,0.01,Matches
1376,Jack Fletcher,eng ENG,"MF,FW",Manchester Utd,eng Premier League,18-290,2007,3,0,108,1.2,0.00,0.00,0.00,0.00,0.00,0.00,0.00,0.00,0.00,0.00,0.08,0.17,0.00,5.83,1.67,0.00,0.00,0.00,0.00,0.00,0.03,0.10,0.13,0.03,0.13,Matches
1377,Romano Floriani,it ITA,"DF,FW",Cremonese,it Serie A,22-341,2003,14,6,601,6.7,0.00,0.00,0.00,0.00,0.00,0.00,0.30,0.00,0.01,0.01,0.15,0.16,1.34,1.94,4.93,0.00,0.00,0.00,0.00,0.00,0.01,0.15,0.16,0.01,0.16,Matches
1378,Wesley Fofana,fr FRA,DF,Chelsea,eng Premier League,25-017,2000,10,9,758,8.4,0.00,0.00,0.00,0.00,0.00,0.00,0.12,0.00,0.02,0.02,0.00,0.02,0.60,3.21,0.12,0.00,0.00,0.00,0.00,0.00,0.03,0.00,0.03,0.03,0.03,Matches
1379,Álex Forés,es ESP,FW,Oviedo,es La Liga,24-266,2001,10,1,193,2.1,0.00,0.00,0.00,0.00,0.00,0.00,0.00,0.00,0.48,0.48,0.00,0.48,1.90,0.00,4.29,0.00,0.00,0.00,0.00,0.00,0.47,0.00,0.47,0.47,0.47,Matches
1380,Niccolò Fortini,it ITA,"DF,MF",Fiorentina,it Serie A,19-324,2006,12,2,499,5.5,0.00,0.00,0.00,0.00,0.00,0.00,0.00,0.00,0.04,0.04,0.09,0.15,2.91,2.73,8.91,0.00,0.00,0.00,0.00,0.00,0.04,0.10,0.14,0.04,0.14,Matches
1381,Dimitri Foulquier,fr FRA,DF,Valencia,es La Liga,32-286,1993,10,8,741,8.2,0.00,0.00,0.00,0.00,0.00,0.00,0.00,0.00,0.04,0.04,0.02,0.05,0.73,03.05,1.83,0.00,0.00,0.00,0.00,0.00,0.03,0.02,0.05,0.03,0.05,Matches
1382,Juan Foyth,ar ARG,DF,Villarreal,es La Liga,27-356,1998,9,9,720,8.0,0.00,0.00,0.00,0.00,0.00,0.00,0.13,0.00,0.01,0.01,0.00,0.01,0.25,3.75,0.00,0.00,0.00,0.00,0.00,0.00,0.02,0.00,0.02,0.02,0.02,Matches
1383,Alejandro Francés,es ESP,DF,Girona,es La Liga,23-155,2002,8,5,408,4.5,0.00,0.00,0.00,0.00,0.00,0.00,0.22,0.22,0.02,0.02,0.13,0.16,1.78,3.56,1.11,0.00,0.00,0.00,0.00,0.00,0.01,0.12,0.13,0.01,0.13,Matches
1384,Przemysław Frankowski,pl POL,DF,Rennes,fr Ligue 1,30-266,1995,12,10,813,9.0,0.00,0.22,0.22,0.00,0.00,0.00,0.44,0.00,0.01,0.01,0.24,0.27,1.00,3.44,6.33,0.00,0.22,0.22,0.00,0.22,0.02,0.25,0.26,0.02,0.26,Matches
1385,Davide Frattesi,it ITA,MF,Inter,it Serie A,26-073,1999,9,1,213,2.4,0.00,0.00,0.00,0.00,0.00,0.00,0.00,0.00,0.38,0.38,0.13,0.50,1.25,1.67,5.42,0.00,0.00,0.00,0.00,0.00,0.39,0.11,0.50,0.39,0.50,Matches
1386,Tyler Fredricson,eng ENG,DF,Manchester Utd,eng Premier League,20-314,2005,1,0,3,0.0,0,0,0,0,0,0,0,0,0.0,0.0,0.0,0.0,0,0,0,0.00,0.00,0.00,0.00,0.00,0.00,0.00,0.00,0.00,0.00,Matches
1387,Morten Frendrup,dk DEN,MF,Genoa,it Serie A,24-271,2001,16,15,"1,298",14.4,0.00,0.00,0.00,0.00,0.00,0.00,0.14,0.00,0.01,0.01,0.03,0.04,0.63,2.92,0.83,0.00,0.00,0.00,0.00,0.00,0.01,0.03,0.04,0.01,0.04,Matches
1388,Martin Frese,dk DEN,DF,Hellas Verona,it Serie A,27-364,1998,14,11,"1,071",11.9,0.00,0.00,0.00,0.00,0.00,0.00,0.42,0.00,0.07,0.07,0.08,0.14,0.17,2.35,1.18,0.00,0.00,0.00,0.00,0.00,0.07,0.08,0.15,0.07,0.15,Matches
1389,Remo Freuler,ch SUI,MF,Bologna,it Serie A,33-263,1992,9,8,684,7.6,0.00,0.00,0.00,0.00,0.00,0.00,0.26,0.00,0.00,0.00,0.03,0.04,0.53,4.61,1.32,0.00,0.00,0.00,0.00,0.00,0.01,0.03,0.04,0.01,0.04,Matches
1390,Marvin Friedrich,de GER,DF,Gladbach,de Bundesliga,30-021,1995,4,1,127,1.4,0.00,0.00,0.00,0.00,0.00,0.00,0.00,0.00,0.00,0.00,0.00,0.00,0.71,0.71,0.00,0.00,0.00,0.00,0.00,0.00,0.00,0.00,0.00,0.00,0.00,Matches
1391,Jeremie Frimpong,nl NED,"DF,FW",Liverpool,eng Premier League,25-024,2000,7,3,289,3.2,0.00,0.31,0.31,0.00,0.00,0.00,0.00,0.00,0.03,0.03,0.41,0.44,5.31,3.13,11.3,0.00,0.31,0.31,0.00,0.31,0.03,0.41,0.44,0.03,0.44,Matches
1392,Joel Fujita,jp JPN,MF,St. Pauli,de Bundesliga,23-321,2002,15,15,"1,33",14.8,0.00,0.20,0.20,0.00,0.00,0.00,0.20,0.00,0.03,0.03,0.15,0.18,1.49,5.61,2.70,0.00,0.20,0.20,0.00,0.20,0.03,0.15,0.18,0.03,0.18,Matches
1393,Niclas Füllkrug,de GER,FW,West Ham,eng Premier League,32-328,1993,8,5,409,4.5,0.00,0.00,0.00,0.00,0.00,0.00,0.00,0.00,0.20,0.20,0.16,0.33,0.22,1.33,3.56,0.00,0.00,0.00,0.00,0.00,0.19,0.14,0.33,0.19,0.33,Matches
1394,Niclas Füllkrug,de GER,FW,Milan,it Serie A,32-328,1993,1,0,22,0.2,0.00,0.00,0.00,0.00,0.00,0.00,0.00,0.00,0.00,0.00,1.00,1.00,0.00,10.0,15.0,0.00,0.00,0.00,0.00,0.00,0.00,0.62,0.62,0.00,0.62,Matches
1395,Matteo Gabbia,it ITA,DF,Milan,it Serie A,26-074,1999,16,15,"1,331",14.8,0.00,0.00,0.00,0.00,0.00,0.00,0.14,0.00,0.03,0.03,0.01,0.03,0.41,2.16,0.14,0.00,0.00,0.00,0.00,0.00,0.03,0.00,0.03,0.03,0.03,Matches
1396,Javi Galán,es ESP,DF,Atlético Madrid,es La Liga,31-045,1994,5,1,134,1.5,0.00,0.00,0.00,0.00,0.00,0.00,0.00,0.00,0.00,0.00,0.07,0.07,3.33,0.67,6.00,0.00,0.00,0.00,0.00,0.00,0.00,0.05,0.05,0.00,0.05,Matches
1397,Iñigo Ruiz de Galarreta,es ESP,MF,Athletic Club,es La Liga,32-150,1993,16,15,"1,033",11.5,0.00,0.00,0.00,0.00,0.00,0.00,0.70,0.00,0.03,0.03,0.08,0.10,0.87,7.91,1.48,0.00,0.00,0.00,0.00,0.00,0.02,0.08,0.10,0.02,0.10,Matches
1398,Antonino Gallo,it ITA,DF,Lecce,it Serie A,25-363,2000,16,15,"1,3",14.4,0.00,0.07,0.07,0.00,0.00,0.00,0.14,0.00,0.03,0.03,0.03,0.06,1.88,4.93,2.50,0.00,0.07,0.07,0.00,0.07,0.03,0.04,0.07,0.03,0.07,Matches
1399,Ben Gannon-Doak,sct SCO,FW,Bournemouth,eng Premier League,20-053,2005,4,0,57,0.6,0.00,1.67,1.67,0.00,0.00,0.00,0.00,0.00,0.17,0.17,1.00,1.17,6.67,1.67,16.7,0.00,1.58,1.58,0.00,1.58,0.14,0.91,01.04,0.14,01.04,Matches
1400,Facundo Garcés,my MAS,DF,Alavés,es La Liga,26-120,1999,6,6,540,6.0,0.00,0.00,0.00,0.00,0.00,0.00,0.33,0.00,0.02,0.02,0.00,0.02,0.00,0.67,0.17,0.00,0.00,0.00,0.00,0.00,0.02,0.00,0.02,0.02,0.02,Matches
Rk,Player,Nation,Pos,Squad,Comp,Age,Born,MP,Starts,Min,90s,Gls,Ast,G+A,G-PK,PK,PKatt,CrdY,CrdR,xG,npxG,xAG,npxG+xAG,PrgC,PrgP,PrgR,Gls,Ast,G+A,G-PK,G+A-PK,xG,xAG,xG+xAG,npxG,npxG+xAG,Matches
1401,Aleix García,es ESP,MF,Leverkusen,de Bundesliga,28-189,1997,15,14,"1,231",13.7,0.00,0.29,0.29,0.00,0.00,0.00,0.15,0.00,0.07,0.07,0.16,0.23,1.31,08.03,2.34,0.00,0.29,0.29,0.00,0.29,0.06,0.16,0.22,0.06,0.22,Matches
1402,Andrés García,es ESP,DF,Aston Villa,eng Premier League,22-330,2003,1,0,30,0.3,0.00,0.00,0.00,0.00,0.00,0.00,0.00,0.00,0.00,0.00,0.00,0.00,3.33,3.33,13.3,0.00,0.00,0.00,0.00,0.00,0.00,0.00,0.00,0.00,0.00,Matches
1403,Fran Garcia,es ESP,DF,Real Madrid,es La Liga,26-142,1999,6,5,411,4.6,0.00,0.00,0.00,0.00,0.00,0.00,0.43,0.22,0.04,0.04,0.02,0.07,2.17,2.39,11.3,0.00,0.00,0.00,0.00,0.00,0.04,0.01,0.06,0.04,0.06,Matches
1404,Gonzalo García,es ESP,"FW,MF",Real Madrid,es La Liga,21-285,2004,13,1,178,2.0,0.00,0.00,0.00,0.00,0.00,0.00,0.00,0.00,0.65,0.65,0.15,0.80,0.00,2.00,3.00,0.00,0.00,0.00,0.00,0.00,0.64,0.14,0.79,0.64,0.79,Matches
1405,Joan García,es ESP,GK,Barcelona,es La Liga,24-244,2001,12,12,"1,08",12.0,0.00,0.00,0.00,0.00,0.00,0.00,0.08,0.00,0.00,0.00,0.00,0.00,0.00,0.00,0.00,0.00,0.00,0.00,0.00,0.00,0.00,0.00,0.00,0.00,0.00,Matches
1406,Pablo Garcia,es ESP,FW,Betis,es La Liga,19-204,2006,10,2,295,3.3,0.00,0.00,0.00,0.00,0.00,0.00,0.30,0.00,0.33,0.33,0.03,0.33,3.64,1.82,8.79,0.00,0.00,0.00,0.00,0.00,0.32,0.02,0.34,0.32,0.34,Matches
1407,Ulisses Garcia,ch SUI,DF,Marseille,fr Ligue 1,29-357,1996,4,2,211,2.3,0.00,0.00,0.00,0.00,0.00,0.00,0.43,0.43,0.04,0.04,0.04,0.09,1.74,2.17,03.04,0.00,0.00,0.00,0.00,0.00,0.03,0.03,0.07,0.03,0.07,Matches
1408,Víctor García,es ESP,"DF,MF",Levante,es La Liga,28-109,1997,10,4,351,3.9,0.00,0.00,0.00,0.00,0.00,0.00,0.00,0.00,0.05,0.05,0.08,0.10,2.82,1.79,4.87,0.00,0.00,0.00,0.00,0.00,0.04,0.07,0.11,0.04,0.11,Matches
1409,Gavi,es ESP,"MF,DF",Barcelona,es La Liga,21-151,2004,2,0,67,0.7,0.00,1.43,1.43,0.00,0.00,0.00,0.00,0.00,0.00,0.00,0.29,0.29,1.43,15.7,4.29,0.00,1.34,1.34,0.00,1.34,0.00,0.23,0.23,0.00,0.23,Matches
1410,Jusuf Gazibegović,ba BIH,DF,Köln,de Bundesliga,25-298,2000,1,0,23,0.3,0.00,0.00,0.00,0.00,0.00,0.00,0.00,0.00,0.00,0.00,0.00,0.00,3.33,0.00,0.00,0.00,0.00,0.00,0.00,0.00,0.00,0.00,0.00,0.00,0.00,Matches
1411,Paulo Gazzaniga,ar ARG,GK,Girona,es La Liga,34-001,1992,16,16,"1,392",15.5,0.00,0.00,0.00,0.00,0.00,0.00,0.13,0.06,0.00,0.00,0.00,0.00,0.00,0.00,0.00,0.00,0.00,0.00,0.00,0.00,0.00,0.00,0.00,0.00,0.00,Matches
1412,David de Gea,es ESP,GK,Fiorentina,it Serie A,35-057,1990,17,17,"1,53",17.0,0.00,0.00,0.00,0.00,0.00,0.00,0.00,0.00,0.00,0.00,0.00,0.00,0.00,0.00,0.00,0.00,0.00,0.00,0.00,0.00,0.00,0.00,0.00,0.00,0.00,Matches
1413,Lutsharel Geertruida,nl NED,"DF,MF",Sunderland,eng Premier League,25-169,2000,15,8,810,9.0,0.00,0.00,0.00,0.00,0.00,0.00,0.00,0.00,0.08,0.08,0.02,0.10,0.67,3.00,0.33,0.00,0.00,0.00,0.00,0.00,0.08,0.02,0.10,0.08,0.10,Matches
1414,Valentin Gendrey,fr FRA,"DF,MF",Hoffenheim,de Bundesliga,25-196,2000,2,0,6,0.1,0.00,0.00,0.00,0.00,0.00,0.00,0.00,0.00,0.00,0.00,0.00,0.00,0.00,0.00,10.0,0.00,0.00,0.00,0.00,0.00,0.00,0.00,0.00,0.00,0.00,Matches
1415,Tyrique George,eng ENG,FW,Chelsea,eng Premier League,19-333,2006,4,0,145,1.6,0.00,0.00,0.00,0.00,0.00,0.00,1.25,0.00,0.19,0.19,0.00,0.19,0.63,2.50,6.25,0.00,0.00,0.00,0.00,0.00,0.20,0.00,0.20,0.20,0.20,Matches
1416,Yannick Gerhardt,de GER,MF,Wolfsburg,de Bundesliga,31-296,1994,6,5,416,4.6,0.00,0.00,0.00,0.00,0.00,0.00,0.00,0.00,0.04,0.04,0.04,0.09,0.43,2.17,2.17,0.00,0.00,0.00,0.00,0.00,0.05,0.04,0.08,0.05,0.08,Matches
1417,Ismaël Gharbi,tn TUN,MF,Augsburg,de Bundesliga,21-268,2004,4,0,63,0.7,0.00,0.00,0.00,0.00,0.00,0.00,0.00,0.00,0.29,0.29,0.00,0.29,2.86,4.29,5.71,0.00,0.00,0.00,0.00,0.00,0.25,0.03,0.29,0.25,0.29,Matches
1418,Mourad El Ghezouani,ma MAR,FW,Elche,es La Liga,27-221,1998,2,0,50,0.6,0.00,0.00,0.00,0.00,0.00,0.00,0.00,0.00,0.17,0.17,0.00,0.17,0.00,1.67,6.67,0.00,0.00,0.00,0.00,0.00,0.12,0.04,0.15,0.12,0.15,Matches
1419,Rachid Ghezzal,dz ALG,FW,Lyon,fr Ligue 1,33-239,1992,7,1,142,1.6,0.00,0.00,0.00,0.00,0.00,0.00,0.00,0.00,0.06,0.06,0.00,0.06,1.25,2.50,5.63,0.00,0.00,0.00,0.00,0.00,0.06,0.00,0.06,0.06,0.06,Matches
1420,Daniele Ghilardi,it ITA,DF,Roma,it Serie A,22-362,2003,4,0,42,0.5,0.00,0.00,0.00,0.00,0.00,0.00,0.00,0.00,0.00,0.00,0.00,0.00,2.00,2.00,6.00,0.00,0.00,0.00,0.00,0.00,0.00,0.00,0.00,0.00,0.00,Matches
1421,Andrea Ghion,it ITA,"FW,MF",Sassuolo,it Serie A,25-314,2000,1,0,10,0.1,0.00,0.00,0.00,0.00,0.00,0.00,0.00,0.00,0.00,0.00,0.00,0.00,0.00,0.00,0.00,0.00,0.00,0.00,0.00,0.00,0.00,0.00,0.00,0.00,0.00,Matches
1422,Bryan Gil,es ESP,"FW,MF",Girona,es La Liga,24-326,2001,14,8,700,7.8,0.00,0.38,0.38,0.00,0.00,0.00,0.51,0.00,0.22,0.22,0.15,0.37,4.62,2.31,8.21,0.00,0.39,0.39,0.00,0.39,0.22,0.16,0.38,0.22,0.38,Matches
1423,Mario Gila,es ESP,DF,Lazio,it Serie A,25-127,2000,16,16,"1,383",15.4,0.00,0.00,0.00,0.00,0.00,0.00,0.19,0.06,0.03,0.03,0.01,0.04,0.52,2.92,0.32,0.00,0.00,0.00,0.00,0.00,0.03,0.00,0.04,0.03,0.04,Matches
1424,Benedikt Gimber,de GER,"DF,MF",Heidenheim,de Bundesliga,28-318,1997,10,8,588,6.5,0.00,0.00,0.00,0.00,0.00,0.00,0.46,0.00,0.00,0.00,0.02,0.02,0.31,2.15,0.31,0.00,0.00,0.00,0.00,0.00,0.00,0.02,0.02,0.00,0.02,Matches
1425,Santiago Giménez,mx MEX,FW,Milan,it Serie A,24-260,2001,9,8,621,6.9,0.00,0.00,0.00,0.00,0.00,0.00,0.14,0.00,0.41,0.41,0.01,0.43,0.87,0.58,4.20,0.00,0.00,0.00,0.00,0.00,0.41,0.02,0.43,0.41,0.43,Matches
1426,Gvidas Gineitis,lt LTU,MF,Torino,it Serie A,21-263,2004,12,6,481,5.3,0.00,0.00,0.00,0.00,0.00,0.00,0.00,0.00,0.02,0.02,0.19,0.21,1.32,3.21,4.15,0.00,0.00,0.00,0.00,0.00,0.02,0.20,0.21,0.02,0.21,Matches
1427,Matthias Ginter,de GER,DF,Freiburg,de Bundesliga,31-349,1994,15,15,"1,35",15.0,0.00,0.07,0.07,0.00,0.00,0.00,0.07,0.00,0.07,0.07,0.07,0.13,0.53,5.40,0.53,0.00,0.07,0.07,0.00,0.07,0.06,0.07,0.13,0.06,0.13,Matches
1428,Jamie Gittens,eng ENG,FW,Chelsea,eng Premier League,21-148,2004,14,4,453,5.0,0.00,0.40,0.40,0.00,0.00,0.00,0.00,0.00,0.16,0.16,0.14,0.32,5.60,1.60,8.40,0.00,0.40,0.40,0.00,0.40,0.16,0.15,0.31,0.16,0.31,Matches
1429,Wilfried Gnonto,it ITA,"FW,MF",Leeds United,eng Premier League,22-059,2003,10,4,312,3.5,0.00,0.29,0.29,0.00,0.00,0.00,0.57,0.00,0.06,0.06,0.17,0.23,2.00,3.14,6.00,0.00,0.29,0.29,0.00,0.29,0.06,0.16,0.22,0.06,0.22,Matches
1430,Giorgi Gocholeishvili,ge GEO,MF,Hamburger SV,de Bundesliga,24-323,2001,12,8,664,7.4,0.00,0.14,0.14,0.00,0.00,0.00,0.27,0.14,0.08,0.08,0.05,0.14,2.43,1.35,3.51,0.00,0.14,0.14,0.00,0.14,0.08,0.05,0.13,0.08,0.13,Matches
1431,Maxima Goffi,fr FRA,DF,Lille,fr Ligue 1,17-345,2008,1,0,39,0.4,0.00,0.00,0.00,0.00,0.00,0.00,0.00,0.00,0.00,0.00,0.00,0.00,0.00,5.00,2.50,0.00,0.00,0.00,0.00,0.00,0.00,0.00,0.00,0.00,0.00,Matches
1432,Saba Goglichidze,ge GEO,DF,Udinese,it Serie A,21-192,2004,7,4,422,4.7,0.00,0.00,0.00,0.00,0.00,0.00,0.43,0.00,0.04,0.04,0.02,0.06,01.06,04.04,0.43,0.00,0.00,0.00,0.00,0.00,0.05,0.02,0.07,0.05,0.07,Matches
1433,Edoardo Goldaniga,it ITA,DF,Como,it Serie A,32-062,1993,1,0,1,0.0,0,0,0,0,0,0,0,0,0.0,0.0,0.0,0.0,0,0,0,0.00,0.00,0.00,0.00,0.00,0.00,0.00,0.00,0.00,0.00,Matches
1434,André Gomes,pt POR,MF,Lille,fr Ligue 1,32-157,1993,2,0,8,0.1,0.00,0.00,0.00,0.00,0.00,0.00,0.00,0.00,0.00,0.00,0.00,0.00,0.00,30.0,0.00,0.00,0.00,0.00,0.00,0.00,0.00,0.00,0.00,0.00,0.00,Matches
1435,João Gomes,br BRA,MF,Wolves,eng Premier League,24-325,2001,18,16,"1,459",16.2,0.00,0.00,0.00,0.00,0.00,0.00,0.37,0.00,0.03,0.03,0.02,0.05,1.54,4.81,1.79,0.00,0.00,0.00,0.00,0.00,0.03,0.02,0.05,0.03,0.05,Matches
Rk,Player,Nation,Pos,Squad,Comp,Age,Born,MP,Starts,Min,90s,Gls,Ast,G+A,G-PK,PK,PKatt,CrdY,CrdR,xG,npxG,xAG,npxG+xAG,PrgC,PrgP,PrgR,Gls,Ast,G+A,G-PK,G+A-PK,xG,xAG,xG+xAG,npxG,npxG+xAG,Matches
1436,Toti Gomes,pt POR,DF,Wolves,eng Premier League,26-352,1999,13,12,949,10.5,0.00,0.00,0.00,0.00,0.00,0.00,0.19,0.10,0.00,0.00,0.02,0.02,0.57,2.19,0.29,0.00,0.00,0.00,0.00,0.00,0.00,0.01,0.02,0.00,0.02,Matches
1437,Joe Gomez,eng ENG,DF,Liverpool,eng Premier League,28-225,1997,8,3,249,2.8,0.00,0.71,0.71,0.00,0.00,0.00,0.71,0.00,0.07,0.07,0.25,0.32,0.71,3.57,4.64,0.00,0.72,0.72,0.00,0.72,0.07,0.24,0.31,0.07,0.31,Matches
1438,Moi Gómez,es ESP,MF,Osasuna,es La Liga,31-194,1994,13,9,813,9.0,0.00,0.00,0.00,0.00,0.00,0.00,0.11,0.00,0.02,0.02,0.08,0.10,1.22,8.78,2.11,0.00,0.00,0.00,0.00,0.00,0.02,0.08,0.10,0.02,0.10,Matches
1439,Sergio Gómez,es ESP,DF,Real Sociedad,es La Liga,25-121,2000,17,13,"1,192",13.2,0.00,0.00,0.00,0.00,0.00,0.00,0.08,0.00,0.06,0.06,0.17,0.23,1.36,5.00,4.62,0.00,0.00,0.00,0.00,0.00,0.06,0.17,0.22,0.06,0.22,Matches
1440,Unai Gómez,es ESP,"FW,MF",Athletic Club,es La Liga,22-223,2003,11,2,316,3.5,0.00,0.00,0.00,0.00,0.00,0.00,0.00,0.00,0.14,0.14,0.06,0.20,1.14,2.00,5.14,0.00,0.00,0.00,0.00,0.00,0.15,0.06,0.21,0.15,0.21,Matches
1441,Rafael Gonçalves,pt POR,MF,Strasbourg,fr Ligue 1,20-319,2005,6,3,239,2.7,0.00,0.00,0.00,0.00,0.00,0.00,0.00,0.00,0.04,0.04,0.04,0.04,1.48,5.56,0.37,0.00,0.00,0.00,0.00,0.00,0.02,0.02,0.04,0.02,0.04,Matches
1442,Nicolás González,ar ARG,"MF,DF",Juventus,it Serie A,27-272,1998,2,0,19,0.2,0.00,0.00,0.00,0.00,0.00,0.00,0.00,0.00,0.50,0.50,0.50,1.00,0.00,5.00,5.00,0.00,0.00,0.00,0.00,0.00,0.63,0.32,0.95,0.63,0.95,Matches
1443,Urko González,es ESP,MF,Espanyol,es La Liga,24-289,2001,15,9,892,9.9,0.00,0.10,0.10,0.00,0.00,0.00,0.30,0.00,0.02,0.02,0.01,0.04,0.51,3.23,0.71,0.00,0.10,0.10,0.00,0.10,0.02,0.01,0.04,0.02,0.04,Matches
1444,Urko González,es ESP,MF,Real Sociedad,es La Liga,24-289,2001,1,0,11,0.1,0.00,0.00,0.00,0.00,0.00,0.00,0.00,0.00,0.00,0.00,0.00,0.00,0.00,10.0,0.00,0.00,0.00,0.00,0.00,0.00,0.00,0.00,0.00,0.00,0.00,Matches
1445,Leon Goretzka,de GER,MF,Bayern Munich,de Bundesliga,30-331,1995,14,12,861,9.6,0.00,0.00,0.00,0.00,0.00,0.00,0.42,0.00,0.06,0.06,0.13,0.20,02.08,8.44,1.98,0.00,0.00,0.00,0.00,0.00,0.06,0.13,0.19,0.06,0.19,Matches
1446,Andoni Gorosabel,es ESP,DF,Athletic Club,es La Liga,29-152,1996,8,5,415,4.6,0.00,0.22,0.22,0.00,0.00,0.00,0.43,0.00,0.04,0.04,0.07,0.11,2.17,4.78,7.39,0.00,0.22,0.22,0.00,0.22,0.04,0.06,0.10,0.04,0.10,Matches
1447,Olaf Gorter,nl NED,MF,Lecce,it Serie A,20-337,2005,1,0,1,0.0,0,0,0,0,0,0,0,0,0.0,0.0,0.0,0.0,0,0,0,0.00,0.00,0.00,0.00,0.00,0.00,0.00,0.00,0.00,0.00,Matches
1448,Mikel Goti,es ESP,MF,Real Sociedad,es La Liga,23-225,2002,4,1,76,0.8,0.00,0.00,0.00,0.00,0.00,0.00,0.00,0.00,0.37,0.37,0.00,0.37,2.50,7.50,8.75,0.00,0.00,0.00,0.00,0.00,0.41,0.00,0.41,0.41,0.41,Matches
1449,Mario Götze,de GER,MF,Eint Frankfurt,de Bundesliga,33-214,1992,11,3,420,4.7,0.00,0.00,0.00,0.00,0.00,0.00,0.00,0.00,0.09,0.09,0.21,0.32,01.06,2.98,6.81,0.00,0.00,0.00,0.00,0.00,0.09,0.22,0.32,0.09,0.32,Matches
1450,Tiago Gouveia,pt POR,"DF,MF",Nice,fr Ligue 1,24-199,2001,9,4,375,4.2,0.00,0.00,0.00,0.00,0.00,0.00,0.24,0.00,0.10,0.10,0.00,0.12,1.43,1.19,5.24,0.00,0.00,0.00,0.00,0.00,0.10,0.01,0.11,0.10,0.11,Matches
1451,Jeffrey Gouweleeuw,nl NED,DF,Augsburg,de Bundesliga,34-177,1991,5,4,365,4.1,0.00,0.00,0.00,0.00,0.00,0.00,0.49,0.00,0.02,0.02,0.05,0.07,0.24,3.90,0.49,0.00,0.00,0.00,0.00,0.00,0.02,0.04,0.06,0.02,0.06,Matches
1452,Kamil Grabara,pl POL,GK,Wolfsburg,de Bundesliga,26-360,1999,15,15,"1,35",15.0,0.00,0.00,0.00,0.00,0.00,0.00,0.07,0.00,0.00,0.00,0.01,0.01,0.00,0.00,0.00,0.00,0.00,0.00,0.00,0.00,0.00,0.00,0.01,0.00,0.01,Matches
1453,Jonathan Gradit,fr FRA,DF,Lens,fr Ligue 1,33-040,1992,10,10,807,9.0,0.00,0.00,0.00,0.00,0.00,0.00,0.22,0.11,0.01,0.01,0.01,0.02,0.78,4.11,0.22,0.00,0.00,0.00,0.00,0.00,0.01,0.01,0.02,0.01,0.02,Matches
1454,Alberto Grassi,it ITA,MF,Cremonese,it Serie A,30-302,1995,11,5,578,6.4,0.00,0.00,0.00,0.00,0.00,0.00,0.47,0.00,0.02,0.02,0.00,0.02,0.47,2.97,0.78,0.00,0.00,0.00,0.00,0.00,0.01,0.00,0.01,0.01,0.01,Matches
1455,Dominik Greif,sk SVK,GK,Lyon,fr Ligue 1,28-272,1997,12,12,"1,08",12.0,0.00,0.08,0.08,0.00,0.00,0.00,0.00,0.00,0.00,0.00,0.01,0.01,0.00,0.08,0.00,0.00,0.08,0.08,0.00,0.08,0.00,0.01,0.01,0.00,0.01,Matches
1456,Pascal Groß,de GER,MF,Dortmund,de Bundesliga,34-202,1991,11,7,613,6.8,0.00,0.15,0.15,0.00,0.00,0.00,0.00,0.00,0.09,0.09,0.16,0.25,1.91,10.0,7.50,0.00,0.15,0.15,0.00,0.15,0.09,0.16,0.25,0.09,0.25,Matches
1457,Ilia Gruev,bg BUL,MF,Leeds United,eng Premier League,25-242,2000,10,5,484,5.4,0.00,0.00,0.00,0.00,0.00,0.00,0.19,0.00,0.00,0.00,0.04,0.04,0.37,3.52,0.37,0.00,0.00,0.00,0.00,0.00,0.00,0.03,0.03,0.00,0.03,Matches
1458,Albert Grønbaek,dk DEN,"FW,MF",Genoa,it Serie A,24-225,2001,4,1,103,1.1,0.00,0.00,0.00,0.00,0.00,0.00,0.91,0.00,0.00,0.00,0.27,0.27,0.91,5.45,3.64,0.00,0.00,0.00,0.00,0.00,0.03,0.25,0.28,0.03,0.28,Matches
1459,Gabriel Gudmundsson,se SWE,DF,Leeds United,eng Premier League,26-249,1999,19,18,"1,56",17.3,0.00,0.00,0.00,0.00,0.00,0.00,0.12,0.00,0.05,0.05,0.10,0.16,2.77,3.24,3.93,0.00,0.00,0.00,0.00,0.00,0.05,0.11,0.16,0.05,0.16,Matches
1460,Javier Guerra,es ESP,MF,Valencia,es La Liga,23-002,2003,17,12,946,10.5,0.00,0.19,0.19,0.00,0.00,0.00,0.19,0.00,0.10,0.10,0.14,0.25,1.81,5.14,2.38,0.00,0.19,0.19,0.00,0.19,0.10,0.15,0.25,0.10,0.25,Matches
1461,Daniel Guerrero,es ESP,MF,Betis,es La Liga,20-161,2005,1,0,1,0.0,0,0,0,0,0,0,0,0,0.0,0.0,0.0,0.0,0,0,1,0.00,0.00,0.00,0.00,0.00,0.00,0.00,0.00,0.00,0.00,Matches
1462,Ismaël Guerti,fr FRA,MF,Metz,fr Ligue 1,21-157,2004,3,0,27,0.3,0.00,0.00,0.00,0.00,0.00,0.00,0.00,0.00,0.00,0.00,0.00,0.00,13.3,3.33,3.33,0.00,0.00,0.00,0.00,0.00,0.00,0.00,0.00,0.00,0.00,Matches
1463,Evann Guessand,ci CIV,FW,Aston Villa,eng Premier League,24-186,2001,12,6,515,5.7,0.00,0.18,0.18,0.00,0.00,0.00,0.00,0.00,0.18,0.18,0.11,0.28,2.11,1.40,4.91,0.00,0.17,0.17,0.00,0.17,0.17,0.11,0.28,0.17,0.28,Matches
1464,Idrissa Guèye,sn SEN,"MF,FW",Udinese,it Serie A,19-109,2006,2,0,41,0.5,0.00,0.00,0.00,0.00,0.00,0.00,0.00,0.00,0.00,0.00,0.00,0.00,0.00,0.00,4.00,0.00,0.00,0.00,0.00,0.00,0.00,0.00,0.00,0.00,0.00,Matches
1465,Idrissa Guèye,sn SEN,FW,Metz,fr Ligue 1,19-109,2006,3,1,132,1.5,0.00,0.00,0.00,0.00,0.00,0.00,0.00,0.00,0.07,0.07,0.00,0.07,0.67,0.00,3.33,0.00,0.00,0.00,0.00,0.00,0.07,0.00,0.07,0.07,0.07,Matches
1466,Luis Guilherme,br BRA,"FW,MF",West Ham,eng Premier League,19-328,2006,5,1,125,1.4,0.00,0.00,0.00,0.00,0.00,0.00,0.00,0.00,0.07,0.07,0.00,0.07,1.43,1.43,3.57,0.00,0.00,0.00,0.00,0.00,0.05,0.02,0.07,0.05,0.07,Matches
1467,Daouda Guindo,ml MLI,DF,Brest,fr Ligue 1,23-081,2002,10,5,524,5.8,0.00,0.00,0.00,0.00,0.00,0.00,0.17,0.00,0.02,0.02,0.07,0.09,0.86,1.90,3.79,0.00,0.00,0.00,0.00,0.00,0.02,0.06,0.08,0.02,0.08,Matches
1468,Marc Guiu,es ESP,FW,Sunderland,eng Premier League,19-364,2006,2,0,15,0.2,0.00,0.00,0.00,0.00,0.00,0.00,0.00,0.00,0.00,0.00,0.00,0.00,0.00,5.00,5.00,0.00,0.00,0.00,0.00,0.00,0.14,0.00,0.14,0.14,0.14,Matches
1469,Marc Guiu,es ESP,FW,Chelsea,eng Premier League,19-364,2006,7,1,238,2.6,0.00,0.38,0.38,0.00,0.00,0.00,0.38,0.00,0.54,0.54,0.38,0.92,0.77,0.77,5.00,0.00,0.38,0.38,0.00,0.38,0.54,0.37,0.92,0.54,0.92,Matches
1470,Péter Gulácsi,hu HUN,GK,RB Leipzig,de Bundesliga,35-242,1990,15,15,"1,35",15.0,0.00,0.00,0.00,0.00,0.00,0.00,0.00,0.00,0.00,0.00,0.00,0.00,0.00,0.00,0.00,0.00,0.00,0.00,0.00,0.00,0.00,0.00,0.00,0.00,0.00,Matches
Rk,Player,Nation,Pos,Squad,Comp,Age,Born,MP,Starts,Min,90s,Gls,Ast,G+A,G-PK,PK,PKatt,CrdY,CrdR,xG,npxG,xAG,npxG+xAG,PrgC,PrgP,PrgR,Gls,Ast,G+A,G-PK,G+A-PK,xG,xAG,xG+xAG,npxG,npxG+xAG,Matches
1471,Gerard Gumbau,es ESP,MF,Rayo Vallecano,es La Liga,31-016,1994,12,2,261,2.9,0.00,0.34,0.34,0.00,0.00,0.00,0.34,0.00,0.07,0.07,0.07,0.14,02.07,4.48,2.41,0.00,0.34,0.34,0.00,0.34,0.07,0.09,0.15,0.07,0.15,Matches
1472,Christian Günter,de GER,DF,Freiburg,de Bundesliga,32-309,1993,10,6,542,6.0,0.00,0.33,0.33,0.00,0.00,0.00,0.17,0.00,0.05,0.05,0.10,0.17,1.17,3.00,4.67,0.00,0.33,0.33,0.00,0.33,0.06,0.11,0.16,0.06,0.16,Matches
1473,Jon Guridi,es ESP,"MF,FW",Alavés,es La Liga,30-309,1995,11,5,389,4.3,0.00,0.00,0.00,0.00,0.00,0.00,0.00,0.00,0.21,0.21,0.00,0.21,02.09,4.88,3.72,0.00,0.00,0.00,0.00,0.00,0.21,0.00,0.21,0.21,0.21,Matches
1474,Miguel Gutiérrez,es ESP,"DF,MF",Napoli,it Serie A,24-160,2001,9,3,349,3.9,0.00,0.00,0.00,0.00,0.00,0.00,0.00,0.00,0.03,0.03,0.08,0.10,1.28,4.87,4.87,0.00,0.00,0.00,0.00,0.00,0.02,0.08,0.10,0.02,0.10,Matches
1475,Janik Haberer,de GER,"MF,DF",Union Berlin,de Bundesliga,31-276,1994,14,9,753,8.4,0.00,0.12,0.12,0.00,0.00,0.00,0.60,0.00,0.06,0.06,0.06,0.11,0.95,2.98,1.31,0.00,0.12,0.12,0.00,0.12,0.06,0.06,0.11,0.06,0.11,Matches
1476,Robin Hack,de GER,"FW,MF",Gladbach,de Bundesliga,27-129,1998,4,3,248,2.8,0.00,0.00,0.00,0.00,0.00,0.00,0.00,0.00,0.18,0.18,0.25,0.43,2.86,6.43,8.21,0.00,0.00,0.00,0.00,0.00,0.17,0.25,0.42,0.17,0.42,Matches
1477,Lewis Hall,eng ENG,DF,Newcastle Utd,eng Premier League,21-117,2004,12,8,792,8.8,0.00,0.11,0.11,0.00,0.00,0.00,0.11,0.00,0.05,0.05,0.08,0.13,1.70,06.02,04.09,0.00,0.11,0.11,0.00,0.11,0.05,0.08,0.13,0.05,0.13,Matches
1478,Adil Hamdani,fr FRA,FW,Lyon,fr Ligue 1,16-347,2009,1,0,6,0.1,0.00,0.00,0.00,0.00,0.00,0.00,0.00,0.00,0.00,0.00,0.00,0.00,0.00,10.0,10.0,0.00,0.00,0.00,0.00,0.00,0.22,0.00,0.22,0.22,0.22,Matches
1479,Pierre-Yves Hamel,fr FRA,FW,Paris FC,fr Ligue 1,31-334,1994,2,1,78,0.9,0.00,0.00,0.00,0.00,0.00,0.00,0.00,0.00,0.00,0.00,0.00,0.00,0.00,0.00,2.22,0.00,0.00,0.00,0.00,0.00,0.00,0.00,0.00,0.00,0.00,Matches
1480,Andreas Hanche-Olsen,no NOR,DF,Mainz 05,de Bundesliga,28-351,1997,13,8,851,9.5,0.00,0.11,0.11,0.00,0.00,0.00,0.32,0.00,0.03,0.03,0.05,0.09,0.53,03.05,0.11,0.00,0.11,0.11,0.00,0.11,0.03,0.06,0.09,0.03,0.09,Matches
1481,Dávid Hancko,sk SVK,DF,Atlético Madrid,es La Liga,28-021,1997,18,16,"1,442",16.0,0.00,0.13,0.13,0.00,0.00,0.00,0.00,0.00,0.04,0.04,0.11,0.15,1.75,6.19,2.94,0.00,0.12,0.12,0.00,0.12,0.04,0.11,0.15,0.04,0.15,Matches
1482,Florent Hanin,dz ALG,DF,Angers,fr Ligue 1,35-333,1990,11,4,405,4.5,0.00,0.00,0.00,0.00,0.00,0.00,0.00,0.00,0.00,0.00,0.07,0.07,1.78,2.44,1.78,0.00,0.00,0.00,0.00,0.00,0.01,0.06,0.07,0.01,0.07,Matches
1483,Isak Hansen-Aarøen,no NOR,FW,Werder Bremen,de Bundesliga,21-134,2004,1,0,2,0.0,0,0,0,0,0,0,0,0,0.0,0.0,0.0,0.0,1,1,1,0.00,0.00,0.00,0.00,0.00,0.00,0.00,0.00,0.00,0.00,Matches
1484,Jack Harrison,eng ENG,"FW,DF",Leeds United,eng Premier League,29-044,1996,11,1,269,3.0,0.00,0.00,0.00,0.00,0.00,0.00,0.00,0.00,0.10,0.10,0.13,0.23,2.67,3.33,5.67,0.00,0.00,0.00,0.00,0.00,0.09,0.13,0.23,0.09,0.23,Matches
1485,Abdou Harroui,nl NED,"MF,FW",Hellas Verona,it Serie A,27-355,1998,8,2,152,1.7,0.00,0.00,0.00,0.00,0.00,0.00,0.00,0.00,0.12,0.12,0.00,0.12,2.35,1.18,2.35,0.00,0.00,0.00,0.00,0.00,0.12,0.00,0.12,0.12,0.12,Matches
1486,Quilindschy Hartman,nl NED,DF,Burnley,eng Premier League,24-050,2001,15,15,"1,337",14.9,0.00,0.27,0.27,0.00,0.00,0.00,0.07,0.00,0.01,0.01,0.10,0.11,0.40,2.95,2.89,0.00,0.27,0.27,0.00,0.27,0.01,0.10,0.11,0.01,0.11,Matches
1487,Haissem Hassan,fr FRA,"FW,MF",Oviedo,es La Liga,23-329,2002,16,9,907,10.1,0.00,0.10,0.10,0.00,0.00,0.00,0.10,0.00,0.11,0.11,0.07,0.17,6.63,2.77,5.54,0.00,0.10,0.10,0.00,0.10,0.11,0.07,0.17,0.11,0.17,Matches
1488,Hans Hateboer,nl NED,DF,Rennes,fr Ligue 1,31-359,1994,1,0,22,0.2,0.00,0.00,0.00,0.00,0.00,0.00,0.00,0.00,0.00,0.00,0.00,0.00,5.00,10.0,5.00,0.00,0.00,0.00,0.00,0.00,0.00,0.00,0.00,0.00,0.00,Matches
1489,Hans Hateboer,nl NED,DF,Lyon,fr Ligue 1,31-359,1994,5,3,224,2.5,0.00,0.00,0.00,0.00,0.00,0.00,0.00,0.40,0.24,0.24,0.00,0.24,2.00,3.60,8.40,0.00,0.00,0.00,0.00,0.00,0.24,0.00,0.24,0.24,0.24,Matches
1490,Jorrel Hato,nl NED,DF,Chelsea,eng Premier League,19-302,2006,4,2,168,1.9,0.00,0.00,0.00,0.00,0.00,0.00,01.05,0.00,0.00,0.00,0.00,0.00,0.00,2.11,0.53,0.00,0.00,0.00,0.00,0.00,0.00,0.00,0.00,0.00,0.00,Matches
1491,Kai Havertz,de GER,FW,Arsenal,eng Premier League,26-206,1999,1,0,31,0.3,0.00,0.00,0.00,0.00,0.00,0.00,0.00,0.00,0.00,0.00,0.00,0.00,3.33,6.67,6.67,0.00,0.00,0.00,0.00,0.00,0.00,0.00,0.00,0.00,0.00,Matches
1492,Ayden Heaven,eng ENG,DF,Manchester Utd,eng Premier League,19-103,2006,8,6,487,5.4,0.00,0.19,0.19,0.00,0.00,0.00,0.19,0.00,0.02,0.02,0.07,0.07,0.37,2.41,0.37,0.00,0.18,0.18,0.00,0.18,0.01,0.07,0.08,0.01,0.08,Matches
1493,Torbjørn Heggem,no NOR,DF,Bologna,it Serie A,26-356,1999,13,12,"1,097",12.2,0.00,0.00,0.00,0.00,0.00,0.00,0.00,0.08,0.05,0.05,0.00,0.05,0.66,2.21,0.00,0.00,0.00,0.00,0.00,0.00,0.05,0.00,0.05,0.05,0.05,Matches
1494,Dominique Heintz,de GER,DF,Köln,de Bundesliga,32-141,1993,7,5,375,4.2,0.00,0.00,0.00,0.00,0.00,0.00,0.00,0.00,0.00,0.00,0.05,0.05,0.71,4.52,0.48,0.00,0.00,0.00,0.00,0.00,0.00,0.04,0.04,0.00,0.04,Matches
1495,George Hemmings,eng ENG,MF,Aston Villa,eng Premier League,18-305,2007,1,0,9,0.1,0.00,0.00,0.00,0.00,0.00,0.00,0.00,0.00,0.00,0.00,0.00,0.00,0.00,0.00,0.00,0.00,0.00,0.00,0.00,0.00,0.00,0.00,0.00,0.00,0.00,Matches
1496,Dean Henderson,eng ENG,GK,Crystal Palace,eng Premier League,28-297,1997,19,19,"1,71",19.0,0.00,0.00,0.00,0.00,0.00,0.00,0.11,0.00,0.00,0.00,0.00,0.00,0.00,0.16,0.00,0.00,0.00,0.00,0.00,0.00,0.00,0.00,0.00,0.00,0.00,Matches
1497,Ramon Hendriks,nl NED,DF,Stuttgart,de Bundesliga,24-169,2001,12,7,639,7.1,0.00,0.00,0.00,0.00,0.00,0.00,0.14,0.00,0.01,0.01,0.00,0.01,1.55,3.66,2.25,0.00,0.00,0.00,0.00,0.00,0.02,0.01,0.02,0.02,0.02,Matches
1498,Luis Henrique,br BRA,DF,Inter,it Serie A,24-020,2001,11,6,537,6.0,0.00,0.17,0.17,0.00,0.00,0.00,0.00,0.00,0.05,0.05,0.13,0.20,2.50,3.50,5.17,0.00,0.17,0.17,0.00,0.17,0.06,0.14,0.19,0.06,0.19,Matches
1499,Rico Henry,jm JAM,DF,Brentford,eng Premier League,28-179,1997,15,5,614,6.8,0.00,0.00,0.00,0.00,0.00,0.00,0.29,0.00,0.03,0.03,0.01,0.04,2.50,2.65,4.41,0.00,0.00,0.00,0.00,0.00,0.02,0.02,0.04,0.02,0.04,Matches
1500,Pharell Hensel,de GER,MF,Wolfsburg,de Bundesliga,18-300,2007,3,0,3,0.0,0,0,0,0,0,0,0,0,0.0,0.0,0.0,0.0,0,0,0,0.00,0.00,0.00,0.00,0.00,0.00,0.00,0.00,0.00,0.00,Matches
1501,Mads Hermansen,dk DEN,GK,West Ham,eng Premier League,25-176,2000,4,4,360,4.0,0.00,0.00,0.00,0.00,0.00,0.00,0.00,0.00,0.00,0.00,0.00,0.00,0.00,0.00,0.00,0.00,0.00,0.00,0.00,0.00,0.00,0.00,0.00,0.00,0.00,Matches
1502,Lucas Hernández,fr FRA,DF,Paris S-G,fr Ligue 1,29-323,1996,11,10,857,9.5,0.00,0.11,0.11,0.00,0.00,0.00,0.21,0.00,0.02,0.02,0.04,0.05,0.84,05.05,0.53,0.00,0.11,0.11,0.00,0.11,0.02,0.04,0.06,0.02,0.06,Matches
1503,Hernani,br BRA,"MF,DF",Parma,it Serie A,31-282,1994,4,0,73,0.8,0.00,0.00,0.00,0.00,0.00,0.00,0.00,0.00,0.00,0.00,0.00,0.13,1.25,3.75,3.75,0.00,0.00,0.00,0.00,0.00,0.03,0.06,0.08,0.03,0.08,Matches
1504,Jorge Herrando,es ESP,DF,Osasuna,es La Liga,24-309,2001,13,6,583,6.5,0.00,0.00,0.00,0.00,0.00,0.00,0.00,0.00,0.05,0.05,0.00,0.05,0.15,1.69,0.31,0.00,0.00,0.00,0.00,0.00,0.04,0.00,0.04,0.04,0.04,Matches
1505,Sergio Herrera,es ESP,GK,Osasuna,es La Liga,32-212,1993,17,17,"1,53",17.0,0.00,0.00,0.00,0.00,0.00,0.00,0.06,0.00,0.00,0.00,0.00,0.00,0.00,0.24,0.00,0.00,0.00,0.00,0.00,0.00,0.00,0.00,0.00,0.00,0.00,Matches
Rk,Player,Nation,Pos,Squad,Comp,Age,Born,MP,Starts,Min,90s,Gls,Ast,G+A,G-PK,PK,PKatt,CrdY,CrdR,xG,npxG,xAG,npxG+xAG,PrgC,PrgP,PrgR,Gls,Ast,G+A,G-PK,G+A-PK,xG,xAG,xG+xAG,npxG,npxG+xAG,Matches
1506,Yangel Herrera,ve VEN,MF,Girona,es La Liga,27-354,1998,2,2,110,1.2,0.00,0.00,0.00,0.00,0.00,0.00,0.00,0.00,0.00,0.00,0.00,0.00,1.67,1.67,2.50,0.00,0.00,0.00,0.00,0.00,0.03,0.00,0.03,0.03,0.03,Matches
1507,Yangel Herrera,ve VEN,MF,Real Sociedad,es La Liga,27-354,1998,2,2,88,1.0,0.00,0.00,0.00,0.00,0.00,0.00,1.00,0.00,0.30,0.30,0.00,0.30,3.00,2.00,2.00,0.00,0.00,0.00,0.00,0.00,0.26,0.00,0.26,0.26,0.26,Matches
1508,Charles Herrmann,de GER,MF,Gladbach,de Bundesliga,19-347,2006,1,0,5,0.1,0.00,10.0,10.0,0.00,0.00,0.00,0.00,0.00,0.00,0.00,2.00,2.00,0.00,0.00,20.0,0.00,18.00,18.00,0.00,18.00,0.00,3.64,3.64,0.00,3.64,Matches
1509,Daniel Heuer Fernandes,pt POR,GK,Hamburger SV,de Bundesliga,33-051,1992,15,15,"1,35",15.0,0.00,0.00,0.00,0.00,0.00,0.00,0.07,0.00,0.02,0.02,0.00,0.02,0.00,0.13,0.00,0.00,0.00,0.00,0.00,0.00,0.02,0.00,0.02,0.02,0.02,Matches
1510,Aaron Hickey,sct SCO,DF,Brentford,eng Premier League,23-207,2002,11,5,430,4.8,0.00,0.00,0.00,0.00,0.00,0.00,0.21,0.00,0.08,0.08,0.00,0.08,0.42,2.71,2.29,0.00,0.00,0.00,0.00,0.00,0.08,0.00,0.08,0.08,0.08,Matches
1511,Omar El Hilali,ma MAR,DF,Espanyol,es La Liga,22-113,2003,17,14,"1,255",13.9,0.00,0.14,0.14,0.00,0.00,0.00,0.29,0.00,0.00,0.00,0.09,0.09,0.94,4.17,1.58,0.00,0.14,0.14,0.00,0.14,0.00,0.09,0.09,0.00,0.09,Matches
1512,James Hill,eng ENG,DF,Bournemouth,eng Premier League,23-358,2002,10,3,396,4.4,0.00,0.00,0.00,0.00,0.00,0.00,0.23,0.00,0.05,0.05,0.00,0.05,0.68,3.86,1.82,0.00,0.00,0.00,0.00,0.00,0.03,0.00,0.03,0.03,0.03,Matches
1513,Piero Hincapié,ec ECU,DF,Arsenal,eng Premier League,23-359,2002,10,8,745,8.3,0.00,0.00,0.00,0.00,0.00,0.00,0.24,0.00,0.00,0.00,0.06,0.06,0.96,2.89,1.45,0.00,0.00,0.00,0.00,0.00,0.00,0.06,0.06,0.00,0.06,Matches
1514,Piero Hincapié,ec ECU,DF,Leverkusen,de Bundesliga,23-359,2002,1,1,90,1.0,0.00,0.00,0.00,0.00,0.00,0.00,0.00,0.00,0.40,0.40,0.00,0.40,2.00,8.00,1.00,0.00,0.00,0.00,0.00,0.00,0.38,0.00,0.38,0.38,0.38,Matches
1515,Adam Hložek,cz CZE,"FW,MF",Hoffenheim,de Bundesliga,23-162,2002,3,0,24,0.3,0.00,0.00,0.00,0.00,0.00,0.00,0.00,0.00,0.33,0.33,0.00,0.33,0.00,3.33,10.0,0.00,0.00,0.00,0.00,0.00,0.33,0.00,0.33,0.33,0.33,Matches
1516,Ki-Jana Hoever,nl NED,"DF,MF",Wolves,eng Premier League,23-350,2002,8,6,425,4.7,0.00,0.00,0.00,0.00,0.00,0.00,0.00,0.00,0.00,0.00,0.11,0.11,1.91,2.77,4.89,0.00,0.00,0.00,0.00,0.00,0.00,0.10,0.10,0.00,0.10,Matches
1517,Nicolas Höfler,de GER,MF,Freiburg,de Bundesliga,35-300,1990,4,0,42,0.5,0.00,0.00,0.00,0.00,0.00,0.00,0.00,0.00,0.20,0.20,0.00,0.20,0.00,10.0,2.00,0.00,0.00,0.00,0.00,0.00,0.13,0.00,0.13,0.13,0.13,Matches
1518,Malthe Hojholt,dk DEN,MF,Pisa,it Serie A,24-262,2001,5,2,205,2.3,0.00,0.00,0.00,0.00,0.00,0.00,0.43,0.00,0.09,0.09,0.00,0.09,0.43,1.74,0.43,0.00,0.00,0.00,0.00,0.00,0.08,0.00,0.08,0.08,0.08,Matches
1519,Benedict Hollerbach,de GER,"FW,MF",Mainz 05,de Bundesliga,24-231,2001,11,10,693,7.7,0.00,0.26,0.26,0.00,0.00,0.00,0.00,0.00,0.09,0.09,0.14,0.23,2.60,1.17,07.01,0.00,0.26,0.26,0.00,0.26,0.10,0.14,0.24,0.10,0.24,Matches
1520,Franck Honorat,fr FRA,"FW,MF",Gladbach,de Bundesliga,29-145,1996,9,8,677,7.5,0.00,0.40,0.40,0.00,0.00,0.00,0.00,0.00,0.07,0.07,0.44,0.51,2.93,3.20,11.2,0.00,0.40,0.40,0.00,0.40,0.06,0.44,0.51,0.06,0.51,Matches
1521,Mathias Honsak,at AUT,"FW,MF",Heidenheim,de Bundesliga,29-014,1996,12,8,648,7.2,0.00,0.00,0.00,0.00,0.00,0.00,0.00,0.00,0.18,0.18,0.04,0.21,1.53,1.39,4.72,0.00,0.00,0.00,0.00,0.00,0.18,0.04,0.21,0.18,0.21,Matches
1522,Ali Houary,ma MAR,MF,Elche,es La Liga,20-151,2005,2,2,123,1.4,0.00,0.00,0.00,0.00,0.00,0.00,0.00,0.00,0.07,0.07,0.00,0.07,1.43,2.86,0.00,0.00,0.00,0.00,0.00,0.00,0.05,0.00,0.05,0.05,0.05,Matches
1523,Lukáš Hrádecký,fi FIN,GK,Monaco,fr Ligue 1,36-040,1989,7,7,618,6.9,0.00,0.00,0.00,0.00,0.00,0.00,0.00,0.00,0.00,0.00,0.00,0.00,0.00,0.14,0.00,0.00,0.00,0.00,0.00,0.00,0.00,0.00,0.00,0.00,0.00,Matches
1524,Robin Hranáč,cz CZE,DF,Hoffenheim,de Bundesliga,25-339,2000,15,15,"1,315",14.6,0.00,0.00,0.00,0.00,0.00,0.00,0.21,0.00,0.05,0.05,0.00,0.06,0.14,2.88,0.07,0.00,0.00,0.00,0.00,0.00,0.06,0.00,0.06,0.06,0.06,Matches
1525,Timo Hübers,de GER,DF,Köln,de Bundesliga,29-167,1996,8,8,675,7.5,0.00,0.00,0.00,0.00,0.00,0.00,0.00,0.00,0.00,0.00,0.00,0.00,0.67,2.00,0.27,0.00,0.00,0.00,0.00,0.00,0.00,0.00,0.00,0.00,0.00,Matches
1526,Will Hughes,eng ENG,MF,Crystal Palace,eng Premier League,30-261,1995,16,8,694,7.7,0.00,0.00,0.00,0.00,0.00,0.00,0.52,0.00,0.05,0.05,0.09,0.14,0.52,5.19,1.30,0.00,0.00,0.00,0.00,0.00,0.05,0.09,0.14,0.05,0.14,Matches
1527,Trai Hume,nir NIR,"DF,MF",Sunderland,eng Premier League,23-291,2002,19,17,"1,563",17.4,0.00,0.06,0.06,0.00,0.00,0.00,0.23,0.00,0.04,0.04,0.05,0.09,01.03,2.93,2.47,0.00,0.06,0.06,0.00,0.06,0.04,0.05,0.09,0.04,0.09,Matches
1528,Bashir Humphreys,eng ENG,DF,Burnley,eng Premier League,22-294,2003,3,1,169,1.9,0.00,0.00,0.00,0.00,0.00,0.00,0.00,0.00,0.05,0.05,0.00,0.05,2.11,4.21,01.05,0.00,0.00,0.00,0.00,0.00,0.07,0.00,0.07,0.07,0.07,Matches
1529,Denis Huseinbasic,ba BIH,MF,Köln,de Bundesliga,24-184,2001,12,7,608,6.8,0.00,0.00,0.00,0.00,0.00,0.00,0.15,0.00,0.06,0.06,0.04,0.10,02.06,4.71,0.44,0.00,0.00,0.00,0.00,0.00,0.06,0.04,0.10,0.06,0.10,Matches
1530,Kwon Hyeokkyu,kr KOR,MF,Nantes,fr Ligue 1,24-296,2001,12,9,753,8.4,0.00,0.00,0.00,0.00,0.00,0.00,0.24,0.00,0.01,0.01,0.00,0.01,0.12,1.55,0.36,0.00,0.00,0.00,0.00,0.00,0.01,0.00,0.01,0.01,0.01,Matches
1531,Elseid Hysaj,al ALB,DF,Lazio,it Serie A,31-317,1994,3,1,154,1.7,0.00,0.00,0.00,0.00,0.00,0.00,0.00,0.00,0.00,0.00,0.00,0.00,0.59,4.71,2.35,0.00,0.00,0.00,0.00,0.00,0.00,0.00,0.00,0.00,0.00,Matches
1532,Hong Hyunseok,kr KOR,MF,Nantes,fr Ligue 1,26-201,1999,6,3,284,3.2,0.00,0.00,0.00,0.00,0.00,0.00,0.00,0.00,0.16,0.16,0.00,0.16,0.31,2.19,2.50,0.00,0.00,0.00,0.00,0.00,0.15,0.01,0.15,0.15,0.15,Matches
1533,Lucas Høgsberg,dk DEN,DF,Strasbourg,fr Ligue 1,19-194,2006,10,10,839,9.3,0.00,0.00,0.00,0.00,0.00,0.00,0.22,0.11,0.01,0.01,0.01,0.02,0.00,3.87,0.00,0.00,0.00,0.00,0.00,0.00,0.01,0.01,0.02,0.01,0.02,Matches
1534,Oscar Højlund,dk DEN,MF,Eint Frankfurt,de Bundesliga,20-364,2005,10,1,270,3.0,0.00,0.33,0.33,0.00,0.00,0.00,0.33,0.00,0.00,0.00,0.07,0.07,0.67,4.00,1.67,0.00,0.33,0.33,0.00,0.33,0.00,0.05,0.05,0.00,0.05,Matches
1535,Arijon Ibrahimović,de GER,"MF,FW",Heidenheim,de Bundesliga,20-023,2005,15,12,"1,095",12.2,0.00,0.16,0.16,0.00,0.00,0.00,0.08,0.00,0.21,0.21,0.16,0.39,2.87,4.18,5.74,0.00,0.16,0.16,0.00,0.16,0.22,0.17,0.38,0.22,0.38,Matches
1536,Stanis Idumbo,be BEL,MF,Sevilla,es La Liga,20-188,2005,1,1,45,0.5,0.00,0.00,0.00,0.00,0.00,0.00,0.00,0.00,0.00,0.00,0.20,0.20,8.00,2.00,4.00,0.00,0.00,0.00,0.00,0.00,0.07,0.16,0.23,0.07,0.23,Matches
1537,Stanis Idumbo,be BEL,"MF,DF",Monaco,fr Ligue 1,20-188,2005,6,0,147,1.6,0.00,0.63,0.63,0.00,0.00,0.00,0.00,0.00,0.25,0.25,0.19,0.44,1.88,1.88,6.25,0.00,0.61,0.61,0.00,0.61,0.26,0.18,0.44,0.26,0.44,Matches
1538,Jay Idzes,id IDN,DF,Sassuolo,it Serie A,25-215,2000,16,16,"1,44",16.0,0.00,0.00,0.00,0.00,0.00,0.00,0.06,0.00,0.00,0.00,0.00,0.00,0.69,02.06,0.06,0.00,0.00,0.00,0.00,0.00,0.00,0.00,0.00,0.00,0.00,Matches
1539,Igor,br BRA,DF,West Ham,eng Premier League,27-330,1998,4,1,105,1.2,0.00,0.00,0.00,0.00,0.00,0.00,0.00,0.00,0.00,0.00,0.00,0.00,0.00,0.00,0.83,0.00,0.00,0.00,0.00,0.00,0.00,0.03,0.03,0.00,0.03,Matches
1540,Jonathan Ikone,fr FRA,"FW,MF",Paris FC,fr Ligue 1,27-246,1998,8,2,230,2.6,0.00,0.00,0.00,0.00,0.00,0.00,0.38,0.00,0.15,0.15,0.19,0.35,2.31,1.92,6.54,0.00,0.00,0.00,0.00,0.00,0.14,0.21,0.35,0.14,0.35,Matches
Rk,Player,Nation,Pos,Squad,Comp,Age,Born,MP,Starts,Min,90s,Gls,Ast,G+A,G-PK,PK,PKatt,CrdY,CrdR,xG,npxG,xAG,npxG+xAG,PrgC,PrgP,PrgR,Gls,Ast,G+A,G-PK,G+A-PK,xG,xAG,xG+xAG,npxG,npxG+xAG,Matches
1541,Andrej Ilic,rs SRB,FW,Union Berlin,de Bundesliga,25-275,2000,14,10,915,10.2,0.00,0.69,0.69,0.00,0.00,0.10,0.29,0.00,0.36,0.28,0.22,0.50,0.59,1.18,4.61,0.00,0.69,0.69,0.00,0.69,0.36,0.22,0.58,0.28,0.50,Matches
1542,Ivan Ilić,rs SRB,MF,Torino,it Serie A,24-292,2001,7,5,393,4.4,0.00,0.00,0.00,0.00,0.00,0.00,0.45,0.00,0.00,0.00,0.16,0.16,0.68,3.18,2.27,0.00,0.00,0.00,0.00,0.00,0.00,0.17,0.17,0.00,0.17,Matches
1543,Emirhan İlkhan,tr TUR,MF,Torino,it Serie A,21-216,2004,3,1,69,0.8,0.00,0.00,0.00,0.00,0.00,0.00,0.00,0.00,0.00,0.00,0.00,0.00,3.75,2.50,0.00,0.00,0.00,0.00,0.00,0.00,0.06,0.00,0.06,0.06,0.06,Matches
1544,Ciro Immobile,it ITA,FW,Bologna,it Serie A,35-317,1990,2,1,50,0.6,0.00,0.00,0.00,0.00,0.00,0.00,0.00,0.00,0.00,0.00,0.00,0.00,1.67,0.00,1.67,0.00,0.00,0.00,0.00,0.00,0.00,0.00,0.00,0.00,0.00,Matches
1545,Cyriaque Irié,bf BFA,FW,Freiburg,de Bundesliga,20-197,2005,1,0,31,0.3,0.00,0.00,0.00,0.00,0.00,0.00,3.33,0.00,0.00,0.00,0.00,0.00,0.00,6.67,20.0,0.00,0.00,0.00,0.00,0.00,0.09,0.00,0.09,0.09,0.09,Matches
1546,Tim Iroegbunam,eng ENG,MF,Everton,eng Premier League,22-187,2003,15,9,763,8.5,0.00,0.12,0.12,0.00,0.00,0.00,0.71,0.00,0.02,0.02,0.05,0.07,0.94,03.06,1.76,0.00,0.12,0.12,0.00,0.12,0.02,0.05,0.07,0.02,0.07,Matches
1547,Jackson Irvine,au AUS,MF,St. Pauli,de Bundesliga,32-302,1993,8,5,435,4.8,0.00,0.00,0.00,0.00,0.00,0.00,0.00,0.00,0.08,0.08,0.06,0.15,0.83,5.00,3.96,0.00,0.00,0.00,0.00,0.00,0.08,0.06,0.14,0.08,0.14,Matches
1548,Andy Irving,sct SCO,MF,West Ham,eng Premier League,25-235,2000,7,2,158,1.8,0.00,0.00,0.00,0.00,0.00,0.00,0.00,0.00,0.00,0.00,0.17,0.17,1.11,6.67,1.11,0.00,0.00,0.00,0.00,0.00,0.00,0.15,0.15,0.00,0.15,Matches
1549,Isco,es ESP,MF,Betis,es La Liga,33-257,1992,1,0,31,0.3,0.00,3.33,3.33,0.00,0.00,0.00,0.00,0.00,0.33,0.33,0.67,0.67,6.67,13.3,3.33,0.00,2.90,2.90,0.00,2.90,0.24,0.45,0.69,0.24,0.69,Matches
1550,Ardian Ismajli,al ALB,DF,Torino,it Serie A,29-095,1996,11,8,775,8.6,0.00,0.00,0.00,0.00,0.00,0.00,0.23,0.00,0.03,0.03,0.02,0.06,0.23,2.79,0.70,0.00,0.00,0.00,0.00,0.00,0.03,0.03,0.06,0.03,0.06,Matches
1551,Franco Israel,uy URU,GK,Torino,it Serie A,25-256,2000,9,9,810,9.0,0.00,0.00,0.00,0.00,0.00,0.00,0.11,0.00,0.00,0.00,0.00,0.00,0.00,0.11,0.00,0.00,0.00,0.00,0.00,0.00,0.00,0.00,0.00,0.00,0.00,Matches
1552,Hiroki Ito,jp JPN,DF,Bayern Munich,de Bundesliga,26-236,1999,4,2,148,1.6,0.00,0.63,0.63,0.00,0.00,0.00,0.00,0.00,0.19,0.19,0.06,0.19,0.63,7.50,6.25,0.00,0.61,0.61,0.00,0.61,0.17,0.04,0.20,0.17,0.20,Matches
1553,Urko Izeta,es ESP,"MF,FW",Athletic Club,es La Liga,26-096,1999,6,0,58,0.6,0.00,0.00,0.00,0.00,0.00,0.00,1.67,0.00,0.17,0.17,0.00,0.33,6.67,1.67,8.33,0.00,0.00,0.00,0.00,0.00,0.23,0.02,0.25,0.23,0.25,Matches
1554,Jairo Izquierdo,es ESP,"MF,DF",Elche,es La Liga,32-073,1993,1,0,24,0.3,0.00,0.00,0.00,0.00,0.00,0.00,0.00,0.00,0.00,0.00,0.00,0.00,3.33,0.00,10.0,0.00,0.00,0.00,0.00,0.00,0.00,0.00,0.00,0.00,0.00,Matches
1555,Jérémy Jacquet,fr FRA,DF,Rennes,fr Ligue 1,20-174,2005,15,15,"1,333",14.8,0.00,0.00,0.00,0.00,0.00,0.00,0.34,0.07,0.05,0.05,0.01,0.06,0.41,2.84,0.00,0.00,0.00,0.00,0.00,0.00,0.05,0.01,0.06,0.05,0.06,Matches
1556,Karl Jakob Hein,ee EST,GK,Werder Bremen,de Bundesliga,23-265,2002,2,2,180,2.0,0.00,0.00,0.00,0.00,0.00,0.00,0.00,0.00,0.00,0.00,0.00,0.00,0.00,0.00,0.00,0.00,0.00,0.00,0.00,0.00,0.00,0.00,0.00,0.00,0.00,Matches
1557,Daniel James,wls WAL,FW,Leeds United,eng Premier League,28-054,1997,10,4,354,3.9,0.00,0.00,0.00,0.00,0.00,0.00,0.00,0.00,0.18,0.18,0.15,0.36,4.36,2.56,10.5,0.00,0.00,0.00,0.00,0.00,0.19,0.16,0.35,0.19,0.35,Matches
1558,Vitaly Janelt,de GER,MF,Brentford,eng Premier League,27-238,1998,14,5,586,6.5,0.00,0.15,0.15,0.00,0.00,0.00,0.31,0.00,0.08,0.08,0.12,0.20,0.46,4.77,0.92,0.00,0.15,0.15,0.00,0.15,0.08,0.12,0.20,0.08,0.20,Matches
1559,Mathis Jangeal,fr FRA,MF,Paris S-G,fr Ligue 1,17-193,2008,1,0,11,0.1,0.00,0.00,0.00,0.00,0.00,0.00,0.00,0.00,0.00,0.00,0.00,0.00,0.00,10.0,0.00,0.00,0.00,0.00,0.00,0.00,0.00,0.00,0.00,0.00,0.00,Matches
1560,Adnan Januzaj,be BEL,"FW,MF",Sevilla,es La Liga,30-332,1995,8,2,190,2.1,0.00,0.00,0.00,0.00,0.00,0.00,0.48,0.00,0.05,0.05,0.10,0.14,5.24,8.57,6.19,0.00,0.00,0.00,0.00,0.00,0.03,0.11,0.13,0.03,0.13,Matches
1561,Luca Jaquez,ch SUI,DF,Stuttgart,de Bundesliga,22-215,2003,5,5,410,4.6,0.00,0.22,0.22,0.00,0.00,0.00,0.22,0.00,0.02,0.02,0.17,0.20,0.87,6.52,0.65,0.00,0.22,0.22,0.00,0.22,0.01,0.18,0.19,0.01,0.19,Matches
1562,Ardon Jashari,ch SUI,"MF,FW",Milan,it Serie A,23-157,2002,2,0,38,0.4,0.00,0.00,0.00,0.00,0.00,0.00,0.00,0.00,0.00,0.00,0.00,0.00,0.00,10.0,5.00,0.00,0.00,0.00,0.00,0.00,0.04,0.00,0.04,0.04,0.04,Matches
1563,Bakery Jatta,gm GAM,"MF,DF",Hamburger SV,de Bundesliga,27-211,1998,3,1,125,1.4,0.00,0.00,0.00,0.00,0.00,0.00,0.00,0.00,0.14,0.14,0.07,0.14,1.43,1.43,2.14,0.00,0.00,0.00,0.00,0.00,0.13,0.04,0.17,0.13,0.17,Matches
1564,Finn Jeltsch,de GER,DF,Stuttgart,de Bundesliga,19-170,2006,9,8,675,7.5,0.00,0.13,0.13,0.00,0.00,0.00,0.27,0.00,0.03,0.03,0.01,0.04,01.07,3.33,0.67,0.00,0.13,0.13,0.00,0.13,0.02,0.01,0.04,0.02,0.04,Matches
1565,Moritz Jenz,de GER,DF,Wolfsburg,de Bundesliga,26-248,1999,8,8,720,8.0,0.00,0.00,0.00,0.00,0.00,0.00,0.38,0.00,0.03,0.03,0.01,0.04,0.00,1.50,0.00,0.00,0.00,0.00,0.00,0.00,0.03,0.01,0.04,0.03,0.04,Matches
1566,Juan Jesus,br BRA,DF,Napoli,it Serie A,34-207,1991,11,8,720,8.0,0.00,0.00,0.00,0.00,0.00,0.00,0.50,0.00,0.01,0.01,0.00,0.01,1.00,4.00,0.00,0.00,0.00,0.00,0.00,0.00,0.01,0.00,0.02,0.01,0.02,Matches
1567,Álex Jiménez,es ESP,"DF,FW",Bournemouth,eng Premier League,20-240,2005,15,11,979,10.9,0.00,0.00,0.00,0.00,0.00,0.00,0.37,0.00,0.05,0.05,0.03,0.07,3.94,4.13,3.58,0.00,0.00,0.00,0.00,0.00,0.04,0.03,0.07,0.04,0.07,Matches
1568,Álex Jiménez,es ESP,DF,Milan,it Serie A,20-240,2005,1,0,45,0.5,0.00,0.00,0.00,0.00,0.00,0.00,2.00,0.00,0.00,0.00,0.40,0.40,4.00,4.00,0.00,0.00,0.00,0.00,0.00,0.00,0.00,0.49,0.49,0.00,0.49,Matches
1569,David Jiménez,es ESP,DF,Real Madrid,es La Liga,21-295,2004,1,0,1,0.0,0,0,0,0,0,0,0,0,0.0,0.0,0.0,0.0,0,0,0,0.00,0.00,0.00,0.00,0.00,0.00,0.00,0.00,0.00,0.00,Matches
1570,Jamaldeen Jimoh,eng ENG,MF,Aston Villa,eng Premier League,19-093,2006,1,0,9,0.1,0.00,0.00,0.00,0.00,0.00,0.00,0.00,0.00,0.00,0.00,0.00,0.00,0.00,0.00,0.00,0.00,0.00,0.00,0.00,0.00,0.00,0.00,0.00,0.00,0.00,Matches
1571,Jofre,es ESP,"MF,FW",Espanyol,es La Liga,24-200,2001,10,4,352,3.9,0.00,0.00,0.00,0.00,0.00,0.00,0.00,0.00,0.05,0.05,0.05,0.08,5.13,1.28,6.15,0.00,0.00,0.00,0.00,0.00,0.04,0.05,0.09,0.04,0.09,Matches
1572,Þórir Jóhann Helgason,is ISL,MF,Lecce,it Serie A,25-097,2000,4,1,94,1.0,0.00,0.00,0.00,0.00,0.00,0.00,0.00,0.00,0.10,0.10,0.10,0.20,1.00,1.00,4.00,0.00,0.00,0.00,0.00,0.00,0.11,0.06,0.17,0.11,0.17,Matches
1573,John,br BRA,GK,Nott'ham Forest,eng Premier League,29-324,1996,4,4,360,4.0,0.00,0.00,0.00,0.00,0.00,0.00,0.25,0.00,0.00,0.00,0.00,0.00,0.00,0.00,0.00,0.00,0.00,0.00,0.00,0.00,0.00,0.00,0.00,0.00,0.00,Matches
1574,Dennis Johnsen,no NOR,"MF,FW",Cremonese,it Serie A,27-320,1998,7,3,240,2.7,0.00,0.37,0.37,0.00,0.00,0.00,0.00,0.00,0.04,0.04,0.11,0.15,2.59,1.85,5.93,0.00,0.37,0.37,0.00,0.37,0.02,0.11,0.13,0.02,0.13,Matches
1575,Karl-Johan Johnsson,se SWE,GK,Strasbourg,fr Ligue 1,35-340,1990,1,1,90,1.0,0.00,0.00,0.00,0.00,0.00,0.00,0.00,0.00,0.00,0.00,0.00,0.00,0.00,0.00,0.00,0.00,0.00,0.00,0.00,0.00,0.00,0.00,0.00,0.00,0.00,Matches
Rk,Player,Nation,Pos,Squad,Comp,Age,Born,MP,Starts,Min,90s,Gls,Ast,G+A,G-PK,PK,PKatt,CrdY,CrdR,xG,npxG,xAG,npxG+xAG,PrgC,PrgP,PrgR,Gls,Ast,G+A,G-PK,G+A-PK,xG,xAG,xG+xAG,npxG,npxG+xAG,Matches
1576,Sam Johnstone,eng ENG,GK,Wolves,eng Premier League,32-284,1993,12,12,"1,08",12.0,0.00,0.00,0.00,0.00,0.00,0.00,0.00,0.00,0.00,0.00,0.00,0.00,0.00,0.08,0.00,0.00,0.00,0.00,0.00,0.00,0.00,0.00,0.00,0.00,0.00,Matches
1577,Curtis Jones,eng ENG,MF,Liverpool,eng Premier League,24-338,2001,17,8,888,9.9,0.00,0.00,0.00,0.00,0.00,0.00,0.10,0.00,0.06,0.06,0.08,0.13,3.23,10.3,3.43,0.00,0.00,0.00,0.00,0.00,0.06,0.08,0.14,0.06,0.14,Matches
1578,Frenkie de Jong,nl NED,MF,Barcelona,es La Liga,28-236,1997,13,10,955,10.6,0.00,0.28,0.28,0.00,0.00,0.00,0.28,0.09,0.04,0.04,0.19,0.23,2.92,9.91,1.98,0.00,0.28,0.28,0.00,0.28,0.04,0.19,0.23,0.04,0.23,Matches
1579,Joan Jordán,es ESP,MF,Sevilla,es La Liga,31-181,1994,2,0,15,0.2,0.00,0.00,0.00,0.00,0.00,0.00,0.00,0.00,0.00,0.00,0.00,0.00,5.00,15.0,5.00,0.00,0.00,0.00,0.00,0.00,0.00,0.00,0.00,0.00,0.00,Matches
1580,Josan,es ESP,"DF,MF",Elche,es La Liga,36-031,1989,9,3,307,3.4,0.00,0.59,0.59,0.00,0.00,0.00,0.59,0.00,0.09,0.09,0.68,0.76,3.82,3.24,12.6,0.00,0.59,0.59,0.00,0.59,0.08,0.69,0.77,0.08,0.77,Matches
1581,Lazar Jovanović,rs SRB,"FW,MF",Stuttgart,de Bundesliga,19-034,2006,3,0,40,0.4,0.00,0.00,0.00,0.00,0.00,0.00,0.00,0.00,0.25,0.25,0.25,0.50,7.50,2.50,5.00,0.00,0.00,0.00,0.00,0.00,0.16,0.24,0.40,0.16,0.40,Matches
1582,Juanmi,es ESP,"FW,DF",Getafe,es La Liga,32-228,1993,6,0,126,1.4,0.00,0.00,0.00,0.00,0.00,0.00,0.00,0.00,0.07,0.07,0.07,0.14,0.71,0.71,4.29,0.00,0.00,0.00,0.00,0.00,0.05,0.07,0.12,0.05,0.12,Matches
1583,Abdulai Juma Bah,sl SLE,DF,Nice,fr Ligue 1,19-267,2006,12,10,900,10.0,0.00,0.00,0.00,0.00,0.00,0.00,0.40,0.00,0.05,0.05,0.04,0.09,0.20,1.90,0.20,0.00,0.00,0.00,0.00,0.00,0.05,0.04,0.09,0.05,0.09,Matches
1584,Anthony Jung,de GER,DF,Freiburg,de Bundesliga,34-061,1991,6,3,298,3.3,0.00,0.00,0.00,0.00,0.00,0.00,0.61,0.00,0.00,0.00,0.15,0.15,0.61,2.73,0.00,0.00,0.00,0.00,0.00,0.00,0.00,0.16,0.16,0.00,0.16,Matches
1585,Luiz Lúcio Reis Júnior,br BRA,GK,Villarreal,es La Liga,24-354,2001,13,13,"1,17",13.0,0.00,0.00,0.00,0.00,0.00,0.00,0.23,0.00,0.00,0.00,0.00,0.00,0.00,0.00,0.00,0.00,0.00,0.00,0.00,0.00,0.00,0.00,0.00,0.00,0.00,Matches
1586,Hamed Junior Traorè,ci CIV,MF,Bournemouth,eng Premier League,25-321,2000,1,0,17,0.2,0.00,5.00,5.00,0.00,0.00,0.00,0.00,0.00,0.00,0.00,1.00,1.00,0.00,0.00,0.00,0.00,5.29,5.29,0.00,5.29,0.00,1.10,1.10,0.00,1.10,Matches
1587,Hamed Junior Traorè,ci CIV,"MF,FW",Marseille,fr Ligue 1,25-321,2000,1,1,85,0.9,0.00,0.00,0.00,0.00,0.00,0.00,0.00,0.00,0.56,0.56,0.00,0.56,2.22,1.11,2.22,0.00,0.00,0.00,0.00,0.00,0.54,0.00,0.54,0.54,0.54,Matches
1588,Josip Juranović,hr CRO,DF,Union Berlin,de Bundesliga,30-140,1995,3,0,46,0.5,0.00,0.00,0.00,0.00,0.00,0.00,2.00,0.00,0.00,0.00,0.00,0.00,2.00,0.00,4.00,0.00,0.00,0.00,0.00,0.00,0.04,0.04,0.08,0.04,0.08,Matches
1589,James Justin,eng ENG,DF,Leeds United,eng Premier League,27-314,1998,10,2,257,2.9,0.00,0.00,0.00,0.00,0.00,0.00,0.34,0.00,0.00,0.00,0.00,0.00,0.34,2.41,01.03,0.00,0.00,0.00,0.00,0.00,0.00,0.00,0.00,0.00,0.00,Matches
1590,Filip Jørgensen,dk DEN,GK,Chelsea,eng Premier League,23-262,2002,1,0,84,0.9,0.00,0.00,0.00,0.00,0.00,0.00,0.00,0.00,0.00,0.00,0.00,0.00,0.00,0.00,0.00,0.00,0.00,0.00,0.00,0.00,0.00,0.00,0.00,0.00,0.00,Matches
1591,Mohamed Kaba,fr FRA,"MF,FW",Lecce,it Serie A,24-068,2001,11,2,357,4.0,0.00,0.00,0.00,0.00,0.00,0.00,0.00,0.00,0.10,0.10,0.00,0.10,1.50,4.25,5.00,0.00,0.00,0.00,0.00,0.00,0.10,0.01,0.11,0.10,0.11,Matches
1592,Ferdi Kadioglu,tr TUR,"DF,FW",Brighton,eng Premier League,26-088,1999,18,15,"1,425",15.8,0.00,0.00,0.00,0.00,0.00,0.00,0.25,0.00,0.04,0.04,0.06,0.10,3.16,4.62,4.75,0.00,0.00,0.00,0.00,0.00,0.05,0.05,0.10,0.05,0.10,Matches
1593,Sasa Kalajdzic,at AUT,FW,Wolves,eng Premier League,28-180,1997,1,0,15,0.2,0.00,0.00,0.00,0.00,0.00,0.00,0.00,0.00,0.00,0.00,0.00,0.00,0.00,0.00,10.0,0.00,0.00,0.00,0.00,0.00,0.00,0.00,0.00,0.00,0.00,Matches
1594,Arnaud Kalimuendo,fr FRA,FW,Nott'ham Forest,eng Premier League,23-348,2002,8,0,89,1.0,0.00,0.00,0.00,0.00,0.00,0.00,0.00,0.00,0.40,0.40,0.00,0.40,4.00,2.00,14.0,0.00,0.00,0.00,0.00,0.00,0.36,0.01,0.37,0.36,0.37,Matches
1595,Justin-Noël Kalumba,fr FRA,"FW,MF",Angers,fr Ligue 1,21-009,2004,4,3,224,2.5,0.00,0.00,0.00,0.00,0.00,0.00,0.00,0.00,0.00,0.00,0.08,0.08,4.40,6.00,10.4,0.00,0.00,0.00,0.00,0.00,0.01,0.08,0.09,0.01,0.09,Matches
1596,Daichi Kamada,jp JPN,MF,Crystal Palace,eng Premier League,29-151,1996,14,14,"1,164",12.9,0.00,0.00,0.00,0.00,0.00,0.00,0.08,0.00,0.07,0.07,0.09,0.16,1.55,4.57,03.02,0.00,0.00,0.00,0.00,0.00,0.07,0.09,0.16,0.07,0.16,Matches
1597,Warren Kamanzi,no NOR,"DF,MF",Toulouse,fr Ligue 1,25-053,2000,13,2,346,3.8,0.00,0.00,0.00,0.00,0.00,0.00,0.00,0.00,0.11,0.11,0.08,0.18,3.68,5.00,4.21,0.00,0.00,0.00,0.00,0.00,0.11,0.07,0.18,0.11,0.18,Matches
1598,Abu Kamara,eng ENG,"MF,FW",Getafe,es La Liga,22-166,2003,9,1,196,2.2,0.00,0.00,0.00,0.00,0.00,0.00,0.45,0.00,0.18,0.18,0.05,0.23,04.09,1.82,7.27,0.00,0.00,0.00,0.00,0.00,0.18,0.03,0.21,0.18,0.21,Matches
1599,Bingourou Kamara,sn SEN,GK,Lorient,fr Ligue 1,29-074,1996,3,3,270,3.0,0.00,0.00,0.00,0.00,0.00,0.00,0.00,0.00,0.00,0.00,0.00,0.00,0.00,0.00,0.00,0.00,0.00,0.00,0.00,0.00,0.00,0.00,0.00,0.00,0.00,Matches
1600,Glen Kamara,fi FIN,"MF,FW",Rennes,fr Ligue 1,30-067,1995,2,0,26,0.3,0.00,0.00,0.00,0.00,0.00,0.00,0.00,0.00,0.00,0.00,0.00,0.00,0.00,3.33,0.00,0.00,0.00,0.00,0.00,0.00,0.00,0.00,0.00,0.00,0.00,Matches
1601,Hassane Kamara,ci CIV,DF,Udinese,it Serie A,31-304,1994,11,8,757,8.4,0.00,0.12,0.12,0.00,0.00,0.00,0.24,0.00,0.05,0.05,0.13,0.18,2.86,4.17,5.24,0.00,0.12,0.12,0.00,0.12,0.05,0.13,0.18,0.05,0.18,Matches
1602,Kevin Kampl,si SVN,MF,RB Leipzig,de Bundesliga,35-086,1990,3,0,3,0.0,0,0,0,0,0,0,0,0,0.0,0.0,0.0,0.0,0,0,0,0.00,0.00,0.00,0.00,0.00,0.00,0.00,0.00,0.00,0.00,Matches
1603,Mohamadou Kanté,fr FRA,"FW,MF",West Ham,eng Premier League,20-105,2005,3,0,19,0.2,0.00,0.00,0.00,0.00,0.00,0.00,0.00,0.00,0.00,0.00,0.50,1.00,10.0,5.00,10.0,0.00,0.00,0.00,0.00,0.00,0.24,0.56,0.80,0.24,0.80,Matches
1604,Atakan Karazor,tr TUR,MF,Stuttgart,de Bundesliga,29-082,1996,13,9,728,8.1,0.00,0.00,0.00,0.00,0.00,0.00,0.12,0.00,0.06,0.06,0.02,0.09,0.74,03.09,1.98,0.00,0.00,0.00,0.00,0.00,0.06,0.03,0.09,0.06,0.09,Matches
1605,Dermane Karim,tg TOG,"MF,FW",Lorient,fr Ligue 1,22-027,2003,14,9,769,8.5,0.00,0.12,0.12,0.00,0.00,0.00,0.35,0.00,0.08,0.08,0.16,0.25,3.41,3.65,5.53,0.00,0.12,0.12,0.00,0.12,0.08,0.16,0.24,0.08,0.24,Matches
1606,Jon Karrikaburu,es ESP,"FW,MF",Real Sociedad,es La Liga,23-106,2002,6,0,132,1.5,0.00,0.00,0.00,0.00,0.00,0.00,0.00,0.00,0.60,0.60,0.00,0.60,0.67,0.00,6.00,0.00,0.00,0.00,0.00,0.00,0.62,0.02,0.64,0.62,0.64,Matches
1607,Grigoris Kastanos,cy CYP,"MF,FW",Hellas Verona,it Serie A,27-338,1998,4,0,21,0.2,0.00,0.00,0.00,0.00,0.00,0.00,0.00,0.00,0.00,0.00,0.00,0.00,5.00,0.00,0.00,0.00,0.00,0.00,0.00,0.00,0.07,0.09,0.16,0.07,0.16,Matches
1608,Panos Katseris,gr GRE,"MF,DF",Lorient,fr Ligue 1,24-182,2001,3,2,130,1.4,0.00,0.00,0.00,0.00,0.00,0.00,0.71,0.00,0.29,0.29,0.36,0.64,2.14,5.00,12.9,0.00,0.00,0.00,0.00,0.00,0.30,0.34,0.64,0.30,0.64,Matches
1609,Sota Kawasaki,jp JPN,"DF,MF",Mainz 05,de Bundesliga,24-157,2001,6,2,219,2.4,0.00,0.00,0.00,0.00,0.00,0.00,0.42,0.00,0.04,0.04,0.00,0.04,0.42,2.92,2.50,0.00,0.00,0.00,0.00,0.00,0.02,0.00,0.02,0.02,0.02,Matches
1610,Michael Kayode,it ITA,DF,Brentford,eng Premier League,21-177,2004,19,19,"1,657",18.4,0.00,0.00,0.00,0.00,0.00,0.00,0.22,0.00,0.01,0.01,0.11,0.13,02.01,1.90,4.24,0.00,0.00,0.00,0.00,0.00,0.01,0.11,0.12,0.01,0.12,Matches
Rk,Player,Nation,Pos,Squad,Comp,Age,Born,MP,Starts,Min,90s,Gls,Ast,G+A,G-PK,PK,PKatt,CrdY,CrdR,xG,npxG,xAG,npxG+xAG,PrgC,PrgP,PrgR,Gls,Ast,G+A,G-PK,G+A-PK,xG,xAG,xG+xAG,npxG,npxG+xAG,Matches
1611,Thilo Kehrer,de GER,DF,Monaco,fr Ligue 1,29-104,1996,11,11,926,10.3,0.00,0.00,0.00,0.00,0.00,0.00,0.39,0.19,0.14,0.14,0.00,0.14,0.87,5.44,0.19,0.00,0.00,0.00,0.00,0.00,0.14,0.00,0.14,0.14,0.14,Matches
1612,Mandela Keita,be BEL,MF,Parma,it Serie A,23-238,2002,15,14,"1,202",13.4,0.00,0.00,0.00,0.00,0.00,0.00,0.07,0.00,0.01,0.01,0.01,0.01,01.04,2.16,0.67,0.00,0.00,0.00,0.00,0.00,0.01,0.01,0.02,0.01,0.02,Matches
1613,Caoimhín Kelleher,ie IRL,GK,Brentford,eng Premier League,27-041,1998,19,19,"1,71",19.0,0.00,0.00,0.00,0.00,0.00,0.00,0.05,0.00,0.00,0.00,0.00,0.00,0.00,0.05,0.00,0.00,0.00,0.00,0.00,0.00,0.00,0.00,0.00,0.00,0.00,Matches
1614,Thomas Keller,de GER,DF,Heidenheim,de Bundesliga,26-151,1999,4,3,188,2.1,0.00,0.00,0.00,0.00,0.00,0.00,0.48,0.00,0.00,0.00,0.00,0.00,0.48,4.76,0.95,0.00,0.00,0.00,0.00,0.00,0.02,0.00,0.02,0.02,0.02,Matches
1615,Aljoscha Kemlein,de GER,MF,Union Berlin,de Bundesliga,21-154,2004,13,9,784,8.7,0.00,0.00,0.00,0.00,0.00,0.00,0.23,0.00,0.07,0.07,0.02,0.09,1.15,5.17,1.61,0.00,0.00,0.00,0.00,0.00,0.07,0.02,0.09,0.07,0.09,Matches
1616,Luca Kerber,de GER,MF,Heidenheim,de Bundesliga,23-299,2002,9,5,376,4.2,0.00,0.00,0.00,0.00,0.00,0.00,0.48,0.00,0.10,0.10,0.05,0.14,0.71,0.95,3.33,0.00,0.00,0.00,0.00,0.00,0.09,0.05,0.14,0.09,0.14,Matches
1617,Kevin,br BRA,FW,Fulham,eng Premier League,22-364,2003,15,6,652,7.2,0.00,0.00,0.00,0.00,0.00,0.00,0.14,0.00,0.08,0.08,0.13,0.22,6.25,3.75,10.0,0.00,0.00,0.00,0.00,0.00,0.09,0.13,0.22,0.09,0.22,Matches
1618,Reda Khadra,de GER,"FW,MF",Le Havre,fr Ligue 1,24-183,2001,6,1,203,2.3,0.00,0.00,0.00,0.00,0.00,0.00,0.00,0.00,0.09,0.09,0.09,0.22,3.48,3.48,7.39,0.00,0.00,0.00,0.00,0.00,0.09,0.11,0.20,0.09,0.20,Matches
1619,Abdukodir Khusanov,uz UZB,DF,Manchester City,eng Premier League,21-308,2004,5,3,252,2.8,0.00,0.00,0.00,0.00,0.00,0.00,0.36,0.00,0.00,0.00,0.00,0.00,01.07,2.50,1.43,0.00,0.00,0.00,0.00,0.00,0.00,0.00,0.00,0.00,0.00,Matches
1620,Cassiano Kiala,de GER,DF,Bayern Munich,de Bundesliga,16-357,2009,1,0,1,0.0,0,0,0,0,0,0,0,0,0.0,0.0,0.0,0.0,1,0,0,0.00,0.00,0.00,0.00,0.00,0.00,0.00,0.00,0.00,0.00,Matches
1621,Kialonda,ao ANG,DF,Lecce,it Serie A,28-098,1997,15,15,"1,35",15.0,0.00,0.00,0.00,0.00,0.00,0.00,0.33,0.00,0.06,0.06,0.00,0.06,0.07,2.13,0.20,0.00,0.00,0.00,0.00,0.00,0.06,0.00,0.06,0.06,0.06,Matches
1622,Max Kilman,eng ENG,DF,West Ham,eng Premier League,28-225,1997,17,16,"1,444",16.0,0.00,0.00,0.00,0.00,0.00,0.00,0.25,0.00,0.03,0.03,0.02,0.06,0.25,02.06,0.06,0.00,0.00,0.00,0.00,0.00,0.03,0.02,0.05,0.03,0.05,Matches
1623,Joshua King,eng ENG,"MF,FW",Fulham,eng Premier League,19-000,2007,18,11,870,9.7,0.00,0.10,0.10,0.00,0.00,0.00,0.31,0.00,0.12,0.12,0.04,0.15,2.47,2.89,5.77,0.00,0.10,0.10,0.00,0.10,0.12,0.04,0.16,0.12,0.16,Matches
1624,Tim Kleindienst,de GER,FW,Gladbach,de Bundesliga,30-125,1995,2,0,2,0.0,0,0,0,0,0,0,0,0,0.0,0.0,0.0,0.0,0,0,1,0.00,0.00,0.00,0.00,0.00,0.00,0.00,0.00,0.00,0.00,Matches
1625,Lukas Klostermann,de GER,"DF,FW",RB Leipzig,de Bundesliga,29-214,1996,4,0,6,0.1,0.00,0.00,0.00,0.00,0.00,0.00,0.00,0.00,0.00,0.00,0.00,0.00,0.00,10.0,0.00,0.00,0.00,0.00,0.00,0.00,0.38,0.20,0.58,0.38,0.58,Matches
1626,Ruben Kluivert,nl NED,DF,Lyon,fr Ligue 1,24-227,2001,6,2,198,2.2,0.00,0.45,0.45,0.00,0.00,0.00,0.00,0.00,0.00,0.00,0.05,0.05,1.36,2.73,0.91,0.00,0.45,0.45,0.00,0.45,0.00,0.06,0.06,0.00,0.06,Matches
1627,Joe Knight,eng ENG,MF,Brighton,eng Premier League,20-104,2005,1,0,1,0.0,0,0,0,0,0,0,0,0,0.0,0.0,0.0,0.0,0,0,0,0.00,0.00,0.00,0.00,0.00,0.00,0.00,0.00,0.00,0.00,Matches
1628,Gregor Kobel,ch SUI,GK,Dortmund,de Bundesliga,28-028,1997,15,15,"1,35",15.0,0.00,0.00,0.00,0.00,0.00,0.00,0.07,0.00,0.00,0.00,0.00,0.00,0.00,0.00,0.00,0.00,0.00,0.00,0.00,0.00,0.00,0.00,0.00,0.00,0.00,Matches
1629,Hervé Koffi,bf BFA,GK,Angers,fr Ligue 1,29-079,1996,15,15,"1,35",15.0,0.00,0.00,0.00,0.00,0.00,0.00,0.00,0.00,0.00,0.00,0.00,0.00,0.00,0.00,0.00,0.00,0.00,0.00,0.00,0.00,0.00,0.00,0.00,0.00,0.00,Matches
1630,Enzo Koffi Vinette,fr FRA,"DF,FW",Le Havre,fr Ligue 1,19-305,2006,3,0,8,0.1,0.00,0.00,0.00,0.00,0.00,0.00,0.00,0.00,0.00,0.00,0.00,0.00,10.0,30.0,10.0,0.00,0.00,0.00,0.00,0.00,0.00,0.00,0.00,0.00,0.00,Matches
1631,Derrick Köhn,gh GHA,DF,Union Berlin,de Bundesliga,26-333,1999,15,10,860,9.6,0.00,0.00,0.00,0.00,0.00,0.00,0.21,0.00,0.05,0.05,0.08,0.13,0.94,2.40,4.58,0.00,0.00,0.00,0.00,0.00,0.05,0.08,0.13,0.05,0.13,Matches
1632,Philipp Köhn,ch SUI,GK,Monaco,fr Ligue 1,27-276,1998,10,9,822,9.1,0.00,0.00,0.00,0.00,0.00,0.00,0.11,0.00,0.00,0.00,0.00,0.00,0.00,0.00,0.00,0.00,0.00,0.00,0.00,0.00,0.00,0.00,0.00,0.00,0.00,Matches
1633,Sead Kolašinac,ba BIH,DF,Atalanta,it Serie A,32-197,1993,5,3,294,3.3,0.00,0.00,0.00,0.00,0.00,0.00,0.30,0.00,0.03,0.03,0.00,0.03,03.03,4.85,1.52,0.00,0.00,0.00,0.00,0.00,0.03,0.00,0.03,0.03,0.03,Matches
1634,Luca Koleosho,it ITA,"MF,FW",Espanyol,es La Liga,21-110,2004,3,0,63,0.7,0.00,0.00,0.00,0.00,0.00,0.00,0.00,0.00,0.00,0.00,0.00,0.14,4.29,2.86,10.0,0.00,0.00,0.00,0.00,0.00,0.06,0.04,0.10,0.06,0.10,Matches
1635,Randal Kolo Muani,fr FRA,FW,Tottenham,eng Premier League,27-029,1998,12,9,698,7.8,0.00,0.00,0.00,0.00,0.00,0.00,0.13,0.00,0.15,0.15,0.08,0.23,1.15,1.54,5.64,0.00,0.00,0.00,0.00,0.00,0.15,0.08,0.23,0.15,0.23,Matches
1636,Timothée Kolodziejczak,fr FRA,DF,Paris FC,fr Ligue 1,34-094,1991,5,1,122,1.4,0.00,0.00,0.00,0.00,0.00,0.00,0.00,0.00,0.00,0.00,0.00,0.00,0.71,8.57,0.71,0.00,0.00,0.00,0.00,0.00,0.00,0.04,0.04,0.00,0.04,Matches
1637,Ibrahima Konaté,fr FRA,DF,Liverpool,eng Premier League,26-223,1999,19,19,"1,606",17.8,0.00,0.00,0.00,0.00,0.00,0.00,0.22,0.00,0.04,0.04,0.03,0.08,01.01,4.10,0.06,0.00,0.00,0.00,0.00,0.00,0.05,0.03,0.08,0.05,0.08,Matches
1638,Samba Konaté,fr FRA,FW,RB Leipzig,de Bundesliga,16-310,2009,1,0,4,0.0,0,0,0,0,0,0,0,0,0.0,0.0,0.0,0.0,0,0,0,0.00,0.00,0.00,0.00,0.00,0.39,0.00,0.39,0.39,0.39,Matches
1639,Geoffrey Kondogbia,cf CTA,"MF,DF",Marseille,fr Ligue 1,32-322,1993,6,5,312,3.5,0.00,0.00,0.00,0.00,0.00,0.00,0.57,0.00,0.03,0.03,0.00,0.03,0.29,3.71,0.57,0.00,0.00,0.00,0.00,0.00,0.02,0.00,0.02,0.02,0.02,Matches
1640,Ezri Konsa,eng ENG,DF,Aston Villa,eng Premier League,28-072,1997,18,18,"1,595",17.7,0.00,0.00,0.00,0.00,0.00,0.00,0.00,0.06,0.02,0.02,0.02,0.05,0.51,2.99,0.23,0.00,0.00,0.00,0.00,0.00,0.02,0.02,0.04,0.02,0.04,Matches
1641,Teun Koopmeiners,nl NED,"MF,DF",Juventus,it Serie A,27-309,1998,15,11,"1,023",11.4,0.00,0.00,0.00,0.00,0.00,0.00,0.44,0.00,0.08,0.08,0.05,0.12,2.11,5.79,1.84,0.00,0.00,0.00,0.00,0.00,0.07,0.05,0.13,0.07,0.13,Matches
1642,Eddy Kouadio,ci CIV,DF,Fiorentina,it Serie A,19-218,2006,3,0,72,0.8,0.00,0.00,0.00,0.00,0.00,0.00,0.00,0.00,0.00,0.00,0.00,0.00,1.25,1.25,2.50,0.00,0.00,0.00,0.00,0.00,0.00,0.02,0.02,0.00,0.02,Matches
1643,Christian Kouamé,ci CIV,"MF,DF",Fiorentina,it Serie A,28-028,1997,2,0,27,0.3,0.00,0.00,0.00,0.00,0.00,0.00,0.00,0.00,0.00,0.00,0.00,0.00,0.00,3.33,16.7,0.00,0.00,0.00,0.00,0.00,0.00,0.00,0.00,0.00,0.00,Matches
1644,Koffi Kouao,ci CIV,DF,Metz,fr Ligue 1,27-228,1998,14,14,"1,199",13.3,0.00,0.00,0.00,0.00,0.00,0.00,0.30,0.00,0.05,0.05,0.03,0.08,1.80,3.53,3.61,0.00,0.00,0.00,0.00,0.00,0.04,0.03,0.08,0.04,0.08,Matches
1645,Christ-Owen Kouassi,fr FRA,DF,Lecce,it Serie A,22-263,2003,4,3,228,2.5,0.00,0.00,0.00,0.00,0.00,0.00,0.00,0.00,0.00,0.00,0.00,0.00,0.80,2.80,0.80,0.00,0.00,0.00,0.00,0.00,0.00,0.00,0.00,0.00,0.00,Matches
Rk,Player,Nation,Pos,Squad,Comp,Age,Born,MP,Starts,Min,90s,Gls,Ast,G+A,G-PK,PK,PKatt,CrdY,CrdR,xG,npxG,xAG,npxG+xAG,PrgC,PrgP,PrgR,Gls,Ast,G+A,G-PK,G+A-PK,xG,xAG,xG+xAG,npxG,npxG+xAG,Matches
1646,Konstantinos Koulierakis,gr GRE,DF,Wolfsburg,de Bundesliga,22-036,2003,14,13,"1,215",13.5,0.00,0.00,0.00,0.00,0.00,0.00,0.22,0.00,0.12,0.12,0.04,0.16,0.44,2.67,0.22,0.00,0.00,0.00,0.00,0.00,0.12,0.04,0.16,0.12,0.16,Matches
1647,Seny Koumbassa,fr FRA,DF,Toulouse,fr Ligue 1,18-197,2007,2,0,59,0.7,0.00,0.00,0.00,0.00,0.00,0.00,0.00,0.00,0.00,0.00,0.00,0.00,1.43,1.43,0.00,0.00,0.00,0.00,0.00,0.00,0.00,0.00,0.00,0.00,0.00,Matches
1648,Lancinet Kourouma,gn GUI,MF,Girona,es La Liga,21-279,2004,4,0,33,0.4,0.00,0.00,0.00,0.00,0.00,0.00,0.00,0.00,0.00,0.00,0.00,0.00,0.00,0.00,0.00,0.00,0.00,0.00,0.00,0.00,0.00,0.00,0.00,0.00,0.00,Matches
1649,Hamza Koutoune,ma MAR,DF,Nice,fr Ligue 1,19-108,2006,1,0,1,0.0,0,0,0,0,0,0,0,0,0.0,0.0,0.0,0.0,0,0,3,0.00,0.00,0.00,0.00,0.00,0.00,0.00,0.00,0.00,0.00,Matches
1650,Mateo Kovačić,hr CRO,MF,Manchester City,eng Premier League,31-242,1994,1,0,5,0.1,0.00,0.00,0.00,0.00,0.00,0.00,0.00,0.00,0.00,0.00,0.00,0.00,0.00,10.0,0.00,0.00,0.00,0.00,0.00,0.00,0.00,0.00,0.00,0.00,0.00,Matches
1651,Emil Krafth,se SWE,DF,Newcastle Utd,eng Premier League,31-154,1994,1,1,45,0.5,0.00,0.00,0.00,0.00,0.00,0.00,0.00,0.00,0.00,0.00,0.00,0.00,0.00,4.00,10.0,0.00,0.00,0.00,0.00,0.00,0.00,0.00,0.00,0.00,0.00,Matches
1652,Alex Král,cz CZE,MF,Union Berlin,de Bundesliga,27-229,1998,9,1,222,2.5,0.00,0.00,0.00,0.00,0.00,0.00,0.40,0.00,0.04,0.04,0.04,0.08,2.00,4.40,4.40,0.00,0.00,0.00,0.00,0.00,0.04,0.03,0.07,0.04,0.07,Matches
1653,Vladyslav Krapyvtsov,ua UKR,GK,Girona,es La Liga,20-192,2005,2,1,136,1.5,0.00,0.00,0.00,0.00,0.00,0.00,0.00,0.00,0.00,0.00,0.00,0.00,0.00,0.00,0.00,0.00,0.00,0.00,0.00,0.00,0.00,0.00,0.00,0.00,0.00,Matches
1654,Tom Krauß,de GER,"MF,DF",Köln,de Bundesliga,24-195,2001,11,6,638,7.1,0.00,0.00,0.00,0.00,0.00,0.00,0.28,0.00,0.03,0.03,0.03,0.06,2.25,5.77,1.41,0.00,0.00,0.00,0.00,0.00,0.03,0.02,0.06,0.03,0.06,Matches
1655,Ladislav Krejčí,cz CZE,DF,Girona,es La Liga,26-258,1999,2,2,180,2.0,0.00,0.00,0.00,0.00,0.00,0.00,0.50,0.00,0.05,0.05,0.00,0.05,0.00,3.00,0.00,0.00,0.00,0.00,0.00,0.00,0.06,0.00,0.06,0.06,0.06,Matches
1656,Nicolas-Gerrit Kühn,de GER,FW,Como,it Serie A,26-002,2000,12,4,394,4.4,0.00,0.00,0.00,0.00,0.00,0.00,0.00,0.00,0.18,0.18,0.14,0.30,4.32,1.59,8.41,0.00,0.00,0.00,0.00,0.00,0.17,0.13,0.30,0.17,0.30,Matches
1657,Sael Kumbedi,fr FRA,DF,Lyon,fr Ligue 1,20-283,2005,1,1,65,0.7,0.00,0.00,0.00,0.00,0.00,0.00,1.43,0.00,0.00,0.00,0.00,0.00,1.43,0.00,1.43,0.00,0.00,0.00,0.00,0.00,0.02,0.00,0.02,0.02,0.02,Matches
1658,Sael Kumbedi,fr FRA,DF,Wolfsburg,de Bundesliga,20-283,2005,9,8,683,7.6,0.00,0.53,0.53,0.00,0.00,0.00,0.13,0.00,0.00,0.00,0.18,0.18,01.05,2.76,2.63,0.00,0.53,0.53,0.00,0.53,0.01,0.18,0.19,0.01,0.19,Matches
1659,Marash Kumbulla,al ALB,DF,Mallorca,es La Liga,25-329,2000,5,3,240,2.7,0.00,0.00,0.00,0.00,0.00,0.00,0.00,0.00,0.00,0.00,0.00,0.00,1.11,2.59,0.37,0.00,0.00,0.00,0.00,0.00,0.01,0.01,0.01,0.01,0.01,Matches
1660,Jonah Kusi-Asare,se SWE,FW,Fulham,eng Premier League,18-183,2007,3,0,25,0.3,0.00,0.00,0.00,0.00,0.00,0.00,0.00,0.00,0.00,0.00,0.00,0.00,3.33,6.67,10.0,0.00,0.00,0.00,0.00,0.00,0.00,0.16,0.16,0.00,0.16,Matches
1661,Jonah Kusi-Asare,se SWE,FW,Bayern Munich,de Bundesliga,18-183,2007,1,0,5,0.1,0.00,0.00,0.00,0.00,0.00,0.00,0.00,0.00,0.00,0.00,0.00,0.00,0.00,0.00,0.00,0.00,0.00,0.00,0.00,0.00,0.00,0.00,0.00,0.00,0.00,Matches
1662,Godson Kyeremeh,fr FRA,"FW,MF",Le Havre,fr Ligue 1,25-203,2000,9,3,336,3.7,0.00,0.27,0.27,0.00,0.00,0.00,0.00,0.00,0.11,0.11,0.14,0.24,1.89,1.35,8.38,0.00,0.27,0.27,0.00,0.27,0.11,0.13,0.24,0.11,0.24,Matches
1663,Shea Lacey,eng ENG,DF,Manchester Utd,eng Premier League,18-264,2007,1,0,7,0.1,0.00,0.00,0.00,0.00,0.00,0.00,0.00,0.00,0.00,0.00,0.00,0.00,0.00,0.00,10.0,0.00,0.00,0.00,0.00,0.00,0.24,0.00,0.24,0.24,0.24,Matches
1664,Maxence Lacroix,fr FRA,DF,Crystal Palace,eng Premier League,25-272,2000,19,19,"1,71",19.0,0.00,0.11,0.11,0.00,0.00,0.00,0.16,0.00,0.05,0.05,0.06,0.11,0.26,1.89,0.37,0.00,0.11,0.11,0.00,0.11,0.05,0.06,0.11,0.05,0.11,Matches
1665,Yoel Lago,es ESP,DF,Celta Vigo,es La Liga,21-284,2004,4,4,333,3.7,0.00,0.00,0.00,0.00,0.00,0.00,0.54,0.00,0.00,0.00,0.00,0.00,0.00,2.43,0.00,0.00,0.00,0.00,0.00,0.00,0.00,0.01,0.01,0.00,0.01,Matches
1666,Kenny Lala,mg MAD,DF,Brest,fr Ligue 1,34-092,1991,16,16,"1,427",15.9,0.00,0.06,0.06,0.00,0.00,0.00,0.19,0.00,0.01,0.01,0.12,0.13,1.19,3.27,2.26,0.00,0.06,0.06,0.00,0.06,0.01,0.12,0.13,0.01,0.13,Matches
1667,Senne Lammens,be BEL,GK,Manchester Utd,eng Premier League,23-180,2002,13,13,"1,17",13.0,0.00,0.00,0.00,0.00,0.00,0.00,0.00,0.00,0.00,0.00,0.00,0.00,0.00,0.15,0.00,0.00,0.00,0.00,0.00,0.00,0.00,0.00,0.00,0.00,0.00,Matches
1668,Tariq Lamptey,gh GHA,"MF,DF",Fiorentina,it Serie A,25-095,2000,2,1,25,0.3,0.00,0.00,0.00,0.00,0.00,0.00,0.00,0.00,0.00,0.00,0.33,0.33,0.00,0.00,6.67,0.00,0.00,0.00,0.00,0.00,0.00,0.28,0.28,0.00,0.28,Matches
1669,Aymeric Laporte,es ESP,DF,Athletic Club,es La Liga,31-221,1994,11,10,859,9.5,0.00,0.11,0.11,0.00,0.00,0.00,0.21,0.00,0.02,0.02,0.02,0.04,0.84,4.42,0.00,0.00,0.10,0.10,0.00,0.10,0.02,0.02,0.04,0.02,0.04,Matches
1670,Jamaal Lascelles,eng ENG,DF,Newcastle Utd,eng Premier League,32-053,1993,2,0,21,0.2,0.00,0.00,0.00,0.00,0.00,0.00,0.00,0.00,0.00,0.00,0.00,0.00,0.00,0.00,5.00,0.00,0.00,0.00,0.00,0.00,0.16,0.00,0.16,0.16,0.16,Matches
1671,Toni Lato,es ESP,DF,Mallorca,es La Liga,28-043,1997,4,2,159,1.8,0.00,0.00,0.00,0.00,0.00,0.00,0.00,0.00,0.00,0.00,0.00,0.00,1.11,2.22,7.22,0.00,0.00,0.00,0.00,0.00,0.00,0.02,0.02,0.00,0.02,Matches
1672,Roméo Lavia,be BEL,MF,Chelsea,eng Premier League,21-362,2004,4,1,108,1.2,0.00,0.00,0.00,0.00,0.00,0.00,0.00,0.00,0.00,0.00,0.00,0.00,0.83,7.50,0.83,0.00,0.00,0.00,0.00,0.00,0.00,0.00,0.00,0.00,0.00,Matches
1673,Valentino Lazaro,at AUT,"DF,MF",Torino,it Serie A,29-285,1996,16,13,"1,147",12.7,0.00,0.08,0.08,0.00,0.00,0.00,0.16,0.00,0.01,0.01,0.07,0.07,1.50,3.78,2.83,0.00,0.08,0.08,0.00,0.08,0.00,0.07,0.07,0.00,0.07,Matches
1674,Manuel Lazzari,it ITA,DF,Lazio,it Serie A,32-035,1993,11,4,365,4.1,0.00,0.00,0.00,0.00,0.00,0.00,0.49,0.00,0.00,0.00,0.02,0.02,3.41,2.68,1.46,0.00,0.00,0.00,0.00,0.00,0.00,0.03,0.03,0.00,0.03,Matches
1675,Andréa Le Borgne,fr FRA,MF,Como,it Serie A,19-160,2006,1,0,1,0.0,0,0,0,0,0,0,0,0,0.0,0.0,0.0,0.0,0,0,0,0.00,0.00,0.00,0.00,0.00,0.00,0.00,0.00,0.00,0.00,Matches
1676,Raphael Le Guen,fr FRA,DF,Brest,fr Ligue 1,19-124,2006,1,0,5,0.1,0.00,0.00,0.00,0.00,0.00,0.00,0.00,0.00,0.00,0.00,0.00,0.00,0.00,0.00,0.00,0.00,0.00,0.00,0.00,0.00,0.00,0.00,0.00,0.00,0.00,Matches
1677,Nicola Leali,it ITA,GK,Genoa,it Serie A,32-320,1993,16,16,"1,352",15.0,0.00,0.00,0.00,0.00,0.00,0.00,0.07,0.07,0.00,0.00,0.01,0.01,0.00,0.00,0.00,0.00,0.00,0.00,0.00,0.00,0.00,0.01,0.01,0.00,0.01,Matches
1678,Pierre Lees-Melou,fr FRA,MF,Brest,fr Ligue 1,32-223,1993,2,2,180,2.0,0.00,0.00,0.00,0.00,0.00,0.00,0.00,0.00,0.05,0.05,0.10,0.15,1.50,8.00,0.50,0.00,0.00,0.00,0.00,0.00,0.06,0.08,0.13,0.06,0.13,Matches
1679,Jordan Lefort,fr FRA,DF,Angers,fr Ligue 1,32-147,1993,16,16,"1,44",16.0,0.00,0.06,0.06,0.00,0.00,0.00,0.13,0.00,0.01,0.01,0.04,0.06,0.31,1.38,0.13,0.00,0.06,0.06,0.00,0.06,0.01,0.05,0.06,0.01,0.06,Matches
1680,Alexander Legendre,ec ECU,DF,Rennes,fr Ligue 1,17-256,2008,1,0,9,0.1,0.00,0.00,0.00,0.00,0.00,0.00,0.00,0.00,0.00,0.00,0.00,0.00,0.00,0.00,0.00,0.00,0.00,0.00,0.00,0.00,0.00,0.00,0.00,0.00,0.00,Matches
Rk,Player,Nation,Pos,Squad,Comp,Age,Born,MP,Starts,Min,90s,Gls,Ast,G+A,G-PK,PK,PKatt,CrdY,CrdR,xG,npxG,xAG,npxG+xAG,PrgC,PrgP,PrgR,Gls,Ast,G+A,G-PK,G+A-PK,xG,xAG,xG+xAG,npxG,npxG+xAG,Matches
1681,Diogo Leite,pt POR,DF,Union Berlin,de Bundesliga,26-345,1999,11,11,958,10.6,0.00,0.00,0.00,0.00,0.00,0.00,0.09,0.00,0.05,0.05,0.02,0.06,0.19,3.87,0.47,0.00,0.00,0.00,0.00,0.00,0.05,0.02,0.06,0.05,0.06,Matches
1682,Maxim Leitsch,de GER,DF,Mainz 05,de Bundesliga,27-230,1998,3,2,162,1.8,0.00,0.00,0.00,0.00,0.00,0.00,0.00,0.00,0.00,0.00,0.00,0.00,1.11,3.33,0.56,0.00,0.00,0.00,0.00,0.00,0.01,0.00,0.01,0.01,0.01,Matches
1683,Florian Lejeune,fr FRA,DF,Rayo Vallecano,es La Liga,34-228,1991,18,18,"1,61",17.9,0.00,0.00,0.00,0.00,0.00,0.00,0.17,0.00,0.05,0.05,0.02,0.07,0.39,3.80,0.06,0.00,0.00,0.00,0.00,0.00,0.05,0.02,0.08,0.05,0.08,Matches
1684,Youssef Lekhedim,es ESP,DF,Alavés,es La Liga,20-088,2005,12,7,669,7.4,0.00,0.00,0.00,0.00,0.00,0.00,0.27,0.00,0.04,0.04,0.04,0.08,1.35,2.43,5.54,0.00,0.00,0.00,0.00,0.00,0.04,0.03,0.08,0.04,0.08,Matches
1685,Iñigo Lekue,es ESP,DF,Athletic Club,es La Liga,32-244,1993,6,5,354,3.9,0.00,0.00,0.00,0.00,0.00,0.00,0.26,0.26,0.03,0.03,0.00,0.03,2.31,2.56,4.10,0.00,0.00,0.00,0.00,0.00,0.03,0.00,0.03,0.03,0.03,Matches
1686,Thomas Lemar,fr FRA,"MF,FW",Girona,es La Liga,30-052,1995,8,1,270,3.0,0.00,0.33,0.33,0.00,0.00,0.00,0.33,0.00,0.10,0.10,0.20,0.30,2.33,7.33,7.33,0.00,0.33,0.33,0.00,0.33,0.12,0.19,0.30,0.12,0.30,Matches
1687,Félix Lemaréchal,fr FRA,"MF,FW",Strasbourg,fr Ligue 1,22-149,2003,10,7,544,6.0,0.00,0.33,0.33,0.00,0.00,0.00,0.17,0.00,0.15,0.15,0.18,0.33,2.17,4.00,6.83,0.00,0.33,0.33,0.00,0.33,0.15,0.19,0.33,0.15,0.33,Matches
1688,Clément Lenglet,fr FRA,DF,Atlético Madrid,es La Liga,30-200,1995,9,9,730,8.1,0.00,0.00,0.00,0.00,0.00,0.00,0.37,0.12,0.01,0.01,0.02,0.02,0.86,5.19,0.00,0.00,0.00,0.00,0.00,0.00,0.01,0.02,0.03,0.01,0.03,Matches
1689,Bernd Leno,de GER,GK,Fulham,eng Premier League,33-305,1992,19,19,"1,71",19.0,0.00,0.00,0.00,0.00,0.00,0.00,0.16,0.00,0.00,0.00,0.00,0.00,0.00,0.05,0.00,0.00,0.00,0.00,0.00,0.00,0.00,0.00,0.00,0.00,0.00,Matches
1690,Donovan Léon,gf GUF,GK,Auxerre,fr Ligue 1,33-061,1992,14,14,"1,214",13.5,0.00,0.00,0.00,0.00,0.00,0.00,0.00,0.07,0.00,0.00,0.01,0.01,0.00,0.00,0.00,0.00,0.00,0.00,0.00,0.00,0.00,0.01,0.01,0.00,0.01,Matches
1691,Johann Lepenant,fr FRA,MF,Nantes,fr Ligue 1,23-073,2002,10,9,818,9.1,0.00,0.11,0.11,0.00,0.00,0.00,0.11,0.00,0.02,0.02,0.08,0.10,0.66,3.74,1.76,0.00,0.11,0.11,0.00,0.11,0.02,0.08,0.10,0.02,0.10,Matches
1692,Mehdi Léris,dz ALG,"DF,MF",Pisa,it Serie A,27-225,1998,15,8,787,8.7,0.00,0.23,0.23,0.00,0.00,0.00,0.00,0.00,0.09,0.09,0.13,0.22,2.41,2.76,6.44,0.00,0.23,0.23,0.00,0.23,0.09,0.13,0.22,0.09,0.22,Matches
1693,Jefferson Lerma,co COL,"MF,DF",Crystal Palace,eng Premier League,31-070,1994,17,6,723,8.0,0.00,0.13,0.13,0.00,0.00,0.00,0.50,0.00,0.07,0.07,0.09,0.16,0.50,5.75,0.88,0.00,0.12,0.12,0.00,0.12,0.08,0.09,0.16,0.08,0.16,Matches
1694,Rico Lewis,eng ENG,"DF,MF",Manchester City,eng Premier League,21-043,2004,8,2,209,2.3,0.00,0.43,0.43,0.00,0.00,0.00,0.00,0.00,0.00,0.00,0.57,0.57,1.30,8.70,4.35,0.00,0.43,0.43,0.00,0.43,0.01,0.56,0.57,0.01,0.57,Matches
1695,Myles Lewis-Skelly,eng ENG,DF,Arsenal,eng Premier League,19-099,2006,13,1,287,3.2,0.00,0.00,0.00,0.00,0.00,0.00,0.94,0.00,0.03,0.03,0.03,0.03,1.56,1.88,2.81,0.00,0.00,0.00,0.00,0.00,0.02,0.03,0.04,0.02,0.04,Matches
1696,Philipp Lienhart,at AUT,DF,Freiburg,de Bundesliga,29-176,1996,11,10,851,9.5,0.00,0.00,0.00,0.00,0.00,0.00,0.32,0.11,0.07,0.07,0.01,0.08,2.21,5.37,0.84,0.00,0.00,0.00,0.00,0.00,0.07,0.01,0.09,0.07,0.09,Matches
1697,Victor Lindelöf,se SWE,DF,Aston Villa,eng Premier League,31-170,1994,8,4,389,4.3,0.00,0.23,0.23,0.00,0.00,0.00,0.00,0.00,0.00,0.00,0.00,0.00,0.47,1.63,0.00,0.00,0.23,0.23,0.00,0.23,0.00,0.01,0.01,0.00,0.01,Matches
1698,Jesper Lindstrøm,dk DEN,"MF,FW",Wolfsburg,de Bundesliga,25-308,2000,2,0,13,0.1,0.00,0.00,0.00,0.00,0.00,0.00,0.00,0.00,1.00,1.00,0.00,1.00,20.0,10.0,60.0,0.00,0.00,0.00,0.00,0.00,0.49,0.30,0.79,0.49,0.79,Matches
1699,Luca Lipani,it ITA,MF,Sassuolo,it Serie A,20-230,2005,4,1,141,1.6,0.00,0.00,0.00,0.00,0.00,0.00,0.00,0.00,0.13,0.13,0.06,0.19,0.00,3.13,2.50,0.00,0.00,0.00,0.00,0.00,0.13,0.06,0.18,0.13,0.18,Matches
1700,Pol Lirola,es ESP,"MF,DF",Marseille,fr Ligue 1,28-143,1997,3,0,34,0.4,0.00,0.00,0.00,0.00,0.00,0.00,0.00,0.00,0.00,0.00,0.25,0.25,2.50,5.00,10.0,0.00,0.00,0.00,0.00,0.00,0.00,0.27,0.27,0.00,0.27,Matches
1701,Joseph Liteta,zm ZAM,MF,Cagliari,it Serie A,19-315,2006,2,2,97,1.1,0.00,0.00,0.00,0.00,0.00,0.00,0.00,0.00,0.00,0.00,0.00,0.00,0.91,0.00,0.00,0.00,0.00,0.00,0.00,0.00,0.00,0.00,0.00,0.00,0.00,Matches
1702,Valentino Livramento,eng ENG,DF,Newcastle Utd,eng Premier League,23-052,2002,11,11,976,10.8,0.00,0.09,0.09,0.00,0.00,0.00,0.09,0.00,0.01,0.01,0.03,0.05,1.76,4.35,6.11,0.00,0.09,0.09,0.00,0.09,0.01,0.03,0.04,0.01,0.04,Matches
1703,Javier Llabrés,es ESP,"FW,MF",Mallorca,es La Liga,23-114,2002,7,1,126,1.4,0.00,0.00,0.00,0.00,0.00,0.00,0.00,0.00,0.07,0.07,0.07,0.14,0.71,1.43,13.6,0.00,0.00,0.00,0.00,0.00,0.06,0.06,0.12,0.06,0.12,Matches
1704,Marcos Llorente,es ESP,DF,Atlético Madrid,es La Liga,30-338,1995,14,14,"1,17",13.0,0.00,0.23,0.23,0.00,0.00,0.00,0.23,0.00,0.09,0.09,0.12,0.22,3.15,4.77,5.92,0.00,0.23,0.23,0.00,0.23,0.09,0.12,0.21,0.09,0.21,Matches
1705,Stanislav Lobotka,sk SVK,MF,Napoli,it Serie A,31-039,1994,12,9,819,9.1,0.00,0.11,0.11,0.00,0.00,0.00,0.11,0.00,0.00,0.00,0.04,0.04,0.99,05.05,1.21,0.00,0.11,0.11,0.00,0.11,0.00,0.04,0.04,0.00,0.04,Matches
1706,Manuel Locatelli,it ITA,MF,Juventus,it Serie A,27-360,1998,16,16,"1,265",14.1,0.00,0.00,0.00,0.00,0.00,0.00,0.28,0.00,0.06,0.06,0.05,0.11,1.21,8.79,0.92,0.00,0.00,0.00,0.00,0.00,0.06,0.05,0.11,0.06,0.11,Matches
1707,Bradley Locko,fr FRA,DF,Brest,fr Ligue 1,23-242,2002,13,11,930,10.3,0.00,0.10,0.10,0.00,0.00,0.00,0.00,0.00,0.01,0.01,0.10,0.11,1.26,3.40,3.59,0.00,0.10,0.10,0.00,0.10,0.01,0.10,0.11,0.01,0.11,Matches
1708,Anthony Lopes,pt POR,GK,Nantes,fr Ligue 1,35-094,1990,15,15,"1,348",15.0,0.00,0.00,0.00,0.00,0.00,0.00,0.13,0.00,0.01,0.01,0.00,0.01,0.00,0.13,0.00,0.00,0.00,0.00,0.00,0.00,0.01,0.00,0.01,0.01,0.01,Matches
1709,David López,es ESP,DF,Mallorca,es La Liga,22-334,2003,1,1,61,0.7,0.00,0.00,0.00,0.00,0.00,0.00,0.00,0.00,0.00,0.00,0.00,0.00,0.00,1.43,0.00,0.00,0.00,0.00,0.00,0.00,0.00,0.00,0.00,0.00,0.00,Matches
1710,David López,es ESP,DF,Girona,es La Liga,36-086,1989,3,2,202,2.2,0.00,0.00,0.00,0.00,0.00,0.00,0.00,0.00,0.27,0.27,0.00,0.27,1.82,5.91,0.00,0.00,0.00,0.00,0.00,0.00,0.25,0.00,0.25,0.25,0.25,Matches
1711,Fer López,es ESP,"MF,FW",Wolves,eng Premier League,21-224,2004,9,2,235,2.6,0.00,0.38,0.38,0.00,0.00,0.00,0.38,0.00,0.08,0.08,0.27,0.35,03.08,7.69,6.15,0.00,0.38,0.38,0.00,0.38,0.07,0.29,0.35,0.07,0.35,Matches
1712,Javi López,es ESP,DF,Oviedo,es La Liga,23-284,2002,6,5,380,4.2,0.00,0.00,0.00,0.00,0.00,0.00,0.00,0.00,0.00,0.00,0.07,0.07,1.19,2.14,5.48,0.00,0.00,0.00,0.00,0.00,0.00,0.06,0.06,0.00,0.06,Matches
1713,Julien López,dz ALG,"FW,MF",Paris FC,fr Ligue 1,33-308,1992,4,0,43,0.5,0.00,0.00,0.00,0.00,0.00,0.00,0.00,0.00,0.00,0.00,0.00,0.00,2.00,6.00,12.0,0.00,0.00,0.00,0.00,0.00,0.00,0.00,0.00,0.00,0.00,Matches
1714,Maxime Lopez,fr FRA,MF,Paris FC,fr Ligue 1,28-030,1997,14,14,"1,26",14.0,0.00,0.21,0.21,0.00,0.00,0.00,0.43,0.00,0.02,0.02,0.29,0.31,3.43,9.71,3.36,0.00,0.21,0.21,0.00,0.21,0.02,0.29,0.31,0.02,0.31,Matches
1715,Pau López,es ESP,GK,Betis,es La Liga,31-021,1994,7,7,630,7.0,0.00,0.00,0.00,0.00,0.00,0.00,0.14,0.00,0.00,0.00,0.00,0.00,0.00,0.00,0.00,0.00,0.00,0.00,0.00,0.00,0.00,0.00,0.00,0.00,0.00,Matches
Rk,Player,Nation,Pos,Squad,Comp,Age,Born,MP,Starts,Min,90s,Gls,Ast,G+A,G-PK,PK,PKatt,CrdY,CrdR,xG,npxG,xAG,npxG+xAG,PrgC,PrgP,PrgR,Gls,Ast,G+A,G-PK,G+A-PK,xG,xAG,xG+xAG,npxG,npxG+xAG,Matches
1716,Unai López,es ESP,MF,Rayo Vallecano,es La Liga,30-065,1995,16,14,"1,027",11.4,0.00,0.26,0.26,0.00,0.00,0.00,0.61,0.09,0.04,0.04,0.09,0.13,0.88,6.84,1.23,0.00,0.26,0.26,0.00,0.26,0.05,0.09,0.13,0.05,0.13,Matches
1717,Dachi Lordkipanidze,ge GEO,MF,Cremonese,it Serie A,20-301,2005,1,0,29,0.3,0.00,0.00,0.00,0.00,0.00,0.00,0.00,0.00,0.00,0.00,0.00,0.00,0.00,0.00,3.33,0.00,0.00,0.00,0.00,0.00,0.00,0.00,0.00,0.00,0.00,Matches
1718,Iker Losada,es ESP,"MF,FW",Levante,es La Liga,24-155,2001,5,0,78,0.9,0.00,0.00,0.00,0.00,0.00,0.00,0.00,0.00,0.11,0.11,0.00,0.11,0.00,4.44,6.67,0.00,0.00,0.00,0.00,0.00,0.13,0.04,0.17,0.13,0.17,Matches
1719,Tom Louchet,fr FRA,"MF,DF",Nice,fr Ligue 1,22-244,2003,12,6,619,6.9,0.00,0.29,0.29,0.00,0.00,0.00,0.14,0.14,0.03,0.03,0.26,0.29,0.72,2.90,04.06,0.00,0.29,0.29,0.00,0.29,0.04,0.26,0.30,0.04,0.30,Matches
1720,Marius Louer,fr FRA,DF,Angers,fr Ligue 1,18-298,2007,1,0,12,0.1,0.00,0.00,0.00,0.00,0.00,0.00,0.00,0.00,0.00,0.00,0.00,0.00,0.00,20.0,20.0,0.00,0.00,0.00,0.00,0.00,0.00,0.27,0.27,0.00,0.27,Matches
1721,Sandi Lovrić,si SVN,MF,Udinese,it Serie A,27-281,1998,5,1,154,1.7,0.00,0.59,0.59,0.00,0.00,0.00,0.59,0.00,0.06,0.06,0.35,0.47,2.35,07.06,4.12,0.00,0.58,0.58,0.00,0.58,0.09,0.36,0.45,0.09,0.45,Matches
1722,Sergio Lozano,es ESP,MF,Levante,es La Liga,26-285,1999,1,0,12,0.1,0.00,0.00,0.00,0.00,0.00,0.00,0.00,0.00,0.00,0.00,0.00,0.00,0.00,20.0,10.0,0.00,0.00,0.00,0.00,0.00,0.00,0.00,0.00,0.00,0.00,Matches
1723,Lucas,br BRA,"MF,DF",Burnley,eng Premier League,24-285,2001,5,4,322,3.6,0.00,0.00,0.00,0.00,0.00,0.00,0.00,0.28,0.06,0.06,0.08,0.14,1.39,2.78,4.17,0.00,0.00,0.00,0.00,0.00,0.05,0.09,0.14,0.05,0.14,Matches
1724,Oier Luengo,es ESP,DF,Oviedo,es La Liga,28-053,1997,2,2,135,1.5,0.00,0.00,0.00,0.00,0.00,0.00,0.67,0.00,0.00,0.00,0.00,0.00,0.00,0.00,0.00,0.00,0.00,0.00,0.00,0.00,0.00,0.00,0.00,0.00,0.00,Matches
1725,Florentino Luís,pt POR,MF,Burnley,eng Premier League,26-137,1999,15,13,"1,134",12.6,0.00,0.08,0.08,0.00,0.00,0.00,0.16,0.00,0.04,0.04,0.03,0.06,0.40,4.44,0.63,0.00,0.08,0.08,0.00,0.08,0.04,0.03,0.06,0.04,0.06,Matches
1726,José Luis Gayà,es ESP,DF,Valencia,es La Liga,30-223,1995,15,14,"1,096",12.2,0.00,0.08,0.08,0.00,0.00,0.00,0.33,0.08,0.02,0.02,0.11,0.12,02.05,3.36,6.31,0.00,0.08,0.08,0.00,0.08,0.02,0.11,0.13,0.02,0.13,Matches
1727,Douglas Luiz,br BRA,MF,Nott'ham Forest,eng Premier League,27-239,1998,7,5,308,3.4,0.00,0.00,0.00,0.00,0.00,0.00,0.59,0.00,0.03,0.03,0.21,0.24,2.35,4.71,2.35,0.00,0.00,0.00,0.00,0.00,0.04,0.19,0.23,0.04,0.23,Matches
1728,Kristoffer Lund,us USA,DF,Köln,de Bundesliga,23-234,2002,14,10,876,9.7,0.00,0.10,0.10,0.00,0.00,0.00,0.10,0.00,0.03,0.03,0.03,0.06,01.03,2.78,3.30,0.00,0.10,0.10,0.00,0.10,0.03,0.03,0.06,0.03,0.06,Matches
1729,Mateus Lusuardi,br BRA,DF,Pisa,it Serie A,21-360,2004,3,3,198,2.2,0.00,0.00,0.00,0.00,0.00,0.00,0.45,0.00,0.05,0.05,0.09,0.14,0.45,2.27,0.00,0.00,0.00,0.00,0.00,0.00,0.03,0.11,0.14,0.03,0.14,Matches
1730,Zito Luvumbo,ao ANG,"FW,MF",Cagliari,it Serie A,23-300,2002,10,0,213,2.4,0.00,0.00,0.00,0.00,0.00,0.00,0.00,0.00,0.21,0.21,0.13,0.33,2.50,0.42,8.33,0.00,0.00,0.00,0.00,0.00,0.22,0.14,0.35,0.22,0.35,Matches
1731,Charalampos Lykogiannis,gr GRE,DF,Bologna,it Serie A,32-073,1993,5,4,353,3.9,0.00,0.00,0.00,0.00,0.00,0.00,0.51,0.00,0.03,0.03,0.08,0.10,01.03,3.33,4.36,0.00,0.00,0.00,0.00,0.00,0.03,0.08,0.11,0.03,0.11,Matches
1732,Senne Lynen,be BEL,MF,Werder Bremen,de Bundesliga,26-318,1999,14,14,"1,225",13.6,0.00,0.00,0.00,0.00,0.00,0.00,0.15,0.00,0.03,0.03,0.01,0.04,0.15,3.60,0.44,0.00,0.00,0.00,0.00,0.00,0.03,0.02,0.05,0.03,0.05,Matches
1733,Mathias Løvik,no NOR,DF,Parma,it Serie A,22-028,2003,9,5,471,5.2,0.00,0.00,0.00,0.00,0.00,0.00,0.00,0.00,0.02,0.02,0.02,0.06,1.73,1.92,5.19,0.00,0.00,0.00,0.00,0.00,0.03,0.02,0.05,0.03,0.05,Matches
1734,Ian Maatsen,nl NED,DF,Aston Villa,eng Premier League,23-299,2002,13,6,612,6.8,0.00,0.00,0.00,0.00,0.00,0.00,0.15,0.00,0.07,0.07,0.22,0.31,02.06,4.56,5.74,0.00,0.00,0.00,0.00,0.00,0.08,0.23,0.31,0.08,0.31,Matches
1735,Alexis Mac Allister,ar ARG,MF,Liverpool,eng Premier League,27-010,1998,18,15,"1,209",13.4,0.00,0.15,0.15,0.00,0.00,0.00,0.15,0.00,0.13,0.13,0.11,0.23,1.57,4.25,03.06,0.00,0.15,0.15,0.00,0.15,0.12,0.11,0.23,0.12,0.23,Matches
1736,Deiver Machado,co COL,MF,Nantes,fr Ligue 1,32-123,1993,1,1,81,0.9,0.00,0.00,0.00,0.00,0.00,0.00,0.00,0.00,0.00,0.00,0.00,0.00,1.11,1.11,5.56,0.00,0.00,0.00,0.00,0.00,0.00,0.00,0.00,0.00,0.00,Matches
1737,Deiver Machado,co COL,DF,Lens,fr Ligue 1,32-123,1993,5,4,273,3.0,0.00,0.00,0.00,0.00,0.00,0.00,0.33,0.00,0.13,0.13,0.00,0.13,2.67,2.33,5.33,0.00,0.00,0.00,0.00,0.00,0.14,0.00,0.14,0.14,0.14,Matches
1738,Koki Machida,jp JPN,DF,Hoffenheim,de Bundesliga,28-131,1997,1,1,44,0.5,0.00,0.00,0.00,0.00,0.00,0.00,2.00,0.00,0.00,0.00,0.00,0.00,0.00,2.00,0.00,0.00,0.00,0.00,0.00,0.00,0.00,0.00,0.00,0.00,0.00,Matches
1739,Lanroy Machine,fr FRA,"FW,MF",Angers,fr Ligue 1,20-082,2005,10,0,185,2.1,0.00,0.00,0.00,0.00,0.00,0.00,0.00,0.00,0.57,0.57,0.00,0.57,0.95,1.90,6.67,0.00,0.00,0.00,0.00,0.00,0.59,0.00,0.59,0.59,0.59,Matches
1740,Carlos Macià,es ESP,MF,Villarreal,es La Liga,17-124,2008,2,0,56,0.6,0.00,0.00,0.00,0.00,0.00,0.00,1.67,0.00,0.17,0.17,0.00,0.17,1.67,3.33,0.00,0.00,0.00,0.00,0.00,0.00,0.10,0.00,0.10,0.10,0.10,Matches
1741,Brian Madjo,lu LUX,FW,Metz,fr Ligue 1,16-356,2009,5,2,157,1.7,0.00,0.00,0.00,0.00,0.00,0.00,0.00,0.00,0.18,0.18,0.00,0.18,1.18,0.59,0.59,0.00,0.00,0.00,0.00,0.00,0.20,0.00,0.20,0.20,0.20,Matches
1742,Noni Madueke,eng ENG,FW,Arsenal,eng Premier League,23-299,2002,10,5,431,4.8,0.00,0.00,0.00,0.00,0.00,0.00,0.00,0.00,0.10,0.10,0.27,0.38,5.83,2.92,14.2,0.00,0.00,0.00,0.00,0.00,0.10,0.27,0.37,0.10,0.37,Matches
1743,Arne Maier,de GER,DF,Augsburg,de Bundesliga,26-360,1999,1,0,4,0.0,0,0,0,0,0,0,0,0,0.0,0.0,0.0,0.0,1,0,0,0.00,0.00,0.00,0.00,0.00,0.00,0.00,0.00,0.00,0.00,Matches
1744,Mike Maignan,fr FRA,GK,Milan,it Serie A,30-184,1995,16,16,"1,405",15.6,0.00,0.00,0.00,0.00,0.00,0.00,0.06,0.00,0.00,0.00,0.00,0.00,0.00,0.00,0.00,0.00,0.00,0.00,0.00,0.00,0.00,0.00,0.00,0.00,0.00,Matches
1745,Linton Maina,de GER,"FW,DF",Köln,de Bundesliga,26-194,1999,9,2,282,3.1,0.00,0.00,0.00,0.00,0.00,0.00,0.00,0.00,0.10,0.10,0.03,0.13,4.52,6.77,6.77,0.00,0.00,0.00,0.00,0.00,0.11,0.03,0.14,0.11,0.14,Matches
1746,Kobbie Mainoo,eng ENG,MF,Manchester Utd,eng Premier League,20-259,2005,11,0,221,2.5,0.00,0.00,0.00,0.00,0.00,0.00,0.00,0.00,0.04,0.04,0.12,0.16,4.40,3.20,3.60,0.00,0.00,0.00,0.00,0.00,0.03,0.12,0.15,0.03,0.15,Matches
1747,Radosław Majecki,pl POL,GK,Brest,fr Ligue 1,26-048,1999,10,10,864,9.6,0.00,0.00,0.00,0.00,0.00,0.00,0.00,0.10,0.00,0.00,0.00,0.00,0.00,0.00,0.00,0.00,0.00,0.00,0.00,0.00,0.00,0.00,0.00,0.00,0.00,Matches
1748,Hamidou Makalou,ml MLI,"MF,FW",Brest,fr Ligue 1,19-172,2006,9,1,155,1.7,0.00,0.00,0.00,0.00,0.00,0.00,0.00,0.00,0.00,0.00,0.12,0.18,0.59,5.29,4.12,0.00,0.00,0.00,0.00,0.00,0.02,0.13,0.15,0.02,0.15,Matches
1749,Jean-Victor Makengo,fr FRA,MF,Lorient,fr Ligue 1,27-205,1998,13,7,617,6.9,0.00,0.14,0.14,0.00,0.00,0.00,0.00,0.00,0.13,0.13,0.06,0.19,3.19,3.48,4.49,0.00,0.15,0.15,0.00,0.15,0.13,0.06,0.19,0.13,0.19,Matches
1750,Jordy Makengo,fr FRA,DF,Freiburg,de Bundesliga,24-153,2001,9,7,657,7.3,0.00,0.00,0.00,0.00,0.00,0.00,0.14,0.00,0.00,0.00,0.04,0.04,02.05,03.01,2.19,0.00,0.00,0.00,0.00,0.00,0.00,0.04,0.04,0.00,0.04,Matches
Rk,Player,Nation,Pos,Squad,Comp,Age,Born,MP,Starts,Min,90s,Gls,Ast,G+A,G-PK,PK,PKatt,CrdY,CrdR,xG,npxG,xAG,npxG+xAG,PrgC,PrgP,PrgR,Gls,Ast,G+A,G-PK,G+A-PK,xG,xAG,xG+xAG,npxG,npxG+xAG,Matches
1751,Andrija Maksimović,rs SRB,"MF,FW",RB Leipzig,de Bundesliga,18-212,2007,6,0,78,0.9,0.00,0.00,0.00,0.00,0.00,0.00,0.00,0.00,0.11,0.11,0.11,0.22,2.22,3.33,7.78,0.00,0.00,0.00,0.00,0.00,0.09,0.12,0.21,0.09,0.21,Matches
1752,Tyrell Malacia,nl NED,DF,Manchester Utd,eng Premier League,26-139,1999,1,0,3,0.0,0,0,0,0,0,0,0,0,0.0,0.0,0.0,0.0,0,0,0,0.00,0.00,0.00,0.00,0.00,0.00,0.00,0.00,0.00,0.00,Matches
1753,Julián Malatini,ar ARG,DF,Werder Bremen,de Bundesliga,24-217,2001,3,1,99,1.1,0.00,0.00,0.00,0.00,0.00,0.00,0.91,0.00,0.00,0.00,0.00,0.00,0.91,0.91,2.73,0.00,0.00,0.00,0.00,0.00,0.01,0.00,0.01,0.01,0.01,Matches
1754,Daniel Maldini,it ITA,MF,Atalanta,it Serie A,24-084,2001,8,3,245,2.7,0.00,0.00,0.00,0.00,0.00,0.00,0.37,0.00,0.22,0.22,0.04,0.26,4.44,3.70,07.04,0.00,0.00,0.00,0.00,0.00,0.22,0.04,0.26,0.22,0.26,Matches
1755,Youssef Maleh,ma MAR,MF,Lecce,it Serie A,27-134,1998,4,1,112,1.2,0.00,0.00,0.00,0.00,0.00,0.00,0.00,0.00,0.25,0.25,0.00,0.25,0.00,2.50,6.67,0.00,0.00,0.00,0.00,0.00,0.24,0.02,0.27,0.24,0.27,Matches
1756,Lennard Maloney,us USA,"DF,MF",Mainz 05,de Bundesliga,26-087,1999,8,4,394,4.4,0.00,0.00,0.00,0.00,0.00,0.00,0.00,0.00,0.07,0.07,0.02,0.09,0.00,1.36,0.45,0.00,0.00,0.00,0.00,0.00,0.07,0.02,0.08,0.07,0.08,Matches
1757,Pape Mamadou Sy,sn SEN,GK,Metz,fr Ligue 1,28-246,1997,1,1,76,0.8,0.00,0.00,0.00,0.00,0.00,0.00,0.00,0.00,0.00,0.00,0.00,0.00,0.00,0.00,0.00,0.00,0.00,0.00,0.00,0.00,0.00,0.00,0.00,0.00,0.00,Matches
1758,Giorgi Mamardashvili,ge GEO,GK,Liverpool,eng Premier League,25-096,2000,5,5,450,5.0,0.00,0.00,0.00,0.00,0.00,0.00,0.00,0.00,0.00,0.00,0.00,0.00,0.00,0.00,0.00,0.00,0.00,0.00,0.00,0.00,0.00,0.00,0.00,0.00,0.00,Matches
1759,Felix Mambimbi,ch SUI,"FW,MF",Le Havre,fr Ligue 1,24-350,2001,11,3,275,3.1,0.00,0.00,0.00,0.00,0.00,0.00,0.00,0.00,0.10,0.10,0.19,0.32,1.29,2.26,4.84,0.00,0.00,0.00,0.00,0.00,0.11,0.21,0.32,0.11,0.32,Matches
1760,Aitor Mañas,es ESP,FW,Alavés,es La Liga,22-363,2003,1,0,14,0.2,0.00,0.00,0.00,0.00,0.00,0.00,0.00,0.00,0.00,0.00,0.00,0.00,0.00,0.00,15.0,0.00,0.00,0.00,0.00,0.00,0.00,0.00,0.00,0.00,0.00,Matches
1761,Gianluca Mancini,it ITA,DF,Roma,it Serie A,29-261,1996,17,17,"1,507",16.7,0.00,0.06,0.06,0.00,0.00,0.00,0.24,0.00,0.05,0.05,0.03,0.08,0.72,2.87,1.14,0.00,0.06,0.06,0.00,0.06,0.05,0.03,0.08,0.05,0.08,Matches
1762,Reinildo Mandava,mz MOZ,DF,Sunderland,eng Premier League,31-347,1994,12,12,"1,022",11.4,0.00,0.00,0.00,0.00,0.00,0.00,0.35,0.09,0.01,0.01,0.00,0.01,1.58,3.60,2.19,0.00,0.00,0.00,0.00,0.00,0.01,0.00,0.01,0.01,0.01,Matches
1763,Filippo Mane,it ITA,DF,Dortmund,de Bundesliga,20-301,2005,2,1,85,0.9,0.00,0.00,0.00,0.00,0.00,0.00,0.00,1.11,0.00,0.00,0.00,0.00,0.00,4.44,0.00,0.00,0.00,0.00,0.00,0.00,0.00,0.00,0.00,0.00,0.00,Matches
1764,Mateus Mane,pt POR,"MF,FW",Wolves,eng Premier League,18-109,2007,8,2,277,3.1,0.00,0.32,0.32,0.00,0.00,0.00,0.00,0.00,0.06,0.06,0.06,0.13,3.23,2.90,7.74,0.00,0.32,0.32,0.00,0.32,0.06,0.07,0.13,0.06,0.13,Matches
1765,Orel Mangala,be BEL,MF,Lyon,fr Ligue 1,27-291,1998,1,0,6,0.1,0.00,0.00,0.00,0.00,0.00,0.00,0.00,0.00,0.00,0.00,0.00,0.00,10.0,40.0,0.00,0.00,0.00,0.00,0.00,0.00,0.00,0.00,0.00,0.00,0.00,Matches
1766,Bendito Mantato,eng ENG,FW,Manchester Utd,eng Premier League,17-343,2008,1,0,16,0.2,0.00,0.00,0.00,0.00,0.00,0.00,0.00,0.00,0.00,0.00,0.50,0.50,0.00,0.00,5.00,0.00,0.00,0.00,0.00,0.00,0.00,0.33,0.33,0.00,0.33,Matches
1767,Sekou Mara,fr FRA,FW,Auxerre,fr Ligue 1,23-157,2002,12,7,652,7.2,0.00,0.14,0.14,0.00,0.00,0.00,0.00,0.00,0.21,0.21,0.07,0.28,0.97,1.67,3.19,0.00,0.14,0.14,0.00,0.14,0.21,0.07,0.28,0.21,0.28,Matches
1768,Alessandro Marcandalli,it ITA,DF,Genoa,it Serie A,23-070,2002,11,9,807,9.0,0.00,0.00,0.00,0.00,0.00,0.00,0.22,0.00,0.02,0.02,0.00,0.02,1.00,3.22,0.56,0.00,0.00,0.00,0.00,0.00,0.02,0.00,0.02,0.02,0.02,Matches
1769,Marcão,br BRA,DF,Sevilla,es La Liga,29-212,1996,13,11,938,10.4,0.00,0.00,0.00,0.00,0.00,0.00,0.48,0.10,0.07,0.07,0.00,0.07,01.06,2.79,0.00,0.00,0.00,0.00,0.00,0.00,0.06,0.00,0.06,0.06,0.06,Matches
1770,Pablo Marí,es ESP,DF,Fiorentina,it Serie A,32-125,1993,10,9,807,9.0,0.00,0.00,0.00,0.00,0.00,0.00,0.33,0.00,0.00,0.00,0.01,0.01,0.00,2.33,0.11,0.00,0.00,0.00,0.00,0.00,0.00,0.01,0.01,0.00,0.01,Matches
1771,José María Giménez,uy URU,DF,Atlético Madrid,es La Liga,30-348,1995,7,6,544,6.0,0.00,0.00,0.00,0.00,0.00,0.00,0.33,0.00,0.18,0.18,0.00,0.18,0.00,3.83,0.00,0.00,0.00,0.00,0.00,0.00,0.17,0.00,0.17,0.17,0.17,Matches
1772,Mariano,do DOM,FW,Alavés,es La Liga,32-155,1993,9,3,281,3.1,0.00,0.00,0.00,0.00,0.00,0.00,0.32,0.00,0.06,0.06,0.23,0.26,0.65,1.94,3.55,0.00,0.00,0.00,0.00,0.00,0.05,0.21,0.27,0.05,0.27,Matches
1773,Luca Marianucci,it ITA,DF,Napoli,it Serie A,21-164,2004,1,1,90,1.0,0.00,0.00,0.00,0.00,0.00,0.00,0.00,0.00,0.00,0.00,0.10,0.10,0.00,14.0,1.00,0.00,0.00,0.00,0.00,0.00,0.02,0.05,0.07,0.02,0.07,Matches
1774,Arkaitz Mariezkurrena,es ESP,FW,Real Sociedad,es La Liga,20-273,2005,1,0,1,0.0,0,0,0,0,0,0,0,0,0.0,0.0,0.0,0.0,0,0,0,0.00,0.00,0.00,0.00,0.00,0.00,0.00,0.00,0.00,0.00,Matches
1775,Marius Marin,ro ROU,MF,Pisa,it Serie A,27-126,1998,12,9,703,7.8,0.00,0.00,0.00,0.00,0.00,0.00,0.26,0.00,0.00,0.00,0.00,0.00,0.64,3.33,1.92,0.00,0.00,0.00,0.00,0.00,0.00,0.00,0.00,0.00,0.00,Matches
1776,Pablo Marín,es ESP,MF,Real Sociedad,es La Liga,22-184,2003,15,7,666,7.4,0.00,0.00,0.00,0.00,0.00,0.00,0.14,0.00,0.08,0.08,0.03,0.11,1.89,2.16,3.24,0.00,0.00,0.00,0.00,0.00,0.08,0.02,0.10,0.08,0.10,Matches
1777,João Mário Lopes,pt POR,DF,Juventus,it Serie A,26-000,2000,9,2,242,2.7,0.00,0.00,0.00,0.00,0.00,0.00,0.37,0.00,0.04,0.04,0.07,0.11,04.07,5.56,10.0,0.00,0.00,0.00,0.00,0.00,0.03,0.07,0.10,0.03,0.10,Matches
1778,Omar Marmoush,eg EGY,"FW,MF",Manchester City,eng Premier League,26-330,1999,10,2,211,2.3,0.00,0.43,0.43,0.00,0.00,0.00,0.00,0.00,0.52,0.52,0.43,0.96,03.04,2.17,8.70,0.00,0.43,0.43,0.00,0.43,0.52,0.43,0.95,0.52,0.95,Matches
1779,Marquinhos,br BRA,DF,Paris S-G,fr Ligue 1,31-234,1994,7,5,491,5.5,0.00,0.00,0.00,0.00,0.00,0.00,0.00,0.00,0.02,0.02,0.00,0.02,0.36,5.64,0.36,0.00,0.00,0.00,0.00,0.00,0.02,0.01,0.02,0.02,0.02,Matches
1780,Callum Marshall,nir NIR,FW,West Ham,eng Premier League,21-036,2004,2,0,60,0.7,0.00,0.00,0.00,0.00,0.00,0.00,0.00,0.00,0.14,0.14,0.00,0.14,0.00,1.43,0.00,0.00,0.00,0.00,0.00,0.00,0.19,0.00,0.19,0.19,0.19,Matches
1781,Eric Martel,de GER,"MF,DF",Köln,de Bundesliga,23-249,2002,15,15,"1,298",14.4,0.00,0.14,0.14,0.00,0.00,0.00,0.28,0.00,0.01,0.01,0.08,0.09,0.21,3.47,0.97,0.00,0.14,0.14,0.00,0.14,0.01,0.08,0.09,0.01,0.09,Matches
1782,Gerard Martín,es ESP,DF,Barcelona,es La Liga,24-002,2002,16,11,912,10.1,0.00,0.00,0.00,0.00,0.00,0.00,0.30,0.00,0.00,0.00,0.05,0.05,1.39,7.13,3.76,0.00,0.00,0.00,0.00,0.00,0.00,0.05,0.05,0.00,0.05,Matches
1783,Iván Martín,es ESP,MF,Girona,es La Liga,26-323,1999,15,14,"1,198",13.3,0.00,0.08,0.08,0.00,0.00,0.00,0.30,0.08,0.01,0.01,0.05,0.05,1.50,3.76,2.18,0.00,0.08,0.08,0.00,0.08,0.01,0.05,0.05,0.01,0.05,Matches
1784,Jon Martin,es ESP,DF,Real Sociedad,es La Liga,19-255,2006,9,9,810,9.0,0.00,0.00,0.00,0.00,0.00,0.00,0.33,0.00,0.07,0.07,0.00,0.08,0.89,3.67,0.00,0.00,0.00,0.00,0.00,0.00,0.07,0.01,0.07,0.07,0.07,Matches
1785,Emiliano Martínez,ar ARG,GK,Aston Villa,eng Premier League,33-123,1992,15,15,"1,35",15.0,0.00,0.00,0.00,0.00,0.00,0.00,0.07,0.00,0.00,0.00,0.00,0.00,0.00,0.13,0.00,0.00,0.00,0.00,0.00,0.00,0.00,0.00,0.00,0.00,0.00,Matches
Rk,Player,Nation,Pos,Squad,Comp,Age,Born,MP,Starts,Min,90s,Gls,Ast,G+A,G-PK,PK,PKatt,CrdY,CrdR,xG,npxG,xAG,npxG+xAG,PrgC,PrgP,PrgR,Gls,Ast,G+A,G-PK,G+A-PK,xG,xAG,xG+xAG,npxG,npxG+xAG,Matches
1786,Joaquín Martínez Gauna,es ESP,DF,Sevilla,es La Liga,22-178,2003,3,2,205,2.3,0.00,0.43,0.43,0.00,0.00,0.00,0.43,0.00,0.04,0.04,0.30,0.35,4.35,03.04,6.52,0.00,0.44,0.44,0.00,0.44,0.04,0.32,0.36,0.04,0.36,Matches
1787,Josep Martinez,es ESP,GK,Inter,it Serie A,27-221,1998,2,2,180,2.0,0.00,0.00,0.00,0.00,0.00,0.00,0.00,0.00,0.00,0.00,0.00,0.00,0.00,0.00,0.00,0.00,0.00,0.00,0.00,0.00,0.00,0.00,0.00,0.00,0.00,Matches
1788,Lisandro Martínez,ar ARG,"DF,MF",Manchester Utd,eng Premier League,27-350,1998,7,2,278,3.1,0.00,0.00,0.00,0.00,0.00,0.00,0.00,0.00,0.00,0.00,0.16,0.19,0.97,6.13,0.00,0.00,0.00,0.00,0.00,0.00,0.01,0.17,0.18,0.01,0.18,Matches
1789,Pablo Martínez,es ESP,"MF,FW",Levante,es La Liga,27-315,1998,10,6,592,6.6,0.00,0.15,0.15,0.00,0.00,0.00,0.30,0.00,0.11,0.11,0.12,0.23,1.52,3.48,2.58,0.00,0.15,0.15,0.00,0.15,0.11,0.12,0.22,0.11,0.22,Matches
1790,Ramón Martínez,es ESP,DF,Sevilla,es La Liga,23-073,2002,2,0,102,1.1,0.00,0.00,0.00,0.00,0.00,0.00,0.00,0.00,0.00,0.00,0.00,0.00,0.91,2.73,0.00,0.00,0.00,0.00,0.00,0.00,0.00,0.00,0.00,0.00,0.00,Matches
1791,Adam Marušić,me MNE,DF,Lazio,it Serie A,33-078,1992,16,15,"1,311",14.6,0.00,0.07,0.07,0.00,0.00,0.00,0.07,0.00,0.04,0.04,0.03,0.08,1.51,3.70,3.90,0.00,0.07,0.07,0.00,0.07,0.04,0.04,0.07,0.04,0.07,Matches
1792,Adam Masina,ma MAR,DF,Torino,it Serie A,32-001,1994,5,2,235,2.6,0.00,0.38,0.38,0.00,0.00,0.00,0.00,0.00,0.00,0.00,0.08,0.08,0.00,3.46,0.00,0.00,0.38,0.38,0.00,0.38,0.00,0.07,0.07,0.00,0.07,Matches
1793,Patrizio Masini,it ITA,MF,Genoa,it Serie A,24-341,2001,16,10,968,10.8,0.00,0.00,0.00,0.00,0.00,0.00,0.28,0.00,0.12,0.12,0.03,0.15,01.02,04.07,1.11,0.00,0.00,0.00,0.00,0.00,0.12,0.03,0.15,0.12,0.15,Matches
1794,Arthur Masuaku,cd COD,"DF,MF",Sunderland,eng Premier League,32-057,1993,3,2,126,1.4,0.00,0.00,0.00,0.00,0.00,0.00,0.71,0.00,0.07,0.07,0.07,0.07,1.43,3.57,3.57,0.00,0.00,0.00,0.00,0.00,0.05,0.05,0.10,0.05,0.10,Matches
1795,Clinton Mata,ao ANG,DF,Lyon,fr Ligue 1,33-057,1992,15,15,"1,303",14.5,0.00,0.00,0.00,0.00,0.00,0.00,0.21,0.00,0.01,0.01,0.01,0.01,0.55,2.83,0.21,0.00,0.00,0.00,0.00,0.00,0.01,0.00,0.01,0.01,0.01,Matches
1796,Rudy Matondo,fr FRA,MF,Auxerre,fr Ligue 1,17-296,2008,13,5,495,5.5,0.00,0.00,0.00,0.00,0.00,0.00,0.55,0.00,0.02,0.02,0.02,0.04,0.55,03.09,1.64,0.00,0.00,0.00,0.00,0.00,0.02,0.01,0.03,0.02,0.03,Matches
1797,Alan Matturro,uy URU,DF,Levante,es La Liga,21-084,2004,5,2,178,2.0,0.00,0.00,0.00,0.00,0.00,0.00,0.00,0.00,0.00,0.00,0.00,0.00,1.50,3.50,0.00,0.00,0.00,0.00,0.00,0.00,0.01,0.00,0.01,0.01,0.01,Matches
1798,Neal Maupay,fr FRA,FW,Marseille,fr Ligue 1,29-142,1996,1,0,2,0.0,0,0,0,0,0,0,0,0,0.0,0.0,0.0,0.0,0,0,0,0.00,0.00,0.00,0.00,0.00,0.00,0.00,0.00,0.00,0.00,Matches
1799,Konstantinos Mavropanos,gr GRE,DF,West Ham,eng Premier League,28-023,1997,12,9,913,10.1,0.00,0.00,0.00,0.00,0.00,0.00,0.10,0.00,0.06,0.06,0.00,0.06,0.20,2.48,0.00,0.00,0.00,0.00,0.00,0.00,0.06,0.00,0.06,0.06,0.06,Matches
1800,Christian Mawissa,fr FRA,DF,Monaco,fr Ligue 1,20-260,2005,6,6,518,5.8,0.00,0.00,0.00,0.00,0.00,0.00,0.17,0.00,0.00,0.00,0.00,0.00,0.69,3.28,0.34,0.00,0.00,0.00,0.00,0.00,0.00,0.00,0.00,0.00,0.00,Matches
1801,Ezra Mayers,bb BRB,DF,West Ham,eng Premier League,18-352,2007,3,0,43,0.5,0.00,0.00,0.00,0.00,0.00,0.00,0.00,0.00,0.20,0.20,0.40,0.60,0.00,2.00,10.0,0.00,0.00,0.00,0.00,0.00,0.25,0.45,0.70,0.25,0.70,Matches
1802,Noussair Mazraoui,ma MAR,DF,Manchester Utd,eng Premier League,28-050,1997,9,6,442,4.9,0.00,0.00,0.00,0.00,0.00,0.00,0.20,0.00,0.00,0.00,0.02,0.02,1.84,9.59,4.29,0.00,0.00,0.00,0.00,0.00,0.00,0.01,0.02,0.00,0.02,Matches
1803,Luca Mazzitelli,it ITA,MF,Cagliari,it Serie A,30-049,1995,8,2,240,2.7,0.00,0.37,0.37,0.00,0.00,0.00,0.74,0.00,0.07,0.07,0.15,0.22,1.48,5.19,1.11,0.00,0.37,0.37,0.00,0.37,0.06,0.15,0.21,0.06,0.21,Matches
1804,Pasquale Mazzocchi,it ITA,MF,Napoli,it Serie A,30-160,1995,2,0,24,0.3,0.00,0.00,0.00,0.00,0.00,0.00,0.00,0.00,0.00,0.00,0.00,0.00,0.00,0.00,3.33,0.00,0.00,0.00,0.00,0.00,0.13,0.00,0.13,0.13,0.13,Matches
1805,Malick Mbaye,sn SEN,"FW,DF",Metz,fr Ligue 1,21-272,2004,3,1,121,1.3,0.00,0.00,0.00,0.00,0.00,0.00,0.77,0.00,0.08,0.08,0.08,0.15,03.08,0.77,5.38,0.00,0.00,0.00,0.00,0.00,0.08,0.06,0.14,0.08,0.14,Matches
1806,Chancel Mbemba,cd COD,DF,Lille,fr Ligue 1,31-148,1994,8,5,593,6.6,0.00,0.00,0.00,0.00,0.00,0.00,0.30,0.00,0.05,0.05,0.03,0.08,0.45,5.30,0.15,0.00,0.00,0.00,0.00,0.00,0.04,0.04,0.08,0.04,0.08,Matches
1807,Michel Mboula,ga GAB,DF,Metz,fr Ligue 1,22-248,2003,3,3,175,1.9,0.00,0.00,0.00,0.00,0.00,0.00,0.00,0.00,0.00,0.00,0.00,0.00,0.53,3.68,1.58,0.00,0.00,0.00,0.00,0.00,0.00,0.00,0.00,0.00,0.00,Matches
1808,Moustapha Mbow,sn SEN,DF,Paris FC,fr Ligue 1,25-301,2000,15,15,"1,35",15.0,0.00,0.00,0.00,0.00,0.00,0.00,0.13,0.00,0.03,0.03,0.01,0.04,0.07,3.00,0.20,0.00,0.00,0.00,0.00,0.00,0.03,0.01,0.04,0.03,0.04,Matches
1809,James Mcatee,eng ENG,"MF,FW",Nott'ham Forest,eng Premier League,23-077,2002,6,1,153,1.7,0.00,0.00,0.00,0.00,0.00,0.00,0.00,0.00,0.00,0.00,0.24,0.24,2.94,5.88,5.88,0.00,0.00,0.00,0.00,0.00,0.01,0.21,0.22,0.01,0.22,Matches
1810,Weston McKennie,us USA,"DF,MF",Juventus,it Serie A,27-128,1998,16,12,"1,099",12.2,0.00,0.16,0.16,0.00,0.00,0.00,0.25,0.00,0.18,0.18,0.16,0.34,1.64,5.33,4.67,0.00,0.16,0.16,0.00,0.16,0.18,0.16,0.33,0.18,0.33,Matches
1811,Mark McKenzie,us USA,DF,Toulouse,fr Ligue 1,26-312,1999,16,15,"1,357",15.1,0.00,0.07,0.07,0.00,0.00,0.00,0.20,0.00,0.02,0.02,0.05,0.07,0.46,2.72,0.73,0.00,0.07,0.07,0.00,0.07,0.02,0.05,0.07,0.02,0.07,Matches
1812,Dwight McNeil,eng ENG,"FW,MF",Everton,eng Premier League,26-042,1999,10,3,352,3.9,0.00,0.26,0.26,0.00,0.00,0.00,0.00,0.00,0.10,0.10,0.13,0.23,0.77,2.82,4.36,0.00,0.26,0.26,0.00,0.26,0.10,0.14,0.24,0.10,0.24,Matches
1813,Facundo Medina,ar ARG,DF,Marseille,fr Ligue 1,26-220,1999,2,2,144,1.6,0.00,0.00,0.00,0.00,0.00,0.00,0.00,0.00,0.00,0.00,0.00,0.00,1.88,8.13,1.88,0.00,0.00,0.00,0.00,0.00,0.00,0.00,0.00,0.00,0.00,Matches
1814,Jonas Meffert,de GER,MF,Hamburger SV,de Bundesliga,31-121,1994,4,1,145,1.6,0.00,0.00,0.00,0.00,0.00,0.00,0.00,0.00,0.00,0.00,0.06,0.06,0.00,1.88,0.63,0.00,0.00,0.00,0.00,0.00,0.00,0.05,0.05,0.00,0.05,Matches
1815,Bamo Meïté,ci CIV,DF,Lorient,fr Ligue 1,24-031,2001,10,10,848,9.4,0.00,0.11,0.11,0.00,0.00,0.00,0.21,0.00,0.06,0.06,0.04,0.11,01.06,3.40,0.74,0.00,0.11,0.11,0.00,0.11,0.06,0.05,0.11,0.06,0.11,Matches
1816,Hannibal Mejbri,tn TUN,MF,Burnley,eng Premier League,22-347,2003,13,4,403,4.5,0.00,0.22,0.22,0.00,0.00,0.00,0.67,0.00,0.07,0.07,0.24,0.29,2.67,4.00,3.33,0.00,0.22,0.22,0.00,0.22,0.06,0.24,0.30,0.06,0.30,Matches
1817,Cléo Melieres,fr FRA,DF,Metz,fr Ligue 1,20-265,2005,2,0,31,0.3,0.00,0.00,0.00,0.00,0.00,0.00,3.33,0.00,0.00,0.00,0.00,0.00,0.00,0.00,10.0,0.00,0.00,0.00,0.00,0.00,0.00,0.00,0.00,0.00,0.00,Matches
1818,Antoine Mendy,sn SEN,DF,Nice,fr Ligue 1,21-221,2004,14,14,"1,231",13.7,0.00,0.00,0.00,0.00,0.00,0.00,0.36,0.00,0.04,0.04,0.00,0.04,01.02,4.45,01.02,0.00,0.00,0.00,0.00,0.00,0.04,0.00,0.04,0.04,0.04,Matches
1819,Formose Mendy,sn SEN,DF,Lorient,fr Ligue 1,25-001,2001,2,2,135,1.5,0.00,0.00,0.00,0.00,0.00,0.00,0.67,0.00,0.00,0.00,0.00,0.00,1.33,3.33,0.00,0.00,0.00,0.00,0.00,0.00,0.00,0.00,0.00,0.00,0.00,Matches
1820,Gideon Mensah,gh GHA,DF,Auxerre,fr Ligue 1,27-169,1998,15,12,"1,063",11.8,0.00,0.00,0.00,0.00,0.00,0.00,0.34,0.00,0.00,0.00,0.05,0.05,1.44,3.81,2.80,0.00,0.00,0.00,0.00,0.00,0.00,0.05,0.05,0.00,0.05,Matches
Rk,Player,Nation,Pos,Squad,Comp,Age,Born,MP,Starts,Min,90s,Gls,Ast,G+A,G-PK,PK,PKatt,CrdY,CrdR,xG,npxG,xAG,npxG+xAG,PrgC,PrgP,PrgR,Gls,Ast,G+A,G-PK,G+A-PK,xG,xAG,xG+xAG,npxG,npxG+xAG,Matches
1821,Khalis Merah,fr FRA,"MF,FW",Lyon,fr Ligue 1,18-313,2007,10,7,517,5.7,0.00,0.00,0.00,0.00,0.00,0.00,0.35,0.00,0.11,0.11,0.12,0.23,2.28,4.21,2.98,0.00,0.00,0.00,0.00,0.00,0.10,0.13,0.23,0.10,0.23,Matches
1822,Alex Meret,it ITA,GK,Napoli,it Serie A,28-287,1997,4,4,360,4.0,0.00,0.00,0.00,0.00,0.00,0.00,0.00,0.00,0.00,0.00,0.00,0.00,0.00,0.00,0.00,0.00,0.00,0.00,0.00,0.00,0.00,0.00,0.00,0.00,0.00,Matches
1823,Quentin Merlin,fr FRA,DF,Rennes,fr Ligue 1,23-232,2002,15,10,"1,023",11.4,0.00,0.26,0.26,0.00,0.00,0.00,0.00,0.00,0.06,0.06,0.19,0.25,2.19,4.47,7.37,0.00,0.26,0.26,0.00,0.26,0.06,0.19,0.26,0.06,0.26,Matches
1824,Rafik Messali,fr FRA,"MF,DF",Toulouse,fr Ligue 1,22-250,2003,7,1,195,2.2,0.00,0.00,0.00,0.00,0.00,0.00,0.91,0.00,0.00,0.00,0.00,0.00,0.91,3.18,3.64,0.00,0.00,0.00,0.00,0.00,0.00,0.01,0.01,0.00,0.01,Matches
1825,Junior Messias,br BRA,"FW,MF",Genoa,it Serie A,34-235,1991,4,0,112,1.2,0.00,0.00,0.00,0.00,0.00,0.00,0.00,0.00,0.08,0.08,0.00,0.08,0.00,4.17,6.67,0.00,0.00,0.00,0.00,0.00,0.11,0.00,0.11,0.11,0.11,Matches
1826,Alejandro Mestanza,es ESP,MF,Getafe,es La Liga,21-027,2004,1,0,9,0.1,0.00,0.00,0.00,0.00,0.00,0.00,0.00,0.00,0.00,0.00,0.00,0.00,0.00,0.00,0.00,0.00,0.00,0.00,0.00,0.00,0.00,0.00,0.00,0.00,0.00,Matches
1827,Connor Metcalfe,au AUS,"MF,FW",St. Pauli,de Bundesliga,26-059,1999,14,1,274,3.0,0.00,0.33,0.33,0.00,0.00,0.00,0.00,0.00,0.13,0.13,0.10,0.27,2.67,5.00,10.3,0.00,0.33,0.33,0.00,0.33,0.15,0.10,0.25,0.15,0.25,Matches
1828,Dayann Methalie,fr FRA,"DF,MF",Toulouse,fr Ligue 1,19-322,2006,16,14,"1,16",12.9,0.00,0.00,0.00,0.00,0.00,0.00,0.31,0.00,0.05,0.05,0.09,0.13,02.02,1.78,5.19,0.00,0.00,0.00,0.00,0.00,0.05,0.08,0.13,0.05,0.13,Matches
1829,Karol Mets,ee EST,DF,St. Pauli,de Bundesliga,32-232,1993,9,8,717,8.0,0.00,0.00,0.00,0.00,0.00,0.00,0.13,0.00,0.01,0.01,0.00,0.01,1.00,3.63,0.38,0.00,0.00,0.00,0.00,0.00,0.01,0.00,0.01,0.01,0.01,Matches
1830,Thomas Meunier,be BEL,DF,Lille,fr Ligue 1,34-113,1991,12,12,"1,042",11.6,0.00,0.00,0.00,0.00,0.00,0.00,0.17,0.00,0.05,0.05,0.15,0.20,1.98,4.74,5.26,0.00,0.00,0.00,0.00,0.00,0.05,0.15,0.20,0.05,0.20,Matches
1831,Lucas Michal,fr FRA,"FW,MF",Monaco,fr Ligue 1,20-196,2005,2,0,59,0.7,0.00,0.00,0.00,0.00,0.00,0.00,0.00,0.00,0.14,0.14,0.00,0.14,1.43,2.86,8.57,0.00,0.00,0.00,0.00,0.00,0.12,0.00,0.12,0.12,0.12,Matches
1832,Wisdom Mike,de GER,FW,Bayern Munich,de Bundesliga,17-101,2008,3,0,16,0.2,0.00,0.00,0.00,0.00,0.00,0.00,0.00,0.00,0.50,0.50,0.00,0.50,0.00,5.00,10.0,0.00,0.00,0.00,0.00,0.00,0.51,0.00,0.51,0.51,0.51,Matches
1833,William Mikelbrencis,fr FRA,"MF,DF",Hamburger SV,de Bundesliga,21-312,2004,12,6,497,5.5,0.00,0.00,0.00,0.00,0.00,0.00,0.00,0.00,0.15,0.15,0.05,0.20,3.27,03.09,6.00,0.00,0.00,0.00,0.00,0.00,0.14,0.05,0.20,0.14,0.20,Matches
1834,Antoni Milambo,nl NED,MF,Brentford,eng Premier League,20-275,2005,1,1,45,0.5,0.00,0.00,0.00,0.00,0.00,0.00,0.00,0.00,0.00,0.00,0.00,0.00,2.00,6.00,2.00,0.00,0.00,0.00,0.00,0.00,0.00,0.00,0.00,0.00,0.00,Matches
1835,Nikola Milenković,rs SRB,DF,Nott'ham Forest,eng Premier League,28-083,1997,19,19,"1,71",19.0,0.00,0.00,0.00,0.00,0.00,0.00,0.21,0.00,0.04,0.04,0.02,0.06,0.26,2.53,0.21,0.00,0.00,0.00,0.00,0.00,0.04,0.02,0.06,0.04,0.06,Matches
1836,Vanja Milinković-Savić,rs SRB,GK,Napoli,it Serie A,28-317,1997,12,12,"1,08",12.0,0.00,0.00,0.00,0.00,0.00,0.00,0.00,0.00,0.00,0.00,0.00,0.00,0.00,0.00,0.00,0.00,0.00,0.00,0.00,0.00,0.00,0.00,0.00,0.00,0.00,Matches
1837,Luis Milla,es ESP,MF,Getafe,es La Liga,31-088,1994,17,17,"1,484",16.5,0.00,0.42,0.42,0.00,0.00,0.00,0.18,0.06,0.02,0.02,0.17,0.19,0.91,4.73,1.45,0.00,0.42,0.42,0.00,0.42,0.03,0.17,0.19,0.03,0.19,Matches
1838,Lennon Miller,sct SCO,MF,Udinese,it Serie A,19-131,2006,5,0,81,0.9,0.00,0.00,0.00,0.00,0.00,0.00,1.11,0.00,0.11,0.11,0.11,0.22,0.00,2.22,2.22,0.00,0.00,0.00,0.00,0.00,0.07,0.11,0.18,0.07,0.18,Matches
1839,Veljko Milosavljević,rs SRB,DF,Bournemouth,eng Premier League,18-189,2007,5,4,366,4.1,0.00,0.00,0.00,0.00,0.00,0.00,0.00,0.00,0.05,0.05,0.02,0.05,0.73,2.93,0.00,0.00,0.00,0.00,0.00,0.00,0.04,0.01,0.05,0.04,0.05,Matches
1840,Kim Min-jae,kr KOR,DF,Bayern Munich,de Bundesliga,29-049,1996,9,6,524,5.8,0.00,0.17,0.17,0.00,0.00,0.00,0.00,0.00,0.02,0.02,0.05,0.05,1.72,4.83,0.17,0.00,0.17,0.17,0.00,0.17,0.01,0.05,0.06,0.01,0.06,Matches
1841,Tyrone Mings,eng ENG,DF,Aston Villa,eng Premier League,32-296,1993,7,6,498,5.5,0.00,0.00,0.00,0.00,0.00,0.00,0.00,0.00,0.05,0.05,0.02,0.07,0.18,4.91,0.55,0.00,0.00,0.00,0.00,0.00,0.05,0.02,0.07,0.05,0.07,Matches
1842,Bojan Miovski,mk MKD,FW,Girona,es La Liga,26-193,1999,1,1,44,0.5,0.00,0.00,0.00,0.00,0.00,0.00,0.00,0.00,0.00,0.00,0.00,0.00,0.00,0.00,0.00,0.00,0.00,0.00,0.00,0.00,0.00,0.00,0.00,0.00,0.00,Matches
1843,Fabio Miretti,it ITA,MF,Juventus,it Serie A,22-153,2003,6,0,71,0.8,0.00,0.00,0.00,0.00,0.00,0.00,1.25,0.00,0.00,0.00,0.13,0.25,3.75,11.3,10.0,0.00,0.00,0.00,0.00,0.00,0.03,0.17,0.20,0.03,0.20,Matches
1844,Henrikh Mkhitaryan,am ARM,MF,Inter,it Serie A,36-347,1989,10,6,534,5.9,0.00,0.00,0.00,0.00,0.00,0.00,0.34,0.00,0.19,0.19,0.03,0.22,2.88,7.29,5.25,0.00,0.00,0.00,0.00,0.00,0.19,0.03,0.22,0.19,0.22,Matches
1845,Tadjidine Mmadi,fr FRA,FW,Marseille,fr Ligue 1,18-306,2007,2,0,16,0.2,0.00,0.00,0.00,0.00,0.00,0.00,0.00,0.00,0.00,0.00,0.00,0.00,0.00,0.00,20.0,0.00,0.00,0.00,0.00,0.00,0.00,0.10,0.10,0.00,0.10,Matches
1846,Rui Modesto,ao ANG,"DF,MF",Udinese,it Serie A,26-088,1999,3,0,119,1.3,0.00,0.77,0.77,0.00,0.00,0.00,0.00,0.00,0.00,0.00,0.23,0.23,0.77,03.08,6.15,0.00,0.76,0.76,0.00,0.76,0.01,0.23,0.24,0.01,0.24,Matches
1847,Max Moerstedt,de GER,"FW,DF",Hoffenheim,de Bundesliga,19-353,2006,9,0,180,2.0,0.00,0.00,0.00,0.00,0.00,0.00,0.50,0.00,0.00,0.00,0.00,0.00,1.00,2.00,7.50,0.00,0.00,0.00,0.00,0.00,0.02,0.00,0.02,0.02,0.02,Matches
1848,Wael Mohya,de GER,MF,Gladbach,de Bundesliga,17-003,2008,2,0,45,0.5,0.00,0.00,0.00,0.00,0.00,0.00,0.00,0.00,0.20,0.20,0.00,0.20,8.00,4.00,16.0,0.00,0.00,0.00,0.00,0.00,0.20,0.00,0.20,0.20,0.20,Matches
1849,Johan Mojica,co COL,DF,Mallorca,es La Liga,33-135,1992,17,14,"1,31",14.6,0.00,0.21,0.21,0.00,0.00,0.00,0.14,0.00,0.01,0.01,0.14,0.16,1.85,3.84,3.84,0.00,0.21,0.21,0.00,0.21,0.02,0.14,0.15,0.02,0.15,Matches
1850,Enzo Molebe,fr FRA,FW,Lyon,fr Ligue 1,18-107,2007,1,0,10,0.1,0.00,0.00,0.00,0.00,0.00,0.00,0.00,0.00,0.00,0.00,0.00,0.00,10.0,0.00,0.00,0.00,0.00,0.00,0.00,0.00,0.00,0.00,0.00,0.00,0.00,Matches
1851,Nahuel Molina,ar ARG,DF,Atlético Madrid,es La Liga,27-272,1998,13,6,541,6.0,0.00,0.17,0.17,0.00,0.00,0.00,0.17,0.00,0.00,0.00,0.20,0.20,1.83,3.67,4.00,0.00,0.17,0.17,0.00,0.17,0.01,0.19,0.20,0.01,0.20,Matches
1852,Jon Moncayola,es ESP,"MF,DF",Osasuna,es La Liga,27-235,1998,17,17,"1,481",16.5,0.00,0.12,0.12,0.00,0.00,0.00,0.18,0.00,0.04,0.04,0.13,0.16,0.97,5.27,2.67,0.00,0.12,0.12,0.00,0.12,0.03,0.13,0.16,0.03,0.16,Matches
1853,Lorenzo Montipò,it ITA,GK,Hellas Verona,it Serie A,29-317,1996,16,16,"1,44",16.0,0.00,0.00,0.00,0.00,0.00,0.00,0.00,0.00,0.00,0.00,0.00,0.00,0.00,0.00,0.00,0.00,0.00,0.00,0.00,0.00,0.00,0.00,0.00,0.00,0.00,Matches
1854,Álvaro Morata,es ESP,FW,Como,it Serie A,33-072,1992,13,8,635,7.1,0.00,0.14,0.14,0.00,0.00,0.14,0.14,0.00,0.49,0.38,0.10,0.46,0.70,1.97,5.92,0.00,0.14,0.14,0.00,0.14,0.50,0.09,0.59,0.38,0.47,Matches
1855,Morato,br BRA,DF,Nott'ham Forest,eng Premier League,24-187,2001,9,8,709,7.9,0.00,0.00,0.00,0.00,0.00,0.00,0.51,0.00,0.00,0.00,0.00,0.00,0.38,3.92,0.13,0.00,0.00,0.00,0.00,0.00,0.00,0.00,0.00,0.00,0.00,Matches
Rk,Player,Nation,Pos,Squad,Comp,Age,Born,MP,Starts,Min,90s,Gls,Ast,G+A,G-PK,PK,PKatt,CrdY,CrdR,xG,npxG,xAG,npxG+xAG,PrgC,PrgP,PrgR,Gls,Ast,G+A,G-PK,G+A-PK,xG,xAG,xG+xAG,npxG,npxG+xAG,Matches
1856,Diego Morcillo,es ESP,"FW,MF",Alavés,es La Liga,22-199,2003,1,0,10,0.1,0.00,0.00,0.00,0.00,0.00,0.00,0.00,0.00,4.00,4.00,0.00,4.00,0.00,10.0,20.0,0.00,0.00,0.00,0.00,0.00,04.02,0.00,04.02,04.02,04.02,Matches
1857,Álex Moreno,es ESP,DF,Girona,es La Liga,32-209,1993,16,15,"1,395",15.5,0.00,0.06,0.06,0.00,0.00,0.00,0.06,0.00,0.09,0.09,0.06,0.15,3.35,3.74,4.58,0.00,0.06,0.06,0.00,0.06,0.09,0.07,0.15,0.09,0.15,Matches
1858,Fabio Moreno Fell,de GER,FW,Mainz 05,de Bundesliga,25-213,2000,1,1,76,0.8,0.00,0.00,0.00,0.00,0.00,0.00,0.00,0.00,0.13,0.13,0.00,0.13,3.75,1.25,6.25,0.00,0.00,0.00,0.00,0.00,0.09,0.00,0.09,0.09,0.09,Matches
1859,Matias Moreno,ar ARG,DF,Levante,es La Liga,22-101,2003,11,10,855,9.5,0.00,0.00,0.00,0.00,0.00,0.00,0.21,0.00,0.04,0.04,0.01,0.05,1.16,2.42,0.11,0.00,0.00,0.00,0.00,0.00,0.05,0.01,0.05,0.05,0.05,Matches
1860,Tete Morente,es ESP,"FW,MF",Lecce,it Serie A,29-030,1996,13,9,812,9.0,0.00,0.00,0.00,0.00,0.00,0.00,0.22,0.00,0.08,0.08,0.07,0.14,2.44,3.56,6.78,0.00,0.00,0.00,0.00,0.00,0.08,0.07,0.15,0.08,0.15,Matches
1861,Ilaix Moriba,gn GUI,MF,Celta Vigo,es La Liga,22-349,2003,17,11,"1,06",11.8,0.00,0.08,0.08,0.00,0.00,0.00,0.17,0.00,0.05,0.05,0.11,0.16,0.93,4.32,3.22,0.00,0.08,0.08,0.00,0.08,0.06,0.11,0.16,0.06,0.16,Matches
1862,Luca Moro,it ITA,FW,Sassuolo,it Serie A,24-343,2001,6,0,77,0.9,0.00,0.00,0.00,0.00,0.00,0.00,0.00,0.00,0.22,0.22,0.56,0.78,1.11,3.33,7.78,0.00,0.00,0.00,0.00,0.00,0.22,0.56,0.79,0.22,0.79,Matches
1863,Daren Mosengo,fr FRA,MF,Le Havre,fr Ligue 1,19-145,2006,1,0,12,0.1,0.00,0.00,0.00,0.00,0.00,0.00,0.00,0.00,0.00,0.00,0.00,0.00,0.00,20.0,0.00,0.00,0.00,0.00,0.00,0.00,0.00,0.00,0.00,0.00,0.00,Matches
1864,Cristhian Mosquera,es ESP,DF,Arsenal,eng Premier League,21-190,2004,10,4,433,4.8,0.00,0.00,0.00,0.00,0.00,0.00,0.21,0.00,0.00,0.00,0.02,0.02,1.67,3.13,0.42,0.00,0.00,0.00,0.00,0.00,0.00,0.01,0.01,0.00,0.01,Matches
1865,Daniel Mosquera,co COL,FW,Hellas Verona,it Serie A,26-075,1999,11,4,375,4.2,0.00,0.48,0.48,0.00,0.00,0.00,0.24,0.00,0.12,0.12,0.10,0.21,0.95,0.95,6.43,0.00,0.48,0.48,0.00,0.48,0.12,0.10,0.23,0.12,0.23,Matches
1866,Yerson Mosquera,co COL,DF,Wolves,eng Premier League,24-246,2001,10,8,686,7.6,0.00,0.00,0.00,0.00,0.00,0.00,0.66,0.00,0.08,0.08,0.03,0.12,0.53,01.05,0.92,0.00,0.00,0.00,0.00,0.00,0.08,0.03,0.12,0.08,0.12,Matches
1867,Samir El Mourabet,ma MAR,MF,Strasbourg,fr Ligue 1,20-089,2005,16,11,916,10.2,0.00,0.00,0.00,0.00,0.00,0.00,0.20,0.00,0.02,0.02,0.09,0.11,0.39,5.69,0.88,0.00,0.00,0.00,0.00,0.00,0.02,0.09,0.11,0.02,0.11,Matches
1868,Santiago Mouriño,uy URU,DF,Villarreal,es La Liga,23-324,2002,10,10,886,9.8,0.00,0.10,0.10,0.00,0.00,0.00,0.61,0.10,0.03,0.03,0.01,0.03,1.22,3.27,0.31,0.00,0.10,0.10,0.00,0.10,0.03,0.01,0.03,0.03,0.03,Matches
1869,Louis Mouton,fr FRA,MF,Angers,fr Ligue 1,23-214,2002,15,13,977,10.9,0.00,0.09,0.09,0.00,0.00,0.00,0.00,0.09,0.14,0.14,0.18,0.31,01.01,3.12,3.21,0.00,0.09,0.09,0.00,0.09,0.14,0.18,0.32,0.14,0.32,Matches
1870,Miro Muheim,ch SUI,"MF,DF",Hamburger SV,de Bundesliga,27-285,1998,15,14,"1,283",14.3,0.00,0.21,0.21,0.00,0.00,0.00,0.14,0.00,0.04,0.03,0.20,0.23,2.59,06.01,2.31,0.00,0.21,0.21,0.00,0.21,0.04,0.19,0.24,0.04,0.23,Matches
1871,Divine Mukasa,eng ENG,MF,Manchester City,eng Premier League,18-134,2007,1,0,16,0.2,0.00,0.00,0.00,0.00,0.00,0.00,0.00,0.00,0.00,0.00,0.50,0.50,5.00,15.0,0.00,0.00,0.00,0.00,0.00,0.00,0.00,0.62,0.62,0.00,0.62,Matches
1872,Nordan Mukiele,fr FRA,MF,Rennes,fr Ligue 1,19-325,2006,1,0,29,0.3,0.00,0.00,0.00,0.00,0.00,0.00,0.00,0.00,0.33,0.33,0.33,0.67,0.00,0.00,13.3,0.00,0.00,0.00,0.00,0.00,0.26,0.41,0.67,0.26,0.67,Matches
1873,Romaine Mundle,eng ENG,"FW,MF",Sunderland,eng Premier League,22-254,2003,6,0,107,1.2,0.00,0.00,0.00,0.00,0.00,0.00,0.83,0.00,0.08,0.08,0.00,0.08,5.00,2.50,7.50,0.00,0.00,0.00,0.00,0.00,0.10,0.00,0.10,0.10,0.10,Matches
1874,Aihen Muñoz,es ESP,DF,Real Sociedad,es La Liga,28-140,1997,11,5,470,5.2,0.00,0.00,0.00,0.00,0.00,0.00,0.19,0.00,0.04,0.04,0.04,0.06,1.15,3.27,3.65,0.00,0.00,0.00,0.00,0.00,0.03,0.03,0.06,0.03,0.06,Matches
1875,Iker Muñoz,es ESP,MF,Osasuna,es La Liga,23-059,2002,6,1,279,3.1,0.00,0.00,0.00,0.00,0.00,0.00,0.65,0.00,0.00,0.00,0.00,0.00,0.65,3.55,1.61,0.00,0.00,0.00,0.00,0.00,0.01,0.00,0.01,0.01,0.01,Matches
1876,Javier Muñoz,es ESP,"MF,FW",Getafe,es La Liga,30-309,1995,9,2,293,3.3,0.00,0.00,0.00,0.00,0.00,0.00,0.00,0.00,0.06,0.06,0.03,0.09,1.52,3.33,4.85,0.00,0.00,0.00,0.00,0.00,0.07,0.03,0.10,0.07,0.10,Matches
1877,Arijanet Muric,xk KVX,GK,Sassuolo,it Serie A,27-057,1998,16,16,"1,44",16.0,0.00,0.00,0.00,0.00,0.00,0.00,0.19,0.00,0.00,0.00,0.00,0.00,0.00,0.00,0.00,0.00,0.00,0.00,0.00,0.00,0.00,0.00,0.00,0.00,0.00,Matches
1878,Yunus Musah,us USA,"MF,DF",Atalanta,it Serie A,23-035,2002,8,1,220,2.4,0.00,0.00,0.00,0.00,0.00,0.00,0.00,0.00,0.08,0.08,0.00,0.08,2.50,4.58,4.58,0.00,0.00,0.00,0.00,0.00,0.10,0.00,0.10,0.10,0.10,Matches
1879,Yunus Musah,us USA,DF,Milan,it Serie A,23-035,2002,1,1,90,1.0,0.00,0.00,0.00,0.00,0.00,0.00,0.00,0.00,0.00,0.00,0.40,0.40,4.00,4.00,8.00,0.00,0.00,0.00,0.00,0.00,0.00,0.36,0.36,0.00,0.36,Matches
1880,Almoatasem Al Musrati,ly LBY,MF,Hellas Verona,it Serie A,29-272,1996,7,3,359,4.0,0.00,0.25,0.25,0.00,0.00,0.00,0.75,0.00,0.05,0.05,0.07,0.13,0.00,6.25,0.25,0.00,0.25,0.25,0.00,0.25,0.04,0.08,0.12,0.04,0.12,Matches
1881,Juan Musso,ar ARG,GK,Atlético Madrid,es La Liga,31-242,1994,1,1,90,1.0,0.00,0.00,0.00,0.00,0.00,0.00,1.00,0.00,0.00,0.00,0.00,0.00,0.00,0.00,0.00,0.00,0.00,0.00,0.00,0.00,0.00,0.00,0.00,0.00,0.00,Matches
1882,Cheveyo Muy,nl NED,FW,Milan,it Serie A,,,2,0,5,0.1,0.00,0.00,0.00,0.00,0.00,0.00,0.00,0.00,1.00,1.00,0.00,1.00,10.0,0.00,10.0,0.00,0.00,0.00,0.00,0.00,1.32,0.00,1.32,1.32,1.32,Matches
1883,Yvon Mvogo,ch SUI,GK,Lorient,fr Ligue 1,31-211,1994,13,13,"1,17",13.0,0.00,0.00,0.00,0.00,0.00,0.00,0.00,0.00,0.00,0.00,0.00,0.00,0.00,0.08,0.00,0.00,0.00,0.00,0.00,0.00,0.00,0.00,0.00,0.00,0.00,Matches
1884,Joel Mvuka,no NOR,"DF,MF",Lorient,fr Ligue 1,23-052,2002,13,4,469,5.2,0.00,0.00,0.00,0.00,0.00,0.00,0.00,0.00,0.08,0.08,0.08,0.15,3.27,1.92,6.92,0.00,0.00,0.00,0.00,0.00,0.08,0.07,0.15,0.08,0.15,Matches
1885,Junior Mwanga,fr FRA,"DF,MF",Strasbourg,fr Ligue 1,22-237,2003,2,2,180,2.0,0.00,0.00,0.00,0.00,0.00,0.00,0.00,0.00,0.00,0.00,0.05,0.05,3.00,12.0,3.00,0.00,0.00,0.00,0.00,0.00,0.01,0.03,0.04,0.01,0.04,Matches
1886,Phillipp Mwene,at AUT,DF,Mainz 05,de Bundesliga,31-339,1994,13,13,"1,037",11.5,0.00,0.00,0.00,0.00,0.00,0.00,0.26,0.00,0.04,0.04,0.06,0.10,0.96,3.13,4.87,0.00,0.00,0.00,0.00,0.00,0.04,0.06,0.11,0.04,0.11,Matches
1887,Vitaliy Mykolenko,ua UKR,DF,Everton,eng Premier League,26-219,1999,16,16,"1,435",15.9,0.00,0.00,0.00,0.00,0.00,0.00,0.25,0.00,0.01,0.01,0.04,0.04,1.38,4.72,3.46,0.00,0.00,0.00,0.00,0.00,0.01,0.03,0.04,0.01,0.04,Matches
1888,Joakim Mæhle,dk DEN,"DF,FW",Wolfsburg,de Bundesliga,28-228,1997,7,5,424,4.7,0.00,0.21,0.21,0.00,0.00,0.00,0.00,0.00,0.09,0.09,0.21,0.30,1.49,3.19,4.89,0.00,0.21,0.21,0.00,0.21,0.09,0.21,0.30,0.09,0.30,Matches
1889,David Møller Wolfe,no NOR,"DF,MF",Wolves,eng Premier League,23-255,2002,13,8,704,7.8,0.00,0.26,0.26,0.00,0.00,0.00,0.13,0.00,0.01,0.01,0.21,0.23,1.79,2.31,4.62,0.00,0.26,0.26,0.00,0.26,0.02,0.21,0.22,0.02,0.22,Matches
1890,Obite N'Dicka,ci CIV,DF,Roma,it Serie A,26-136,1999,15,15,"1,294",14.4,0.00,0.00,0.00,0.00,0.00,0.00,0.21,0.00,0.07,0.07,0.01,0.08,0.56,3.13,0.42,0.00,0.00,0.00,0.00,0.00,0.07,0.01,0.08,0.07,0.08,Matches
Rk,Player,Nation,Pos,Squad,Comp,Age,Born,MP,Starts,Min,90s,Gls,Ast,G+A,G-PK,PK,PKatt,CrdY,CrdR,xG,npxG,xAG,npxG+xAG,PrgC,PrgP,PrgR,Gls,Ast,G+A,G-PK,G+A-PK,xG,xAG,xG+xAG,npxG,npxG+xAG,Matches
1891,Bilal Nadir,ma MAR,"MF,FW",Marseille,fr Ligue 1,22-036,2003,12,3,362,4.0,0.00,1.00,1.00,0.00,0.00,0.00,0.25,0.00,0.13,0.13,0.45,0.57,3.25,4.50,6.75,0.00,0.99,0.99,0.00,0.99,0.11,0.45,0.56,0.11,0.56,Matches
1892,Mahamadou Nagida,cm CMR,DF,Rennes,fr Ligue 1,20-189,2005,5,0,86,1.0,0.00,0.00,0.00,0.00,0.00,0.00,1.00,0.00,0.30,0.30,0.00,0.30,1.00,1.00,5.00,0.00,0.00,0.00,0.00,0.00,0.32,0.01,0.33,0.32,0.33,Matches
1893,Younes Namli,dk DEN,"FW,MF",Le Havre,fr Ligue 1,31-197,1994,12,3,327,3.6,0.00,0.28,0.28,0.00,0.00,0.00,0.56,0.00,0.03,0.03,0.08,0.14,2.22,2.78,6.94,0.00,0.28,0.28,0.00,0.28,0.04,0.10,0.14,0.04,0.14,Matches
1894,Nikolas Nartey,dk DEN,"MF,FW",Stuttgart,de Bundesliga,25-315,2000,13,6,493,5.5,0.00,0.00,0.00,0.00,0.00,0.00,0.18,0.00,0.05,0.05,0.22,0.27,0.55,3.45,05.09,0.00,0.00,0.00,0.00,0.00,0.06,0.21,0.27,0.06,0.27,Matches
1895,Natan,br BRA,DF,Betis,es La Liga,24-331,2001,17,17,"1,475",16.4,0.00,0.00,0.00,0.00,0.00,0.00,0.24,0.00,0.02,0.02,0.01,0.03,0.37,1.89,0.06,0.00,0.00,0.00,0.00,0.00,0.02,0.01,0.03,0.02,0.03,Matches
1896,Pau Navarro,es ESP,DF,Villarreal,es La Liga,20-253,2005,6,6,507,5.6,0.00,0.00,0.00,0.00,0.00,0.00,0.36,0.00,0.00,0.00,0.00,0.00,0.54,2.86,0.18,0.00,0.00,0.00,0.00,0.00,0.00,0.00,0.01,0.00,0.01,Matches
1897,Corrie Ndaba,ie IRL,DF,Lecce,it Serie A,26-009,1999,5,1,144,1.6,0.00,0.00,0.00,0.00,0.00,0.00,0.00,0.00,0.06,0.06,0.00,0.06,0.00,6.25,1.25,0.00,0.00,0.00,0.00,0.00,0.08,0.01,0.08,0.08,0.08,Matches
1898,Michel Ndary Adopo,fr FRA,MF,Cagliari,it Serie A,25-168,2000,18,14,"1,368",15.2,0.00,0.07,0.07,0.00,0.00,0.00,0.07,0.00,0.04,0.04,0.07,0.11,01.05,3.22,1.97,0.00,0.07,0.07,0.00,0.07,0.04,0.07,0.11,0.04,0.11,Matches
1899,Tanguy Ndombele,fr FRA,"MF,FW",Nice,fr Ligue 1,29-006,1996,2,0,35,0.4,0.00,0.00,0.00,0.00,0.00,0.00,0.00,0.00,0.25,0.25,1.00,1.25,2.50,5.00,5.00,0.00,0.00,0.00,0.00,0.00,0.13,1.11,1.24,0.13,1.24,Matches
1900,Joseph Nduquidi,fr FRA,MF,Metz,fr Ligue 1,21-064,2004,1,0,7,0.1,0.00,0.00,0.00,0.00,0.00,0.00,0.00,0.00,0.00,0.00,0.00,0.00,0.00,0.00,10.0,0.00,0.00,0.00,0.00,0.00,0.00,0.00,0.00,0.00,0.00,Matches
1901,Kosta Nedeljković,rs SRB,DF,RB Leipzig,de Bundesliga,20-018,2005,5,3,251,2.8,0.00,0.00,0.00,0.00,0.00,0.00,0.00,0.00,0.00,0.00,0.00,0.00,0.71,4.64,4.29,0.00,0.00,0.00,0.00,0.00,0.00,0.00,0.00,0.00,0.00,Matches
1902,Loïc Nego,hu HUN,DF,Le Havre,fr Ligue 1,34-353,1991,15,14,"1,226",13.6,0.00,0.00,0.00,0.00,0.00,0.00,0.15,0.00,0.03,0.03,0.08,0.11,02.06,4.63,2.72,0.00,0.00,0.00,0.00,0.00,0.03,0.08,0.11,0.03,0.11,Matches
1903,Dan Neil,eng ENG,MF,Sunderland,eng Premier League,24-021,2001,2,0,2,0.0,0,0,0,0,0,0,0,0,0.0,0.0,0.0,0.0,0,0,0,0.00,0.00,0.00,0.00,0.00,0.00,0.00,0.00,0.00,0.00,Matches
1904,Reiss Nelson,eng ENG,FW,Brentford,eng Premier League,26-024,1999,5,0,46,0.5,0.00,0.00,0.00,0.00,0.00,0.00,0.00,0.00,0.40,0.40,0.00,0.40,2.00,8.00,10.0,0.00,0.00,0.00,0.00,0.00,0.33,0.00,0.33,0.33,0.33,Matches
1905,Victor Nelsson,dk DEN,DF,Hellas Verona,it Serie A,27-081,1998,16,16,"1,413",15.7,0.00,0.00,0.00,0.00,0.00,0.00,0.19,0.00,0.01,0.01,0.00,0.01,0.13,1.21,0.00,0.00,0.00,0.00,0.00,0.00,0.01,0.00,0.01,0.01,0.01,Matches
1906,Luca Netz,de GER,DF,Gladbach,de Bundesliga,22-233,2003,11,7,668,7.4,0.00,0.14,0.14,0.00,0.00,0.00,0.14,0.00,0.00,0.00,0.12,0.12,1.49,2.30,2.84,0.00,0.13,0.13,0.00,0.13,0.00,0.12,0.12,0.00,0.12,Matches
1907,Manuel Neuer,de GER,GK,Bayern Munich,de Bundesliga,39-282,1986,12,12,"1,08",12.0,0.00,0.00,0.00,0.00,0.00,0.00,0.00,0.00,0.00,0.00,0.00,0.00,0.00,0.25,0.00,0.00,0.00,0.00,0.00,0.00,0.00,0.00,0.00,0.00,0.00,Matches
1908,Florian Neuhaus,de GER,"MF,FW",Gladbach,de Bundesliga,28-293,1997,11,7,617,6.9,0.00,0.14,0.14,0.00,0.00,0.00,0.00,0.00,0.12,0.12,0.09,0.20,2.75,6.23,3.19,0.00,0.15,0.15,0.00,0.15,0.12,0.08,0.20,0.12,0.20,Matches
1909,Yvan Neyou,cm CMR,MF,Getafe,es La Liga,29-000,1997,5,0,67,0.7,0.00,0.00,0.00,0.00,0.00,0.00,2.86,0.00,0.00,0.00,0.00,0.00,0.00,4.29,2.86,0.00,0.00,0.00,0.00,0.00,0.00,0.00,0.00,0.00,0.00,Matches
1910,Jessic Ngankam,de GER,FW,Eint Frankfurt,de Bundesliga,25-167,2000,3,0,62,0.7,0.00,0.00,0.00,0.00,0.00,0.00,0.00,0.00,0.00,0.00,0.00,0.00,0.00,2.86,7.14,0.00,0.00,0.00,0.00,0.00,0.00,0.00,0.00,0.00,0.00,Matches
1911,Mikayil Ngor Faye,sn SEN,"DF,FW",Cremonese,it Serie A,21-173,2004,5,2,203,2.3,0.00,0.00,0.00,0.00,0.00,0.00,0.43,0.00,0.00,0.00,0.13,0.13,0.87,1.74,03.04,0.00,0.00,0.00,0.00,0.00,0.02,0.13,0.15,0.02,0.15,Matches
1912,Mikayil Ngor Faye,sn SEN,DF,Rennes,fr Ligue 1,21-173,2004,1,0,8,0.1,0.00,0.00,0.00,0.00,0.00,0.00,0.00,0.00,0.00,0.00,0.00,0.00,0.00,10.0,0.00,0.00,0.00,0.00,0.00,0.00,0.00,0.00,0.00,0.00,0.00,Matches
1913,Nathan Ngoy,be BEL,DF,Lille,fr Ligue 1,22-207,2003,14,12,"1,055",11.7,0.00,0.09,0.09,0.00,0.00,0.00,0.17,0.09,0.06,0.06,0.08,0.15,0.34,2.99,0.17,0.00,0.09,0.09,0.00,0.09,0.06,0.08,0.14,0.06,0.14,Matches
1914,Bernard Nguene,cm CMR,FW,Nice,fr Ligue 1,19-152,2006,5,0,128,1.4,0.00,0.00,0.00,0.00,0.00,0.00,0.71,0.00,0.07,0.07,0.00,0.07,0.00,0.71,10.0,0.00,0.00,0.00,0.00,0.00,0.05,0.00,0.05,0.05,0.05,Matches
1915,Moussa Niakhate,sn SEN,DF,Lyon,fr Ligue 1,29-301,1996,16,15,"1,364",15.2,0.00,0.13,0.13,0.00,0.00,0.00,0.20,0.00,0.01,0.01,0.02,0.03,1.18,4.87,0.26,0.00,0.13,0.13,0.00,0.13,0.01,0.02,0.03,0.01,0.03,Matches
1916,Abdoulaye Niakhate Ndiaye,sn SEN,DF,Parma,it Serie A,23-268,2002,7,6,496,5.5,0.00,0.00,0.00,0.00,0.00,0.00,0.73,0.18,0.05,0.05,0.00,0.05,0.36,2.73,0.18,0.00,0.00,0.00,0.00,0.00,0.05,0.00,0.06,0.05,0.06,Matches
1917,Tanguy Nianzou,fr FRA,DF,Sevilla,es La Liga,23-210,2002,5,3,306,3.4,0.00,0.00,0.00,0.00,0.00,0.00,1.18,0.00,0.03,0.03,0.00,0.03,0.00,2.65,0.00,0.00,0.00,0.00,0.00,0.00,0.03,0.00,0.03,0.03,0.03,Matches
1918,Cheikh Niasse,sn SEN,MF,Hellas Verona,it Serie A,25-349,2000,11,5,453,5.0,0.00,0.00,0.00,0.00,0.00,0.00,0.20,0.00,0.02,0.02,0.08,0.10,0.20,3.00,2.60,0.00,0.00,0.00,0.00,0.00,0.03,0.07,0.10,0.03,0.10,Matches
1919,Rasmus Nicolaisen,dk DEN,DF,Toulouse,fr Ligue 1,28-293,1997,17,15,"1,252",13.9,0.00,0.00,0.00,0.00,0.00,0.00,0.22,0.00,0.03,0.03,0.01,0.04,0.07,3.17,0.29,0.00,0.00,0.00,0.00,0.00,0.03,0.01,0.04,0.03,0.04,Matches
1920,Moritz Nicolas,de GER,GK,Gladbach,de Bundesliga,28-074,1997,15,15,"1,35",15.0,0.00,0.00,0.00,0.00,0.00,0.00,0.00,0.00,0.00,0.00,0.01,0.01,0.00,0.00,0.00,0.00,0.00,0.00,0.00,0.00,0.00,0.01,0.01,0.00,0.01,Matches
1921,Hans Nicolussi Caviglia,it ITA,MF,Fiorentina,it Serie A,25-199,2000,9,7,578,6.4,0.00,0.16,0.16,0.00,0.00,0.00,0.47,0.00,0.03,0.03,0.16,0.17,0.47,3.91,1.25,0.00,0.16,0.16,0.00,0.16,0.03,0.15,0.18,0.03,0.18,Matches
1922,Julian Niehues,de GER,MF,Heidenheim,de Bundesliga,24-261,2001,11,7,605,6.7,0.00,0.00,0.00,0.00,0.00,0.00,0.00,0.00,0.04,0.04,0.04,0.09,1.34,3.88,0.60,0.00,0.00,0.00,0.00,0.00,0.05,0.05,0.10,0.05,0.10,Matches
1923,Oliver Nielsen,dk DEN,DF,Lazio,it Serie A,22-213,2003,9,2,307,3.4,0.00,0.00,0.00,0.00,0.00,0.00,0.00,0.00,0.00,0.00,0.12,0.12,0.59,2.35,0.29,0.00,0.00,0.00,0.00,0.00,0.00,0.11,0.11,0.00,0.11,Matches
1924,Alieu Njie,se SWE,FW,Torino,it Serie A,20-234,2005,2,0,17,0.2,0.00,0.00,0.00,0.00,0.00,0.00,5.00,0.00,1.50,1.50,0.00,1.50,0.00,0.00,15.0,0.00,0.00,0.00,0.00,0.00,1.43,0.00,1.43,1.43,1.43,Matches
1925,Obed Nkambadio,fr FRA,GK,Paris FC,fr Ligue 1,22-330,2003,11,11,990,11.0,0.00,0.00,0.00,0.00,0.00,0.00,0.00,0.00,0.00,0.00,0.00,0.00,0.00,0.00,0.00,0.00,0.00,0.00,0.00,0.00,0.00,0.00,0.00,0.00,0.00,Matches
Rk,Player,Nation,Pos,Squad,Comp,Age,Born,MP,Starts,Min,90s,Gls,Ast,G+A,G-PK,PK,PKatt,CrdY,CrdR,xG,npxG,xAG,npxG+xAG,PrgC,PrgP,PrgR,Gls,Ast,G+A,G-PK,G+A-PK,xG,xAG,xG+xAG,npxG,npxG+xAG,Matches
1926,Niels Nkounkou,fr FRA,"DF,MF",Torino,it Serie A,25-063,2000,7,3,301,3.3,0.00,0.30,0.30,0.00,0.00,0.00,0.61,0.00,0.03,0.03,0.15,0.18,2.42,4.55,03.03,0.00,0.30,0.30,0.00,0.30,0.03,0.16,0.19,0.03,0.19,Matches
1927,Arnaud Nordin,fr FRA,"DF,MF",Mainz 05,de Bundesliga,27-200,1998,11,5,467,5.2,0.00,0.00,0.00,0.00,0.00,0.00,0.00,0.00,0.15,0.15,0.06,0.21,3.46,2.31,7.12,0.00,0.00,0.00,0.00,0.00,0.15,0.06,0.22,0.15,0.22,Matches
1928,Randy Nteka,ao ANG,FW,Rayo Vallecano,es La Liga,28-028,1997,4,0,41,0.5,0.00,0.00,0.00,0.00,0.00,0.00,0.00,0.00,0.20,0.20,0.00,0.20,0.00,4.00,6.00,0.00,0.00,0.00,0.00,0.00,0.12,0.05,0.17,0.12,0.17,Matches
1929,Alexander Nübel,de GER,GK,Stuttgart,de Bundesliga,29-095,1996,15,15,"1,35",15.0,0.00,0.07,0.07,0.00,0.00,0.00,0.00,0.00,0.00,0.00,0.04,0.04,0.00,0.00,0.00,0.00,0.07,0.07,0.00,0.07,0.00,0.04,0.04,0.00,0.04,Matches
1930,Álvaro Núñez,es ESP,DF,Elche,es La Liga,25-180,2000,17,17,"1,496",16.6,0.00,0.12,0.12,0.00,0.00,0.00,0.06,0.00,0.01,0.01,0.11,0.11,0.54,5.42,03.01,0.00,0.12,0.12,0.00,0.12,0.01,0.11,0.12,0.01,0.12,Matches
1931,Unai Núñez,es ESP,DF,Hellas Verona,it Serie A,28-338,1997,13,12,"1,025",11.4,0.00,0.00,0.00,0.00,0.00,0.00,0.44,0.00,0.04,0.04,0.03,0.06,0.79,3.86,0.79,0.00,0.00,0.00,0.00,0.00,0.04,0.03,0.06,0.04,0.06,Matches
1932,Ethan Nwaneri,eng ENG,MF,Arsenal,eng Premier League,18-288,2007,6,0,171,1.9,0.00,0.00,0.00,0.00,0.00,0.00,0.00,0.00,0.11,0.11,0.00,0.16,3.68,7.37,3.16,0.00,0.00,0.00,0.00,0.00,0.12,0.02,0.14,0.12,0.14,Matches
1933,Ørjan Nyland,no NOR,GK,Sevilla,es La Liga,35-115,1990,4,4,360,4.0,0.00,0.00,0.00,0.00,0.00,0.00,0.25,0.00,0.00,0.00,0.00,0.00,0.00,0.00,0.00,0.00,0.00,0.00,0.00,0.00,0.00,0.00,0.00,0.00,0.00,Matches
1934,Allan Nyom,cm CMR,"DF,FW",Getafe,es La Liga,37-238,1988,6,3,182,2.0,0.00,0.00,0.00,0.00,0.00,0.00,1.50,0.50,0.10,0.10,0.05,0.15,2.00,3.50,1.00,0.00,0.00,0.00,0.00,0.00,0.10,0.03,0.13,0.10,0.13,Matches
1935,Trey Nyoni,eng ENG,FW,Liverpool,eng Premier League,18-187,2007,2,0,2,0.0,0,0,0,0,0,0,0,0,0.0,0.0,0.0,0.0,0,0,0,0.00,0.00,0.00,0.00,0.00,0.00,1.41,1.41,0.00,1.41,Matches
1936,Rabby Nzingoula,fr FRA,"DF,MF",Strasbourg,fr Ligue 1,20-039,2005,4,0,51,0.6,0.00,0.00,0.00,0.00,0.00,0.00,0.00,1.67,0.00,0.00,0.00,0.17,5.00,1.67,8.33,0.00,0.00,0.00,0.00,0.00,0.05,0.06,0.11,0.05,0.11,Matches
1937,Christian Nørgaard,dk DEN,MF,Arsenal,eng Premier League,31-299,1994,3,0,33,0.4,0.00,0.00,0.00,0.00,0.00,0.00,0.00,0.00,0.25,0.25,0.00,0.25,0.00,2.50,0.00,0.00,0.00,0.00,0.00,0.00,0.14,0.00,0.14,0.14,0.14,Matches
1938,Jake O'Brien,ie IRL,DF,Everton,eng Premier League,24-233,2001,19,17,"1,58",17.6,0.00,0.06,0.06,0.00,0.00,0.00,0.06,0.00,0.03,0.03,0.01,0.05,0.63,2.39,1.87,0.00,0.06,0.06,0.00,0.06,0.04,0.01,0.05,0.04,0.05,Matches
1939,Luke O'Nien,eng ENG,"MF,DF",Sunderland,eng Premier League,31-043,1994,2,0,3,0.0,0,0,0,0,0,0,0,1,0.0,0.0,0.0,0.0,1,1,0,0.00,0.00,0.00,0.00,0.00,0.00,0.00,0.00,0.00,0.00,Matches
1940,Adam Obert,sk SVK,DF,Cagliari,it Serie A,23-133,2002,16,15,"1,179",13.1,0.00,0.08,0.08,0.00,0.00,0.00,0.46,0.00,0.05,0.05,0.07,0.13,1.15,3.74,0.84,0.00,0.08,0.08,0.00,0.08,0.06,0.07,0.13,0.06,0.13,Matches
1941,Jan Oblak,si SVN,GK,Atlético Madrid,es La Liga,32-361,1993,17,17,"1,53",17.0,0.00,0.00,0.00,0.00,0.00,0.00,0.00,0.00,0.00,0.00,0.00,0.00,0.00,0.00,0.00,0.00,0.00,0.00,0.00,0.00,0.00,0.00,0.00,0.00,0.00,Matches
1942,Noam Obougou Jacquet,fr FRA,FW,Le Havre,fr Ligue 1,19-294,2006,2,0,31,0.3,0.00,0.00,0.00,0.00,0.00,0.00,0.00,0.00,0.33,0.33,0.00,0.33,3.33,0.00,13.3,0.00,0.00,0.00,0.00,0.00,0.16,0.00,0.16,0.16,0.16,Matches
1943,Wilson Odobert,fr FRA,"FW,MF",Tottenham,eng Premier League,21-036,2004,17,5,613,6.8,0.00,0.15,0.15,0.00,0.00,0.00,0.00,0.00,0.15,0.15,0.16,0.31,4.41,3.97,7.94,0.00,0.15,0.15,0.00,0.15,0.15,0.16,0.31,0.15,0.31,Matches
1944,David Odogu,de GER,DF,Milan,it Serie A,19-214,2006,1,0,5,0.1,0.00,0.00,0.00,0.00,0.00,0.00,0.00,0.00,0.00,0.00,0.00,0.00,0.00,0.00,0.00,0.00,0.00,0.00,0.00,0.00,0.00,0.00,0.00,0.00,0.00,Matches
1945,David Okereke,ng NGA,FW,Cremonese,it Serie A,28-127,1997,2,1,81,0.9,0.00,0.00,0.00,0.00,0.00,0.00,0.00,0.00,0.00,0.00,0.00,0.00,1.11,0.00,3.33,0.00,0.00,0.00,0.00,0.00,0.00,0.00,0.00,0.00,0.00,Matches
1946,Maduka Okoye,ng NGA,GK,Udinese,it Serie A,26-128,1999,10,10,816,9.1,0.00,0.00,0.00,0.00,0.00,0.00,0.00,0.11,0.00,0.00,0.00,0.00,0.00,0.11,0.00,0.00,0.00,0.00,0.00,0.00,0.00,0.00,0.00,0.00,0.00,Matches
1947,Olasagasti,es ESP,MF,Levante,es La Liga,25-140,2000,12,4,450,5.0,0.00,0.20,0.20,0.00,0.00,0.00,0.20,0.00,0.04,0.04,0.10,0.14,1.40,4.20,2.80,0.00,0.20,0.20,0.00,0.20,0.04,0.09,0.13,0.04,0.13,Matches
1948,Mathías Olivera,uy URU,"DF,MF",Napoli,it Serie A,28-064,1997,11,6,534,5.9,0.00,0.00,0.00,0.00,0.00,0.00,0.34,0.00,0.17,0.17,0.00,0.17,01.02,03.05,3.22,0.00,0.00,0.00,0.00,0.00,0.16,0.00,0.16,0.16,0.16,Matches
1949,Tuomas Ollila,fi FIN,DF,Paris FC,fr Ligue 1,25-254,2000,6,3,272,3.0,0.00,0.00,0.00,0.00,0.00,0.00,0.00,0.00,0.03,0.03,0.10,0.13,1.67,2.00,5.00,0.00,0.00,0.00,0.00,0.00,0.02,0.09,0.12,0.02,0.12,Matches
1950,Warmed Omari,km COM,DF,Hamburger SV,de Bundesliga,25-255,2000,5,5,435,4.8,0.00,0.00,0.00,0.00,0.00,0.00,0.00,0.00,0.00,0.00,0.02,0.04,01.04,2.71,0.83,0.00,0.00,0.00,0.00,0.00,0.00,0.03,0.03,0.00,0.03,Matches
1951,Andrew Omobamidele,ie IRL,DF,Strasbourg,fr Ligue 1,23-194,2002,12,4,439,4.9,0.00,0.00,0.00,0.00,0.00,0.00,0.20,0.00,0.04,0.04,0.00,0.04,0.20,2.24,0.41,0.00,0.00,0.00,0.00,0.00,0.04,0.00,0.04,0.04,0.04,Matches
1952,Jean Onana,cm CMR,MF,Genoa,it Serie A,25-360,2000,1,0,13,0.1,0.00,0.00,0.00,0.00,0.00,0.00,0.00,0.00,0.00,0.00,0.00,0.00,0.00,10.0,0.00,0.00,0.00,0.00,0.00,0.00,0.00,0.10,0.10,0.00,0.10,Matches
1953,Jacob Ondrejka,se SWE,"FW,MF",Parma,it Serie A,23-123,2002,4,2,190,2.1,0.00,0.00,0.00,0.00,0.00,0.00,0.00,0.00,0.24,0.24,0.10,0.33,1.90,2.86,5.24,0.00,0.00,0.00,0.00,0.00,0.24,0.07,0.31,0.24,0.31,Matches
1954,Frank Onyeka,ng NGA,MF,Brentford,eng Premier League,28-002,1998,6,0,92,1.0,0.00,1.00,1.00,0.00,0.00,0.00,0.00,0.00,0.00,0.00,0.10,0.10,2.00,4.00,2.00,0.00,0.98,0.98,0.00,0.98,0.00,0.12,0.12,0.00,0.12,Matches
1955,Loïs Openda,be BEL,FW,RB Leipzig,de Bundesliga,25-321,2000,2,1,51,0.6,0.00,0.00,0.00,0.00,0.00,0.00,0.00,0.00,0.17,0.17,0.00,0.17,0.00,3.33,10.0,0.00,0.00,0.00,0.00,0.00,0.20,0.06,0.26,0.20,0.26,Matches
1956,Fredrik Oppegard,no NOR,DF,Auxerre,fr Ligue 1,23-149,2002,12,6,555,6.2,0.00,0.00,0.00,0.00,0.00,0.00,0.16,0.16,0.03,0.03,0.03,0.06,1.94,1.45,6.94,0.00,0.00,0.00,0.00,0.00,0.02,0.03,0.06,0.02,0.06,Matches
1957,Willi Orban,hu HUN,DF,RB Leipzig,de Bundesliga,33-061,1992,15,15,"1,329",14.8,0.00,0.00,0.00,0.00,0.00,0.00,0.14,0.00,0.09,0.09,0.02,0.11,0.20,2.70,0.34,0.00,0.00,0.00,0.00,0.00,0.10,0.02,0.12,0.10,0.12,Matches
1958,Christian Ordoñez,ar ARG,"MF,DF",Parma,it Serie A,21-163,2004,10,5,384,4.3,0.00,0.00,0.00,0.00,0.00,0.00,0.93,0.23,0.07,0.07,0.00,0.07,0.70,2.33,1.16,0.00,0.00,0.00,0.00,0.00,0.06,0.01,0.07,0.06,0.07,Matches
1959,Nehemiah Oriola,eng ENG,MF,Brighton,eng Premier League,18-206,2007,1,0,1,0.0,0,0,0,0,0,0,0,0,0.0,0.0,0.0,0.0,0,0,0,0.00,0.00,0.00,0.00,0.00,0.00,0.00,0.00,0.00,0.00,Matches
1960,Gaetano Oristanio,it ITA,"MF,FW",Parma,it Serie A,23-097,2002,7,2,267,3.0,0.00,0.00,0.00,0.00,0.00,0.00,0.33,0.00,0.23,0.23,0.13,0.33,3.67,1.33,4.67,0.00,0.00,0.00,0.00,0.00,0.23,0.12,0.35,0.23,0.35,Matches
Rk,Player,Nation,Pos,Squad,Comp,Age,Born,MP,Starts,Min,90s,Gls,Ast,G+A,G-PK,PK,PKatt,CrdY,CrdR,xG,npxG,xAG,npxG+xAG,PrgC,PrgP,PrgR,Gls,Ast,G+A,G-PK,G+A-PK,xG,xAG,xG+xAG,npxG,npxG+xAG,Matches
1961,Aimar Oroz,es ESP,"MF,FW",Osasuna,es La Liga,24-037,2001,11,9,775,8.6,0.00,0.23,0.23,0.00,0.00,0.00,0.35,0.00,0.08,0.08,0.20,0.28,3.14,4.77,4.30,0.00,0.23,0.23,0.00,0.23,0.08,0.19,0.28,0.08,0.28,Matches
1962,Ángel Ortíz,es ESP,DF,Betis,es La Liga,21-162,2004,4,2,205,2.3,0.00,0.00,0.00,0.00,0.00,0.00,0.00,0.00,0.00,0.00,0.17,0.17,0.87,1.30,0.87,0.00,0.00,0.00,0.00,0.00,0.00,0.18,0.18,0.00,0.18,Matches
1963,Asier Osambela,es ESP,"DF,MF",Osasuna,es La Liga,21-329,2004,6,2,213,2.4,0.00,0.00,0.00,0.00,0.00,0.00,0.00,0.00,0.04,0.04,0.04,0.08,1.25,4.17,0.83,0.00,0.00,0.00,0.00,0.00,0.03,0.06,0.08,0.03,0.08,Matches
1964,Gabriel Osho,ng NGA,DF,Auxerre,fr Ligue 1,27-142,1998,2,2,134,1.5,0.00,0.00,0.00,0.00,0.00,0.00,0.00,0.00,0.00,0.00,0.00,0.00,0.00,2.00,0.00,0.00,0.00,0.00,0.00,0.00,0.00,0.00,0.00,0.00,0.00,Matches
1965,Ibrahim Osman,gh GHA,"MF,FW",Auxerre,fr Ligue 1,21-035,2004,13,6,535,5.9,0.00,0.34,0.34,0.00,0.00,0.00,0.00,0.00,0.29,0.29,0.17,0.46,3.56,02.03,7.46,0.00,0.34,0.34,0.00,0.34,0.29,0.17,0.45,0.29,0.45,Matches
1966,Sebastian Otoa,dk DEN,DF,Genoa,it Serie A,21-235,2004,5,4,403,4.5,0.00,0.00,0.00,0.00,0.00,0.00,0.22,0.00,0.00,0.00,0.00,0.00,0.00,1.11,0.00,0.00,0.00,0.00,0.00,0.00,0.00,0.00,0.00,0.00,0.00,Matches
1967,Kassoum Ouattara,fr FRA,"DF,FW",Monaco,fr Ligue 1,21-081,2004,10,9,689,7.7,0.00,0.39,0.39,0.00,0.00,0.00,0.26,0.00,0.09,0.09,0.26,0.35,2.73,02.08,9.87,0.00,0.39,0.39,0.00,0.39,0.09,0.26,0.36,0.09,0.36,Matches
1968,Elisha Owusu,gh GHA,MF,Auxerre,fr Ligue 1,28-057,1997,12,11,909,10.1,0.00,0.00,0.00,0.00,0.00,0.00,0.40,0.00,0.00,0.00,0.04,0.05,0.40,3.86,0.50,0.00,0.00,0.00,0.00,0.00,0.00,0.04,0.05,0.00,0.05,Matches
1969,Daniel Oyegoke,eng ENG,"DF,MF",Hellas Verona,it Serie A,23-000,2003,4,1,96,1.1,0.00,0.00,0.00,0.00,0.00,0.00,0.00,0.00,0.00,0.00,0.00,0.09,1.82,2.73,10.0,0.00,0.00,0.00,0.00,0.00,0.02,0.04,0.06,0.02,0.06,Matches
1970,Salih Özcan,tr TUR,"DF,MF",Dortmund,de Bundesliga,27-357,1998,3,0,22,0.2,0.00,0.00,0.00,0.00,0.00,0.00,0.00,0.00,0.00,0.00,0.00,0.00,0.00,25.0,0.00,0.00,0.00,0.00,0.00,0.00,0.00,0.00,0.00,0.00,0.00,Matches
1971,Berke Özer,tr TUR,GK,Lille,fr Ligue 1,25-223,2000,14,14,"1,26",14.0,0.00,0.07,0.07,0.00,0.00,0.00,0.07,0.00,0.00,0.00,0.01,0.01,0.00,0.00,0.00,0.00,0.07,0.07,0.00,0.07,0.00,0.00,0.00,0.00,0.00,Matches
1972,Cenk Özkacar,tr TUR,DF,Köln,de Bundesliga,25-089,2000,8,4,376,4.2,0.00,0.00,0.00,0.00,0.00,0.00,0.00,0.00,0.10,0.10,0.02,0.10,0.00,5.24,0.24,0.00,0.00,0.00,0.00,0.00,0.09,0.02,0.11,0.09,0.11,Matches
1973,Jon Pacheco,es ESP,DF,Alavés,es La Liga,24-360,2001,11,10,871,9.7,0.00,0.00,0.00,0.00,0.00,0.00,0.21,0.00,0.01,0.01,0.06,0.07,0.62,3.20,0.21,0.00,0.00,0.00,0.00,0.00,0.01,0.06,0.07,0.01,0.07,Matches
1974,Willian Pacho,ec ECU,DF,Paris S-G,fr Ligue 1,24-079,2001,11,9,834,9.3,0.00,0.00,0.00,0.00,0.00,0.00,0.00,0.00,0.01,0.01,0.01,0.02,0.22,02.04,0.00,0.00,0.00,0.00,0.00,0.00,0.01,0.01,0.02,0.01,0.02,Matches
1975,Daniele Padelli,it ITA,GK,Udinese,it Serie A,40-070,1985,1,1,90,1.0,0.00,0.00,0.00,0.00,0.00,0.00,0.00,0.00,0.00,0.00,0.00,0.00,0.00,0.00,0.00,0.00,0.00,0.00,0.00,0.00,0.00,0.00,0.00,0.00,0.00,Matches
1976,Exequiel Palacios,ar ARG,MF,Leverkusen,de Bundesliga,27-090,1998,2,1,44,0.5,0.00,0.00,0.00,0.00,0.00,0.00,0.00,0.00,0.00,0.00,0.00,0.00,2.00,8.00,2.00,0.00,0.00,0.00,0.00,0.00,0.00,0.00,0.00,0.00,0.00,Matches
1977,Alberto Paleari,it ITA,GK,Torino,it Serie A,33-127,1992,8,8,720,8.0,0.00,0.00,0.00,0.00,0.00,0.00,0.00,0.00,0.00,0.00,0.00,0.00,0.00,0.00,0.00,0.00,0.00,0.00,0.00,0.00,0.00,0.00,0.00,0.00,0.00,Matches
1978,Marco Palestra,it ITA,"DF,FW",Cagliari,it Serie A,20-306,2005,17,16,"1,442",16.0,0.00,0.19,0.19,0.00,0.00,0.00,0.06,0.00,0.04,0.04,0.13,0.16,3.75,1.94,4.81,0.00,0.19,0.19,0.00,0.19,0.04,0.12,0.17,0.04,0.17,Matches
1979,Matteo Palma,de GER,DF,Udinese,it Serie A,17-296,2008,4,1,103,1.1,0.00,0.00,0.00,0.00,0.00,0.00,0.00,0.00,0.00,0.00,0.00,0.00,0.00,5.45,0.00,0.00,0.00,0.00,0.00,0.00,0.00,0.00,0.00,0.00,0.00,Matches
1980,Emerson Palmieri,it ITA,DF,Marseille,fr Ligue 1,31-153,1994,13,11,"1,026",11.4,0.00,0.09,0.09,0.00,0.00,0.00,0.09,0.00,0.02,0.02,0.13,0.16,2.54,5.53,3.16,0.00,0.09,0.09,0.00,0.09,0.02,0.14,0.16,0.02,0.16,Matches
1981,Diego Pampín,es ESP,DF,Levante,es La Liga,25-294,2000,3,1,118,1.3,0.00,0.00,0.00,0.00,0.00,0.00,0.77,0.00,0.00,0.00,0.00,0.00,0.77,2.31,5.38,0.00,0.00,0.00,0.00,0.00,0.00,0.03,0.03,0.00,0.03,Matches
1982,Leart Paqarada,xk KVX,DF,Heidenheim,de Bundesliga,31-087,1994,1,1,6,0.1,0.00,0.00,0.00,0.00,0.00,0.00,0.00,0.00,0.00,0.00,0.00,0.00,0.00,0.00,0.00,0.00,0.00,0.00,0.00,0.00,0.00,0.00,0.00,0.00,0.00,Matches
1983,Victor Parada,es ESP,DF,Alavés,es La Liga,23-274,2002,14,9,845,9.4,0.00,0.11,0.11,0.00,0.00,0.00,0.53,0.00,0.05,0.05,0.12,0.18,01.06,1.91,2.98,0.00,0.11,0.11,0.00,0.11,0.06,0.12,0.18,0.06,0.18,Matches
1984,Daniel Parejo,es ESP,MF,Villarreal,es La Liga,36-262,1989,13,5,505,5.6,0.00,0.00,0.00,0.00,0.00,0.00,0.36,0.00,0.04,0.04,0.14,0.18,01.07,5.18,0.71,0.00,0.00,0.00,0.00,0.00,0.03,0.15,0.18,0.03,0.18,Matches
1985,Fabiano Parisi,it ITA,"DF,FW",Fiorentina,it Serie A,25-055,2000,9,6,515,5.7,0.00,0.18,0.18,0.00,0.00,0.00,0.53,0.00,0.04,0.04,0.11,0.14,1.93,3.51,4.39,0.00,0.17,0.17,0.00,0.17,0.04,0.11,0.15,0.04,0.15,Matches
1986,Thomas Partey,gh GHA,MF,Villarreal,es La Liga,32-204,1993,12,7,630,7.0,0.00,0.00,0.00,0.00,0.00,0.00,0.00,0.00,0.06,0.06,0.03,0.09,2.14,4.00,1.86,0.00,0.00,0.00,0.00,0.00,0.05,0.03,0.08,0.05,0.08,Matches
1987,Patric,es ESP,"DF,MF",Lazio,it Serie A,32-261,1993,4,1,91,1.0,0.00,0.00,0.00,0.00,0.00,0.00,0.00,0.00,0.00,0.00,0.00,0.00,0.00,3.00,1.00,0.00,0.00,0.00,0.00,0.00,0.00,0.00,0.00,0.00,0.00,Matches
1988,Nathan Patterson,sct SCO,"DF,FW",Everton,eng Premier League,24-079,2001,2,1,74,0.8,0.00,0.00,0.00,0.00,0.00,0.00,0.00,0.00,0.00,0.00,0.00,0.00,1.25,1.25,2.50,0.00,0.00,0.00,0.00,0.00,0.04,0.00,0.04,0.04,0.04,Matches
1989,Benjamin Pavard,fr FRA,DF,Inter,it Serie A,29-281,1996,1,1,90,1.0,0.00,0.00,0.00,0.00,0.00,0.00,0.00,0.00,0.00,0.00,0.00,0.10,1.00,5.00,0.00,0.00,0.00,0.00,0.00,0.00,0.05,0.02,0.07,0.05,0.07,Matches
1990,Leonardo Pavoletti,it ITA,"FW,MF",Cagliari,it Serie A,37-038,1988,7,0,96,1.1,0.00,0.91,0.91,0.00,0.00,0.00,0.91,0.00,0.64,0.64,0.00,0.64,0.00,1.82,1.82,0.00,0.94,0.94,0.00,0.94,0.63,0.04,0.67,0.63,0.67,Matches
1991,Mads Pedersen,dk DEN,DF,Augsburg,de Bundesliga,29-124,1996,3,0,77,0.9,0.00,0.00,0.00,0.00,0.00,0.00,0.00,0.00,0.11,0.11,0.00,0.22,3.33,0.00,7.78,0.00,0.00,0.00,0.00,0.00,0.14,0.05,0.19,0.14,0.19,Matches
1992,Marcus Pedersen,no NOR,DF,Torino,it Serie A,25-171,2000,14,13,"1,099",12.2,0.00,0.00,0.00,0.00,0.00,0.00,0.16,0.00,0.08,0.08,0.08,0.16,3.93,1.31,5.74,0.00,0.00,0.00,0.00,0.00,0.08,0.08,0.16,0.08,0.16,Matches
1993,Alfonso Pedraza,es ESP,"DF,MF",Villarreal,es La Liga,29-269,1996,11,6,619,6.9,0.00,0.29,0.29,0.00,0.00,0.00,0.43,0.00,0.04,0.04,0.30,0.35,04.06,02.03,9.28,0.00,0.29,0.29,0.00,0.29,0.04,0.31,0.35,0.04,0.35,Matches
1994,Pedro,es ESP,FW,Lazio,it Serie A,38-159,1987,14,3,431,4.8,0.00,0.21,0.21,0.00,0.00,0.00,0.42,0.00,0.06,0.06,0.08,0.17,02.08,4.58,5.21,0.00,0.21,0.21,0.00,0.21,0.07,0.09,0.16,0.07,0.16,Matches
1995,Zé Pedro Figueiredo,pt POR,DF,Cagliari,it Serie A,28-211,1997,6,4,353,3.9,0.00,0.00,0.00,0.00,0.00,0.00,0.00,0.00,0.00,0.00,0.00,0.00,0.77,2.82,0.00,0.00,0.00,0.00,0.00,0.00,0.00,0.00,0.00,0.00,0.00,Matches
Rk,Player,Nation,Pos,Squad,Comp,Age,Born,MP,Starts,Min,90s,Gls,Ast,G+A,G-PK,PK,PKatt,CrdY,CrdR,xG,npxG,xAG,npxG+xAG,PrgC,PrgP,PrgR,Gls,Ast,G+A,G-PK,G+A-PK,xG,xAG,xG+xAG,npxG,npxG+xAG,Matches
1996,Adrià Pedrosa,es ESP,DF,Sevilla,es La Liga,27-235,1998,1,0,6,0.1,0.00,0.00,0.00,0.00,0.00,0.00,0.00,0.00,0.00,0.00,0.00,0.00,10.0,10.0,10.0,0.00,0.00,0.00,0.00,0.00,0.00,0.36,0.36,0.00,0.36,Matches
1997,Luca Pellegrini,it ITA,DF,Lazio,it Serie A,26-302,1999,13,7,713,7.9,0.00,0.00,0.00,0.00,0.00,0.00,0.25,0.00,0.06,0.06,0.06,0.11,1.39,3.67,2.53,0.00,0.00,0.00,0.00,0.00,0.06,0.06,0.12,0.06,0.12,Matches
1998,Faris Pemi Moumbagna,cm CMR,"FW,MF",Cremonese,it Serie A,25-186,2000,3,0,60,0.7,0.00,0.00,0.00,0.00,0.00,0.00,0.00,0.00,0.57,0.57,0.00,0.57,1.43,0.00,1.43,0.00,0.00,0.00,0.00,0.00,0.55,0.01,0.56,0.55,0.56,Matches
1999,Iñaki Peña,es ESP,GK,Elche,es La Liga,26-307,1999,11,11,990,11.0,0.00,0.00,0.00,0.00,0.00,0.00,0.00,0.00,0.00,0.00,0.01,0.01,0.00,0.09,0.00,0.00,0.00,0.00,0.00,0.00,0.00,0.01,0.01,0.00,0.01,Matches
2000,Mike Penders,be BEL,GK,Strasbourg,fr Ligue 1,20-156,2005,15,15,"1,35",15.0,0.00,0.00,0.00,0.00,0.00,0.00,0.20,0.00,0.00,0.00,0.00,0.00,0.00,0.20,0.00,0.00,0.00,0.00,0.00,0.00,0.00,0.00,0.00,0.00,0.00,Matches
2001,Mathias Pereira Lage,pt POR,"FW,MF",St. Pauli,de Bundesliga,29-034,1996,15,15,"1,118",12.4,0.00,0.16,0.16,0.00,0.00,0.00,0.16,0.00,0.22,0.22,0.10,0.31,1.13,1.94,5.48,0.00,0.16,0.16,0.00,0.16,0.22,0.10,0.32,0.22,0.32,Matches
2002,Joselu Pérez,es ESP,FW,Getafe,es La Liga,21-297,2004,1,0,9,0.1,0.00,0.00,0.00,0.00,0.00,0.00,0.00,0.00,0.00,0.00,0.00,0.00,0.00,0.00,10.0,0.00,0.00,0.00,0.00,0.00,0.29,0.00,0.29,0.29,0.29,Matches
2003,Mattia Perin,it ITA,GK,Juventus,it Serie A,33-054,1992,2,2,180,2.0,0.00,0.00,0.00,0.00,0.00,0.00,0.00,0.00,0.00,0.00,0.00,0.00,0.00,0.00,0.00,0.00,0.00,0.00,0.00,0.00,0.00,0.00,0.00,0.00,0.00,Matches
2004,Lucas Perri,br BRA,GK,Leeds United,eng Premier League,28-024,1997,14,14,"1,26",14.0,0.00,0.00,0.00,0.00,0.00,0.00,0.14,0.00,0.00,0.00,0.00,0.00,0.00,0.00,0.00,0.00,0.00,0.00,0.00,0.00,0.00,0.00,0.00,0.00,0.00,Matches
2005,Massimo Pessina,it ITA,GK,Bologna,it Serie A,18-009,2007,1,0,83,0.9,0.00,0.00,0.00,0.00,0.00,0.00,0.00,0.00,0.00,0.00,0.00,0.00,0.00,0.00,0.00,0.00,0.00,0.00,0.00,0.00,0.00,0.00,0.00,0.00,0.00,Matches
2006,Léo Pétrot,fr FRA,DF,Elche,es La Liga,28-263,1997,15,5,486,5.4,0.00,0.00,0.00,0.00,0.00,0.00,0.00,0.00,0.02,0.02,0.04,0.06,1.11,02.04,3.33,0.00,0.00,0.00,0.00,0.00,0.02,0.03,0.05,0.02,0.05,Matches
2007,Đorđe Petrović,rs SRB,GK,Bournemouth,eng Premier League,26-087,1999,19,19,"1,71",19.0,0.00,0.00,0.00,0.00,0.00,0.00,0.05,0.00,0.00,0.00,0.00,0.00,0.00,0.00,0.00,0.00,0.00,0.00,0.00,0.00,0.00,0.00,0.00,0.00,0.00,Matches
2008,Giuseppe Pezzella,it ITA,DF,Cremonese,it Serie A,28-035,1997,12,11,991,11.0,0.00,0.09,0.09,0.00,0.00,0.00,0.36,0.00,0.01,0.01,0.05,0.05,0.91,2.00,3.64,0.00,0.09,0.09,0.00,0.09,0.01,0.04,0.05,0.01,0.05,Matches
2009,Immanuel Pherai,sr SUR,"MF,FW",Hamburger SV,de Bundesliga,24-253,2001,5,0,29,0.3,0.00,0.00,0.00,0.00,0.00,0.00,6.67,3.33,0.00,0.00,0.00,0.00,3.33,10.0,16.7,0.00,0.00,0.00,0.00,0.00,0.15,0.00,0.15,0.15,0.15,Matches
2010,Gabriele Piccinini,it ITA,MF,Pisa,it Serie A,24-272,2001,8,4,375,4.2,0.00,0.00,0.00,0.00,0.00,0.00,0.48,0.00,0.07,0.07,0.31,0.38,0.48,1.67,4.29,0.00,0.00,0.00,0.00,0.00,0.08,0.31,0.39,0.08,0.39,Matches
2011,Charles Pickel,cd COD,"MF,FW",Espanyol,es La Liga,28-233,1997,10,2,344,3.8,0.00,0.00,0.00,0.00,0.00,0.00,0.26,0.00,0.05,0.05,0.00,0.08,0.00,3.42,1.58,0.00,0.00,0.00,0.00,0.00,0.07,0.01,0.07,0.07,0.07,Matches
2012,Jordan Pickford,eng ENG,GK,Everton,eng Premier League,31-302,1994,19,19,"1,71",19.0,0.00,0.00,0.00,0.00,0.00,0.00,0.00,0.00,0.00,0.00,0.00,0.00,0.00,0.00,0.00,0.00,0.00,0.00,0.00,0.00,0.00,0.00,0.00,0.00,0.00,Matches
2013,Amos Pieper,de GER,DF,Werder Bremen,de Bundesliga,27-351,1998,9,9,765,8.5,0.00,0.00,0.00,0.00,0.00,0.00,0.35,0.00,0.05,0.05,0.00,0.05,0.59,4.94,0.12,0.00,0.00,0.00,0.00,0.00,0.04,0.01,0.05,0.04,0.05,Matches
2014,Nicholas Pierini,it ITA,FW,Sassuolo,it Serie A,27-150,1998,7,0,94,1.0,0.00,0.00,0.00,0.00,0.00,0.00,1.00,0.00,0.20,0.20,0.30,0.50,0.00,1.00,8.00,0.00,0.00,0.00,0.00,0.00,0.24,0.24,0.48,0.24,0.48,Matches
2015,Santiago Pierotti,ar ARG,"FW,MF",Lecce,it Serie A,24-275,2001,15,11,901,10.0,0.00,0.00,0.00,0.00,0.00,0.00,0.00,0.00,0.08,0.08,0.06,0.14,2.20,3.00,4.90,0.00,0.00,0.00,0.00,0.00,0.08,0.06,0.14,0.08,0.14,Matches
2016,Balthazar Pierret,fr FRA,MF,Lecce,it Serie A,25-233,2000,3,0,27,0.3,0.00,0.00,0.00,0.00,0.00,0.00,0.00,0.00,0.00,0.00,0.00,0.00,6.67,3.33,0.00,0.00,0.00,0.00,0.00,0.00,0.00,0.00,0.00,0.00,0.00,Matches
2017,Lander Pinillos,es ESP,MF,Alavés,es La Liga,22-089,2003,1,0,2,0.0,0,0,0,0,0,0,0,0,0.0,0.0,0.0,0.0,0,0,1,0.00,0.00,0.00,0.00,0.00,0.00,0.00,0.00,0.00,0.00,Matches
2018,Ethan Pinnock,jm JAM,DF,Brentford,eng Premier League,32-219,1993,3,3,228,2.5,0.00,0.00,0.00,0.00,0.00,0.00,0.40,0.00,0.00,0.00,0.00,0.00,0.00,1.60,1.20,0.00,0.00,0.00,0.00,0.00,0.00,0.00,0.00,0.00,0.00,Matches
2019,Yeremi Pino,es ESP,"MF,FW",Villarreal,es La Liga,23-075,2002,2,2,159,1.8,0.00,0.56,0.56,0.00,0.00,0.00,0.00,0.00,0.11,0.11,0.50,0.56,3.33,10.0,10.0,0.00,0.57,0.57,0.00,0.57,0.09,0.48,0.57,0.09,0.57,Matches
2020,Joël Piroe,nl NED,"FW,MF",Leeds United,eng Premier League,26-154,1999,9,2,205,2.3,0.00,0.00,0.00,0.00,0.00,0.00,0.00,0.00,0.26,0.26,0.00,0.26,1.30,1.30,4.35,0.00,0.00,0.00,0.00,0.00,0.26,0.00,0.26,0.26,0.26,Matches
2021,Niccolò Pisilli,it ITA,MF,Roma,it Serie A,21-102,2004,4,0,67,0.7,0.00,0.00,0.00,0.00,0.00,0.00,0.00,0.00,0.14,0.14,0.29,0.43,4.29,15.7,7.14,0.00,0.00,0.00,0.00,0.00,0.12,0.21,0.34,0.12,0.34,Matches
2022,Damián Pizarro,cl CHI,FW,Le Havre,fr Ligue 1,20-281,2005,2,0,28,0.3,0.00,0.00,0.00,0.00,0.00,0.00,0.00,0.00,0.00,0.00,0.00,0.00,0.00,3.33,0.00,0.00,0.00,0.00,0.00,0.00,0.00,0.00,0.00,0.00,0.00,Matches
2023,Paul Pogba,fr FRA,MF,Monaco,fr Ligue 1,32-294,1993,3,0,33,0.4,0.00,0.00,0.00,0.00,0.00,0.00,0.00,0.00,0.00,0.00,0.00,0.00,0.00,20.0,5.00,0.00,0.00,0.00,0.00,0.00,0.00,0.00,0.00,0.00,0.00,Matches
2024,Matteo Politano,it ITA,"MF,FW",Napoli,it Serie A,32-153,1993,16,11,930,10.3,0.00,0.10,0.10,0.00,0.00,0.00,0.10,0.00,0.14,0.14,0.19,0.33,5.83,2.72,8.83,0.00,0.10,0.10,0.00,0.10,0.13,0.19,0.33,0.13,0.33,Matches
2025,Marin Pongračić,hr CRO,DF,Fiorentina,it Serie A,28-114,1997,15,15,"1,349",15.0,0.00,0.00,0.00,0.00,0.00,0.00,0.40,0.00,0.01,0.01,0.05,0.07,1.33,4.27,0.33,0.00,0.00,0.00,0.00,0.00,0.02,0.05,0.06,0.02,0.06,Matches
2026,Nick Pope,eng ENG,GK,Newcastle Utd,eng Premier League,33-259,1992,13,13,"1,156",12.8,0.00,0.00,0.00,0.00,0.00,0.00,0.08,0.00,0.00,0.00,0.00,0.00,0.00,0.00,0.00,0.00,0.00,0.00,0.00,0.00,0.00,0.00,0.00,0.00,0.00,Matches
2027,Pedro Porro,es ESP,DF,Tottenham,eng Premier League,26-112,1999,19,17,"1,508",16.8,0.00,0.06,0.06,0.00,0.00,0.00,0.24,0.00,0.02,0.02,0.09,0.11,1.67,5.42,2.80,0.00,0.06,0.06,0.00,0.06,0.02,0.09,0.11,0.02,0.11,Matches
2028,Portu,es ESP,"FW,MF",Girona,es La Liga,33-227,1992,10,4,474,5.3,0.00,0.00,0.00,0.00,0.00,0.00,0.38,0.00,0.25,0.25,0.06,0.30,0.57,1.13,06.04,0.00,0.00,0.00,0.00,0.00,0.24,0.05,0.30,0.24,0.30,Matches
2029,Freddie Potts,eng ENG,MF,West Ham,eng Premier League,22-113,2003,14,9,916,10.2,0.00,0.10,0.10,0.00,0.00,0.00,0.10,0.00,0.02,0.02,0.11,0.13,0.39,3.14,0.69,0.00,0.10,0.10,0.00,0.10,0.02,0.10,0.12,0.02,0.12,Matches
2030,Beñat Prados,es ESP,MF,Athletic Club,es La Liga,24-329,2001,2,1,85,0.9,0.00,0.00,0.00,0.00,0.00,0.00,1.11,0.00,0.00,0.00,0.11,0.11,0.00,4.44,1.11,0.00,0.00,0.00,0.00,0.00,0.03,0.08,0.11,0.03,0.11,Matches
Rk,Player,Nation,Pos,Squad,Comp,Age,Born,MP,Starts,Min,90s,Gls,Ast,G+A,G-PK,PK,PKatt,CrdY,CrdR,xG,npxG,xAG,npxG+xAG,PrgC,PrgP,PrgR,Gls,Ast,G+A,G-PK,G+A-PK,xG,xAG,xG+xAG,npxG,npxG+xAG,Matches
2031,Alexander Prass,at AUT,"MF,FW",Hoffenheim,de Bundesliga,24-222,2001,13,3,376,4.2,0.00,0.24,0.24,0.00,0.00,0.00,0.00,0.00,0.02,0.02,0.14,0.17,1.90,3.10,5.48,0.00,0.24,0.24,0.00,0.24,0.02,0.14,0.16,0.02,0.16,Matches
2032,Abdón Prats,es ESP,FW,Mallorca,es La Liga,33-027,1992,7,0,75,0.8,0.00,0.00,0.00,0.00,0.00,0.00,0.00,0.00,0.87,0.87,0.13,1.00,1.25,1.25,6.25,0.00,0.00,0.00,0.00,0.00,0.84,0.15,0.99,0.84,0.99,Matches
2033,Ivan Provedel,it ITA,GK,Lazio,it Serie A,31-292,1994,17,17,"1,53",17.0,0.00,0.00,0.00,0.00,0.00,0.00,0.00,0.00,0.00,0.00,0.02,0.02,0.00,0.00,0.00,0.00,0.00,0.00,0.00,0.00,0.00,0.01,0.01,0.00,0.01,Matches
2034,Marc Pubill,es ESP,DF,Atlético Madrid,es La Liga,22-197,2003,6,4,383,4.3,0.00,0.23,0.23,0.00,0.00,0.00,0.23,0.00,0.00,0.00,0.05,0.05,0.70,02.09,0.47,0.00,0.23,0.23,0.00,0.23,0.00,0.04,0.05,0.00,0.05,Matches
2035,Cameron Puertas,ch SUI,"MF,FW",Werder Bremen,de Bundesliga,27-138,1998,13,9,752,8.4,0.00,0.00,0.00,0.00,0.00,0.00,0.36,0.00,0.11,0.11,0.08,0.19,1.19,3.10,4.64,0.00,0.00,0.00,0.00,0.00,0.11,0.08,0.19,0.11,0.19,Matches
2036,Arkadiusz Pyrka,pl POL,"DF,MF",St. Pauli,de Bundesliga,23-105,2002,12,11,870,9.7,0.00,0.00,0.00,0.00,0.00,0.00,0.31,0.00,0.02,0.02,0.04,0.06,1.96,3.20,4.85,0.00,0.00,0.00,0.00,0.00,0.02,0.04,0.06,0.02,0.06,Matches
2037,Leopold Querfeld,at AUT,DF,Union Berlin,de Bundesliga,22-014,2003,15,15,"1,35",15.0,0.00,0.00,0.00,0.00,0.00,0.07,0.27,0.00,0.09,0.04,0.10,0.14,0.27,2.87,0.33,0.00,0.00,0.00,0.00,0.00,0.09,0.10,0.20,0.04,0.14,Matches
2038,Kenny Quetant,fr FRA,MF,Le Havre,fr Ligue 1,19-170,2006,1,0,13,0.1,0.00,0.00,0.00,0.00,0.00,0.00,0.00,0.00,1.00,1.00,0.00,1.00,0.00,0.00,10.0,0.00,0.00,0.00,0.00,0.00,0.52,0.00,0.52,0.52,0.52,Matches
2039,Dani Raba,es ESP,"FW,MF",Valencia,es La Liga,30-066,1995,11,3,252,2.8,0.00,0.36,0.36,0.00,0.00,0.00,0.00,0.00,0.07,0.07,0.14,0.21,1.43,7.86,5.71,0.00,0.36,0.36,0.00,0.36,0.07,0.14,0.22,0.07,0.22,Matches
2040,Adrien Rabiot,fr FRA,MF,Marseille,fr Ligue 1,30-275,1995,1,1,90,1.0,0.00,0.00,0.00,0.00,0.00,0.00,1.00,0.00,0.00,0.00,0.30,0.30,0.00,7.00,15.0,0.00,0.00,0.00,0.00,0.00,0.04,0.29,0.33,0.04,0.33,Matches
2041,Uroš Radaković,rs SRB,"DF,MF",Nantes,fr Ligue 1,31-278,1994,4,0,24,0.3,0.00,0.00,0.00,0.00,0.00,0.00,0.00,0.00,0.00,0.00,0.00,0.00,0.00,0.00,3.33,0.00,0.00,0.00,0.00,0.00,0.00,0.00,0.00,0.00,0.00,Matches
2042,Ionuț Radu,ro ROU,GK,Celta Vigo,es La Liga,28-220,1997,17,17,"1,53",17.0,0.00,0.00,0.00,0.00,0.00,0.00,0.00,0.00,0.00,0.00,0.00,0.00,0.00,0.00,0.00,0.00,0.00,0.00,0.00,0.00,0.00,0.00,0.00,0.00,0.00,Matches
2043,Ugo Raghouber,fr FRA,FW,Lille,fr Ligue 1,22-174,2003,1,0,3,0.0,0,0,0,0,0,0,0,0,0.0,0.0,0.0,0.0,0,2,0,0.00,0.00,0.00,0.00,0.00,0.00,0.00,0.00,0.00,0.00,Matches
2044,Antonio Raillo,es ESP,DF,Mallorca,es La Liga,34-087,1991,17,17,"1,53",17.0,0.00,0.06,0.06,0.00,0.00,0.00,0.12,0.00,0.02,0.02,0.02,0.04,0.88,2.76,0.18,0.00,0.06,0.06,0.00,0.06,0.02,0.02,0.04,0.02,0.04,Matches
2045,Ylber Ramadani,al ALB,MF,Lecce,it Serie A,29-266,1996,16,16,"1,397",15.5,0.00,0.00,0.00,0.00,0.00,0.00,0.26,0.00,0.02,0.02,0.01,0.03,0.13,3.81,0.32,0.00,0.00,0.00,0.00,0.00,0.02,0.01,0.03,0.02,0.03,Matches
2046,Diant Ramaj,de GER,GK,Heidenheim,de Bundesliga,24-106,2001,15,15,"1,35",15.0,0.00,0.00,0.00,0.00,0.00,0.00,0.07,0.00,0.00,0.00,0.00,0.00,0.00,0.07,0.00,0.00,0.00,0.00,0.00,0.00,0.00,0.00,0.00,0.00,0.00,Matches
2047,Largie Ramazani,be BEL,"FW,MF",Valencia,es La Liga,24-310,2001,8,0,141,1.6,0.00,0.63,0.63,0.00,0.00,0.00,0.00,0.00,0.31,0.31,0.37,0.63,5.00,4.38,15.6,0.00,0.64,0.64,0.00,0.64,0.30,0.35,0.65,0.30,0.65,Matches
2048,Guilherme Ramos,pt POR,"DF,FW",Hamburger SV,de Bundesliga,28-145,1997,6,0,30,0.3,0.00,0.00,0.00,0.00,0.00,0.00,0.00,0.00,0.67,0.67,0.00,1.00,0.00,10.0,0.00,0.00,0.00,0.00,0.00,0.00,0.69,0.15,0.84,0.69,0.84,Matches
2049,Aaron Ramsdale,eng ENG,GK,Newcastle Utd,eng Premier League,27-234,1998,7,6,554,6.2,0.00,0.00,0.00,0.00,0.00,0.00,0.00,0.00,0.00,0.00,0.02,0.02,0.00,0.00,0.00,0.00,0.00,0.00,0.00,0.00,0.00,0.02,0.02,0.00,0.02,Matches
2050,Jacob Ramsey,eng ENG,MF,Newcastle Utd,eng Premier League,24-220,2001,10,4,468,5.2,0.00,0.00,0.00,0.00,0.00,0.00,0.38,0.00,0.06,0.06,0.12,0.19,2.50,4.42,7.88,0.00,0.00,0.00,0.00,0.00,0.06,0.12,0.19,0.06,0.19,Matches
2051,Giacomo Raspadori,it ITA,"FW,MF",Atlético Madrid,es La Liga,25-319,2000,11,1,217,2.4,0.00,0.42,0.42,0.00,0.00,0.00,0.00,0.00,0.29,0.29,0.29,0.58,1.67,2.50,9.17,0.00,0.41,0.41,0.00,0.41,0.28,0.29,0.58,0.28,0.58,Matches
2052,Andrei Ratiu,ro ROU,DF,Rayo Vallecano,es La Liga,27-197,1998,17,17,"1,53",17.0,0.00,0.06,0.06,0.00,0.00,0.00,0.29,0.00,0.08,0.08,0.17,0.25,3.65,3.94,6.35,0.00,0.06,0.06,0.00,0.06,0.08,0.17,0.25,0.08,0.25,Matches
2053,Federico Ravaglia,it ITA,GK,Bologna,it Serie A,26-053,1999,6,6,540,6.0,0.00,0.00,0.00,0.00,0.00,0.00,0.17,0.00,0.00,0.00,0.00,0.00,0.00,0.00,0.00,0.00,0.00,0.00,0.00,0.00,0.00,0.00,0.00,0.00,0.00,Matches
2054,David Raya,es ESP,GK,Arsenal,eng Premier League,30-110,1995,19,19,"1,71",19.0,0.00,0.00,0.00,0.00,0.00,0.00,0.05,0.00,0.00,0.00,0.01,0.01,0.00,0.26,0.00,0.00,0.00,0.00,0.00,0.00,0.00,0.01,0.01,0.00,0.01,Matches
2055,Abde Rebbach,dz ALG,MF,Alavés,es La Liga,27-145,1998,14,8,724,8.0,0.00,0.00,0.00,0.00,0.00,0.00,0.50,0.00,0.13,0.13,0.16,0.30,4.00,3.00,7.50,0.00,0.00,0.00,0.00,0.00,0.13,0.17,0.30,0.13,0.30,Matches
2056,Federico Redondo,ar ARG,MF,Elche,es La Liga,22-350,2003,4,0,20,0.2,0.00,0.00,0.00,0.00,0.00,0.00,0.00,5.00,0.00,0.00,0.00,0.00,0.00,0.00,0.00,0.00,0.00,0.00,0.00,0.00,0.00,0.00,0.00,0.00,0.00,Matches
2057,Harrison Reed,eng ENG,MF,Fulham,eng Premier League,30-341,1995,2,0,8,0.1,0.00,0.00,0.00,0.00,0.00,0.00,0.00,0.00,0.00,0.00,0.00,0.00,0.00,0.00,0.00,0.00,0.00,0.00,0.00,0.00,0.00,0.00,0.00,0.00,0.00,Matches
2058,Vitor Reis,br BRA,DF,Girona,es La Liga,19-356,2006,16,15,"1,338",14.9,0.00,0.00,0.00,0.00,0.00,0.00,0.27,0.07,0.02,0.02,0.06,0.08,0.34,3.83,0.00,0.00,0.00,0.00,0.00,0.00,0.02,0.06,0.08,0.02,0.08,Matches
2059,Rocco Reitz,de GER,MF,Gladbach,de Bundesliga,23-219,2002,15,15,"1,272",14.1,0.00,0.07,0.07,0.00,0.00,0.00,0.21,0.00,0.10,0.09,0.11,0.20,1.99,4.75,3.97,0.00,0.07,0.07,0.00,0.07,0.10,0.11,0.21,0.09,0.20,Matches
2060,Nicolai Remberg,de GER,MF,Hamburger SV,de Bundesliga,25-198,2000,14,14,"1,26",14.0,0.00,0.07,0.07,0.00,0.00,0.00,0.36,0.00,0.06,0.06,0.07,0.13,0.86,2.93,0.14,0.00,0.07,0.07,0.00,0.07,0.06,0.07,0.13,0.06,0.13,Matches
2061,Álex Remiro,es ESP,GK,Real Sociedad,es La Liga,30-285,1995,17,17,"1,53",17.0,0.00,0.00,0.00,0.00,0.00,0.00,0.00,0.00,0.00,0.00,0.01,0.01,0.00,0.12,0.00,0.00,0.00,0.00,0.00,0.00,0.00,0.01,0.01,0.00,0.01,Matches
2062,Devyne Rensch,nl NED,DF,Roma,it Serie A,22-350,2003,10,3,356,4.0,0.00,0.00,0.00,0.00,0.00,0.00,0.00,0.00,0.05,0.05,0.00,0.05,1.00,2.25,5.00,0.00,0.00,0.00,0.00,0.00,0.05,0.01,0.06,0.05,0.06,Matches
2063,Guillaume Restes,fr FRA,GK,Toulouse,fr Ligue 1,20-298,2005,17,17,"1,53",17.0,0.00,0.00,0.00,0.00,0.00,0.00,0.12,0.00,0.00,0.00,0.00,0.00,0.00,0.00,0.00,0.00,0.00,0.00,0.00,0.00,0.00,0.00,0.00,0.00,0.00,Matches
2064,Elvis Rexhbeçaj,xk KVX,"MF,DF",Augsburg,de Bundesliga,28-063,1997,13,5,623,6.9,0.00,0.00,0.00,0.00,0.00,0.00,0.43,0.00,0.04,0.04,0.04,0.09,1.16,3.77,1.88,0.00,0.00,0.00,0.00,0.00,0.04,0.04,0.08,0.04,0.08,Matches
2065,Oriol Rey,es ESP,MF,Levante,es La Liga,27-312,1998,12,8,748,8.3,0.00,0.00,0.00,0.00,0.00,0.00,0.24,0.00,0.04,0.04,0.01,0.05,0.60,2.29,1.20,0.00,0.00,0.00,0.00,0.00,0.04,0.01,0.05,0.04,0.05,Matches
Rk,Player,Nation,Pos,Squad,Comp,Age,Born,MP,Starts,Min,90s,Gls,Ast,G+A,G-PK,PK,PKatt,CrdY,CrdR,xG,npxG,xAG,npxG+xAG,PrgC,PrgP,PrgR,Gls,Ast,G+A,G-PK,G+A-PK,xG,xAG,xG+xAG,npxG,npxG+xAG,Matches
2066,Gio Reyna,us USA,MF,Gladbach,de Bundesliga,23-051,2002,11,4,375,4.2,0.00,0.00,0.00,0.00,0.00,0.00,0.24,0.00,0.07,0.07,0.10,0.14,2.14,5.24,4.76,0.00,0.00,0.00,0.00,0.00,0.06,0.09,0.15,0.06,0.15,Matches
2067,Alexsandro Ribeiro,br BRA,DF,Lille,fr Ligue 1,26-147,1999,4,4,314,3.5,0.00,0.00,0.00,0.00,0.00,0.00,0.00,0.00,0.03,0.03,0.00,0.03,0.29,2.29,0.00,0.00,0.00,0.00,0.00,0.00,0.03,0.00,0.03,0.03,0.03,Matches
2068,Chris Richards,us USA,DF,Crystal Palace,eng Premier League,25-281,2000,17,17,"1,522",16.9,0.00,0.00,0.00,0.00,0.00,0.00,0.00,0.00,0.02,0.02,0.02,0.04,0.41,1.95,0.41,0.00,0.00,0.00,0.00,0.00,0.02,0.02,0.04,0.02,0.04,Matches
2069,Amir Richardson,ma MAR,MF,Fiorentina,it Serie A,23-344,2002,2,0,42,0.5,0.00,0.00,0.00,0.00,0.00,0.00,0.00,0.00,0.00,0.00,0.00,0.00,4.00,6.00,8.00,0.00,0.00,0.00,0.00,0.00,0.04,0.00,0.04,0.04,0.04,Matches
2070,Diego Rico,es ESP,DF,Getafe,es La Liga,32-314,1993,17,14,"1,351",15.0,0.00,0.00,0.00,0.00,0.00,0.00,0.13,0.00,0.01,0.01,0.05,0.06,0.73,4.47,2.40,0.00,0.00,0.00,0.00,0.00,0.01,0.05,0.06,0.01,0.06,Matches
2071,Clemens Riedel,de GER,DF,Espanyol,es La Liga,22-168,2003,8,6,518,5.8,0.00,0.17,0.17,0.00,0.00,0.00,0.34,0.00,0.02,0.02,0.00,0.03,0.17,2.59,0.34,0.00,0.17,0.17,0.00,0.17,0.02,0.01,0.03,0.02,0.03,Matches
2072,Fabian Rieder,ch SUI,MF,Rennes,fr Ligue 1,23-321,2002,3,2,133,1.5,0.00,0.00,0.00,0.00,0.00,0.00,0.00,0.00,0.00,0.00,0.13,0.13,0.67,3.33,2.67,0.00,0.00,0.00,0.00,0.00,0.00,0.14,0.15,0.00,0.15,Matches
2073,Lasse Rieß,de GER,GK,Mainz 05,de Bundesliga,24-160,2001,4,3,292,3.2,0.00,0.00,0.00,0.00,0.00,0.00,0.00,0.00,0.00,0.00,0.00,0.00,0.00,0.31,0.00,0.00,0.00,0.00,0.00,0.00,0.00,0.00,0.00,0.00,0.00,Matches
2074,Chris Rigg,eng ENG,"MF,FW",Sunderland,eng Premier League,18-199,2007,8,5,317,3.5,0.00,0.00,0.00,0.00,0.00,0.00,0.00,0.00,0.09,0.09,0.09,0.17,0.29,2.00,4.86,0.00,0.00,0.00,0.00,0.00,0.08,0.09,0.17,0.08,0.17,Matches
2075,Hugo Rincón,es ESP,"DF,MF",Girona,es La Liga,22-341,2003,15,6,769,8.5,0.00,0.00,0.00,0.00,0.00,0.00,0.24,0.00,0.07,0.07,0.08,0.15,2.24,2.82,6.00,0.00,0.00,0.00,0.00,0.00,0.07,0.08,0.15,0.07,0.15,Matches
2076,Rodrigo Riquelme,es ESP,"FW,MF",Betis,es La Liga,25-276,2000,13,7,534,5.9,0.00,0.17,0.17,0.00,0.00,0.00,0.00,0.00,0.17,0.17,0.27,0.44,4.58,3.73,5.76,0.00,0.17,0.17,0.00,0.17,0.17,0.26,0.43,0.17,0.43,Matches
2077,Robin Risser,fr FRA,GK,Lens,fr Ligue 1,21-032,2004,17,17,"1,53",17.0,0.00,0.00,0.00,0.00,0.00,0.00,0.12,0.00,0.00,0.00,0.00,0.00,0.00,0.00,0.00,0.00,0.00,0.00,0.00,0.00,0.00,0.00,0.00,0.00,0.00,Matches
2078,Mihailo Ristić,rs SRB,"DF,MF",Celta Vigo,es La Liga,30-064,1995,4,4,251,2.8,0.00,0.00,0.00,0.00,0.00,0.00,0.00,0.00,0.00,0.00,0.04,0.04,3.57,3.57,1.79,0.00,0.00,0.00,0.00,0.00,0.01,0.02,0.03,0.01,0.03,Matches
2079,Lars Ritzka,de GER,DF,St. Pauli,de Bundesliga,27-241,1998,8,4,329,3.7,0.00,0.00,0.00,0.00,0.00,0.00,0.00,0.00,0.00,0.00,0.00,0.00,0.27,2.43,0.00,0.00,0.00,0.00,0.00,0.00,0.00,0.00,0.00,0.00,0.00,Matches
2080,Sergi Roberto,es ESP,MF,Como,it Serie A,33-330,1992,5,2,184,2.0,0.00,0.00,0.00,0.00,0.00,0.00,1.00,0.00,0.20,0.20,0.05,0.25,1.00,3.00,0.00,0.00,0.00,0.00,0.00,0.00,0.17,0.05,0.22,0.17,0.22,Matches
2081,Patrick Roberts,eng ENG,"MF,FW",Sunderland,eng Premier League,28-332,1997,1,0,28,0.3,0.00,0.00,0.00,0.00,0.00,0.00,0.00,0.00,0.00,0.00,0.00,0.00,3.33,3.33,13.3,0.00,0.00,0.00,0.00,0.00,0.11,0.00,0.11,0.11,0.11,Matches
2082,Andrew Robertson,sct SCO,DF,Liverpool,eng Premier League,31-298,1994,12,4,488,5.4,0.00,0.00,0.00,0.00,0.00,0.00,0.00,0.00,0.04,0.04,0.11,0.15,2.22,7.59,5.74,0.00,0.00,0.00,0.00,0.00,0.04,0.10,0.14,0.04,0.14,Matches
2083,Antonee Robinson,us USA,DF,Fulham,eng Premier League,28-148,1997,7,4,424,4.7,0.00,0.00,0.00,0.00,0.00,0.00,0.00,0.00,0.04,0.04,0.17,0.21,3.19,4.68,8.51,0.00,0.00,0.00,0.00,0.00,0.05,0.16,0.21,0.05,0.21,Matches
2084,Marc Roca,es ESP,MF,Betis,es La Liga,29-038,1996,12,9,750,8.3,0.00,0.12,0.12,0.00,0.00,0.00,0.12,0.00,0.08,0.08,0.12,0.22,0.36,4.22,0.84,0.00,0.12,0.12,0.00,0.12,0.09,0.12,0.21,0.09,0.21,Matches
2085,Ryan Rodin,fr FRA,FW,Auxerre,fr Ligue 1,19-307,2006,1,0,8,0.1,0.00,0.00,0.00,0.00,0.00,0.00,0.00,0.00,0.00,0.00,0.00,0.00,0.00,10.0,10.0,0.00,0.00,0.00,0.00,0.00,0.00,0.00,0.00,0.00,0.00,Matches
2086,Rodri,es ESP,MF,Manchester City,eng Premier League,29-195,1996,7,4,338,3.8,0.00,0.00,0.00,0.00,0.00,0.00,0.00,0.00,0.03,0.03,0.16,0.21,1.84,6.58,1.32,0.00,0.00,0.00,0.00,0.00,0.04,0.16,0.20,0.04,0.20,Matches
2087,Damián Rodríguez,es ESP,MF,Celta Vigo,es La Liga,22-292,2003,2,2,150,1.7,0.00,0.00,0.00,0.00,0.00,0.00,0.59,0.00,0.06,0.06,0.06,0.06,1.18,6.47,1.76,0.00,0.00,0.00,0.00,0.00,0.04,0.05,0.09,0.04,0.09,Matches
2088,Dani Rodríguez,es ESP,MF,Mallorca,es La Liga,37-211,1988,2,0,68,0.8,0.00,0.00,0.00,0.00,0.00,0.00,0.00,0.00,0.00,0.00,0.00,0.13,0.00,1.25,6.25,0.00,0.00,0.00,0.00,0.00,0.03,0.05,0.07,0.03,0.07,Matches
2089,Guido Rodríguez,ar ARG,MF,West Ham,eng Premier League,31-266,1994,5,2,168,1.9,0.00,0.00,0.00,0.00,0.00,0.00,0.53,0.00,0.00,0.00,0.00,0.00,0.00,4.21,2.11,0.00,0.00,0.00,0.00,0.00,0.01,0.00,0.01,0.01,0.01,Matches
2090,Javi Rodríguez,es ESP,DF,Celta Vigo,es La Liga,22-191,2003,14,10,984,10.9,0.00,0.00,0.00,0.00,0.00,0.00,0.18,0.00,0.02,0.02,0.02,0.04,0.83,5.78,1.56,0.00,0.00,0.00,0.00,0.00,0.02,0.01,0.04,0.02,0.04,Matches
2091,Jesus Rodríguez,es ESP,FW,Como,it Serie A,20-043,2005,13,8,796,8.8,0.00,0.45,0.45,0.00,0.00,0.00,0.00,0.11,0.18,0.18,0.31,0.48,06.02,2.50,09.09,0.00,0.45,0.45,0.00,0.45,0.18,0.30,0.48,0.18,0.48,Matches
2092,Juan Rodríguez,uy URU,DF,Cagliari,it Serie A,20-218,2005,4,4,335,3.7,0.00,0.00,0.00,0.00,0.00,0.00,0.27,0.00,0.00,0.00,0.00,0.00,0.54,1.62,0.00,0.00,0.00,0.00,0.00,0.00,0.00,0.00,0.00,0.00,0.00,Matches
2093,Ricardo Rodríguez,ch SUI,DF,Betis,es La Liga,33-131,1992,11,8,676,7.5,0.00,0.13,0.13,0.00,0.00,0.00,0.00,0.00,0.01,0.01,0.05,0.07,2.00,2.93,01.07,0.00,0.13,0.13,0.00,0.13,0.01,0.05,0.06,0.01,0.06,Matches
2094,Robin Roefs,nl NED,GK,Sunderland,eng Premier League,22-351,2003,19,19,"1,71",19.0,0.00,0.00,0.00,0.00,0.00,0.00,0.11,0.00,0.00,0.00,0.02,0.02,0.00,0.00,0.00,0.00,0.00,0.00,0.00,0.00,0.00,0.02,0.02,0.00,0.02,Matches
2095,Merlin Röhl,de GER,"MF,FW",Everton,eng Premier League,23-182,2002,7,1,223,2.5,0.00,0.00,0.00,0.00,0.00,0.00,0.00,0.00,0.20,0.20,0.04,0.20,2.00,2.00,4.40,0.00,0.00,0.00,0.00,0.00,0.19,0.03,0.22,0.19,0.22,Matches
2096,Merlin Röhl,de GER,"FW,MF",Freiburg,de Bundesliga,23-182,2002,2,0,66,0.7,0.00,0.00,0.00,0.00,0.00,0.00,0.00,0.00,0.00,0.00,0.00,0.00,1.43,1.43,7.14,0.00,0.00,0.00,0.00,0.00,0.00,0.00,0.00,0.00,0.00,Matches
2097,Filippo Romagna,it ITA,DF,Sassuolo,it Serie A,28-222,1997,3,3,201,2.2,0.00,0.00,0.00,0.00,0.00,0.00,0.00,0.00,0.00,0.00,0.00,0.00,0.45,0.91,0.00,0.00,0.00,0.00,0.00,0.00,0.01,0.00,0.01,0.01,0.01,Matches
2098,Alessio Romagnoli,it ITA,DF,Lazio,it Serie A,30-356,1995,15,15,"1,289",14.3,0.00,0.00,0.00,0.00,0.00,0.00,0.21,0.00,0.01,0.01,0.01,0.01,0.07,2.31,0.00,0.00,0.00,0.00,0.00,0.00,0.01,0.00,0.01,0.01,0.01,Matches
2099,Leo Román,es ESP,GK,Mallorca,es La Liga,25-181,2000,12,12,"1,08",12.0,0.00,0.00,0.00,0.00,0.00,0.00,0.17,0.00,0.00,0.00,0.00,0.00,0.00,0.08,0.00,0.00,0.00,0.00,0.00,0.00,0.00,0.00,0.00,0.00,0.00,Matches
2100,Marten de Roon,nl NED,"MF,DF",Atalanta,it Serie A,34-280,1991,14,13,"1,084",12.0,0.00,0.00,0.00,0.00,0.00,0.00,0.42,0.08,0.05,0.05,0.03,0.07,0.67,5.83,0.92,0.00,0.00,0.00,0.00,0.00,0.05,0.03,0.08,0.05,0.08,Matches
Rk,Player,Nation,Pos,Squad,Comp,Age,Born,MP,Starts,Min,90s,Gls,Ast,G+A,G-PK,PK,PKatt,CrdY,CrdR,xG,npxG,xAG,npxG+xAG,PrgC,PrgP,PrgR,Gls,Ast,G+A,G-PK,G+A-PK,xG,xAG,xG+xAG,npxG,npxG+xAG,Matches
2101,Pablo Rosario,do DOM,MF,Nice,fr Ligue 1,28-361,1997,1,0,28,0.3,0.00,0.00,0.00,0.00,0.00,0.00,0.00,0.00,0.33,0.33,0.33,0.33,3.33,6.67,6.67,0.00,0.00,0.00,0.00,0.00,0.30,0.16,0.47,0.30,0.47,Matches
2102,Max Rosenfelder,de GER,DF,Freiburg,de Bundesliga,22-327,2003,7,2,229,2.5,0.00,0.00,0.00,0.00,0.00,0.00,0.00,0.00,0.00,0.00,0.00,0.00,2.40,1.60,0.40,0.00,0.00,0.00,0.00,0.00,0.00,0.00,0.00,0.00,0.00,Matches
2103,Lucas Rosier,fr FRA,FW,Rennes,fr Ligue 1,18-297,2007,2,0,2,0.0,0,0,0,0,0,0,0,0,0.0,0.0,0.0,0.0,0,0,0,0.00,0.00,0.00,0.00,0.00,0.00,0.00,0.00,0.00,0.00,Matches
2104,Valentin Rosier,fr FRA,"DF,MF",Osasuna,es La Liga,29-137,1996,10,9,701,7.8,0.00,0.13,0.13,0.00,0.00,0.00,0.38,0.13,0.01,0.01,0.08,0.08,1.79,2.31,5.13,0.00,0.13,0.13,0.00,0.13,0.01,0.07,0.08,0.01,0.08,Matches
2105,Nicolò Rovella,it ITA,MF,Lazio,it Serie A,24-030,2001,4,3,200,2.2,0.00,0.45,0.45,0.00,0.00,0.00,0.45,0.00,0.00,0.00,0.73,0.77,1.36,7.27,0.45,0.00,0.45,0.45,0.00,0.45,0.01,0.74,0.76,0.01,0.76,Matches
2106,Jonathan Rowe,eng ENG,FW,Bologna,it Serie A,22-248,2003,8,4,377,4.2,0.00,0.00,0.00,0.00,0.00,0.00,0.24,0.00,0.38,0.38,0.17,0.52,3.10,3.81,8.33,0.00,0.00,0.00,0.00,0.00,0.37,0.16,0.53,0.37,0.53,Matches
2107,Jonathan Rowe,eng ENG,FW,Marseille,fr Ligue 1,22-248,2003,1,1,62,0.7,0.00,0.00,0.00,0.00,0.00,0.00,0.00,0.00,0.29,0.29,0.00,0.29,1.43,2.86,14.3,0.00,0.00,0.00,0.00,0.00,0.35,0.00,0.35,0.35,0.35,Matches
2108,Amir Rrahmani,xk KVX,DF,Napoli,it Serie A,31-313,1994,9,9,783,8.7,0.00,0.00,0.00,0.00,0.00,0.00,0.00,0.00,0.05,0.05,0.01,0.06,0.11,5.98,0.46,0.00,0.00,0.00,0.00,0.00,0.05,0.01,0.06,0.05,0.06,Matches
2109,Rubén,es ESP,"DF,MF",Espanyol,es La Liga,24-333,2001,10,3,328,3.6,0.00,0.00,0.00,0.00,0.00,0.00,0.00,0.00,0.00,0.00,0.03,0.03,5.28,6.94,4.44,0.00,0.00,0.00,0.00,0.00,0.00,0.02,0.02,0.00,0.02,Matches
2110,Antonio Rüdiger,de GER,DF,Real Madrid,es La Liga,32-306,1993,6,5,517,5.7,0.00,0.00,0.00,0.00,0.00,0.00,0.00,0.00,0.02,0.02,0.04,0.05,0.53,3.68,0.18,0.00,0.00,0.00,0.00,0.00,0.01,0.04,0.05,0.01,0.05,Matches
2111,Daniele Rugani,it ITA,DF,Juventus,it Serie A,31-158,1994,6,3,250,2.8,0.00,0.00,0.00,0.00,0.00,0.00,0.00,0.00,0.00,0.00,0.00,0.00,0.00,0.36,0.36,0.00,0.00,0.00,0.00,0.00,0.00,0.00,0.00,0.00,0.00,Matches
2112,Matteo Ruggeri,it ITA,DF,Atlético Madrid,es La Liga,23-176,2002,12,8,729,8.1,0.00,0.00,0.00,0.00,0.00,0.00,0.12,0.00,0.01,0.01,0.09,0.09,1.98,04.07,06.05,0.00,0.00,0.00,0.00,0.00,0.01,0.08,0.09,0.01,0.09,Matches
2113,Abel Ruiz,es ESP,"FW,MF",Girona,es La Liga,25-340,2000,3,0,37,0.4,0.00,0.00,0.00,0.00,0.00,0.00,0.00,0.00,0.00,0.00,0.00,0.00,5.00,0.00,12.5,0.00,0.00,0.00,0.00,0.00,0.00,0.00,0.00,0.00,0.00,Matches
2114,Gerónimo Rulli,ar ARG,GK,Marseille,fr Ligue 1,33-228,1992,13,13,"1,17",13.0,0.00,0.00,0.00,0.00,0.00,0.00,0.08,0.00,0.00,0.00,0.00,0.00,0.00,0.15,0.00,0.00,0.00,0.00,0.00,0.00,0.00,0.00,0.00,0.00,0.00,Matches
2115,Mathew Ryan,au AUS,GK,Levante,es La Liga,33-270,1992,14,14,"1,26",14.0,0.00,0.00,0.00,0.00,0.00,0.00,0.07,0.00,0.00,0.00,0.00,0.00,0.00,0.00,0.00,0.00,0.00,0.00,0.00,0.00,0.00,0.00,0.00,0.00,0.00,Matches
2116,Julian Ryerson,no NOR,"DF,MF",Dortmund,de Bundesliga,28-047,1997,14,9,859,9.5,0.00,0.32,0.32,0.00,0.00,0.00,0.42,0.00,0.03,0.03,0.29,0.33,3.26,4.84,09.05,0.00,0.31,0.31,0.00,0.31,0.03,0.30,0.33,0.03,0.33,Matches
2117,Frederik Rønnow,dk DEN,GK,Union Berlin,de Bundesliga,33-152,1992,15,15,"1,35",15.0,0.00,0.00,0.00,0.00,0.00,0.00,0.07,0.00,0.00,0.00,0.01,0.01,0.00,0.00,0.00,0.00,0.00,0.00,0.00,0.00,0.00,0.00,0.00,0.00,0.00,Matches
2118,Alexander Røssing-Lelesiit,no NOR,"FW,MF",Hamburger SV,de Bundesliga,18-348,2007,8,4,284,3.2,0.00,0.31,0.31,0.00,0.00,0.00,0.63,0.31,0.00,0.00,0.16,0.16,2.19,2.50,6.56,0.00,0.32,0.32,0.00,0.32,0.01,0.16,0.17,0.01,0.17,Matches
2119,José Sá,pt POR,GK,Wolves,eng Premier League,32-351,1993,7,7,630,7.0,0.00,0.00,0.00,0.00,0.00,0.00,0.00,0.00,0.00,0.00,0.01,0.01,0.00,0.00,0.00,0.00,0.00,0.00,0.00,0.00,0.00,0.01,0.01,0.00,0.01,Matches
2120,Elias Saad,tn TUN,"MF,FW",Augsburg,de Bundesliga,26-007,1999,10,7,497,5.5,0.00,0.00,0.00,0.00,0.00,0.00,0.18,0.00,0.09,0.09,0.13,0.24,2.73,2.18,7.82,0.00,0.00,0.00,0.00,0.00,0.09,0.13,0.23,0.09,0.23,Matches
2121,Stefano Sabelli,it ITA,DF,Genoa,it Serie A,32-355,1993,5,4,259,2.9,0.00,0.00,0.00,0.00,0.00,0.00,0.00,0.00,0.00,0.00,0.03,0.03,1.72,02.07,0.34,0.00,0.00,0.00,0.00,0.00,0.00,0.04,0.04,0.00,0.04,Matches
2122,Abdelhamid Sabiri,ma MAR,MF,Fiorentina,it Serie A,29-036,1996,1,0,27,0.3,0.00,0.00,0.00,0.00,0.00,0.00,0.00,0.00,0.00,0.00,0.33,0.33,0.00,6.67,0.00,0.00,0.00,0.00,0.00,0.00,0.04,0.41,0.45,0.04,0.45,Matches
2123,Marcel Sabitzer,at AUT,MF,Dortmund,de Bundesliga,31-292,1994,12,8,743,8.3,0.00,0.12,0.12,0.00,0.00,0.00,0.12,0.00,0.06,0.06,0.10,0.16,0.84,6.39,1.57,0.00,0.12,0.12,0.00,0.12,0.06,0.10,0.16,0.06,0.16,Matches
2124,Noah Sadiki,cd COD,MF,Sunderland,eng Premier League,21-017,2004,16,16,"1,412",15.7,0.00,0.00,0.00,0.00,0.00,0.00,0.25,0.00,0.02,0.02,0.03,0.04,1.91,2.99,2.48,0.00,0.00,0.00,0.00,0.00,0.02,0.02,0.04,0.02,0.04,Matches
2125,Umar Sadiq,ng NGA,FW,Real Sociedad,es La Liga,28-335,1997,5,2,153,1.7,0.00,0.00,0.00,0.00,0.00,0.00,0.59,0.00,0.12,0.12,0.00,0.12,0.00,0.00,3.53,0.00,0.00,0.00,0.00,0.00,0.11,0.03,0.14,0.11,0.14,Matches
2126,Matvei Safonov,ru RUS,GK,Paris S-G,fr Ligue 1,26-312,1999,2,2,180,2.0,0.00,0.00,0.00,0.00,0.00,0.00,0.00,0.00,0.00,0.00,0.00,0.00,0.00,0.00,0.00,0.00,0.00,0.00,0.00,0.00,0.00,0.00,0.00,0.00,0.00,Matches
2127,Emir Sahiti,xk KVX,FW,Hamburger SV,de Bundesliga,27-035,1998,2,2,120,1.3,0.00,0.00,0.00,0.00,0.00,0.00,0.00,0.00,0.00,0.00,0.00,0.00,3.85,0.77,2.31,0.00,0.00,0.00,0.00,0.00,0.00,0.01,0.01,0.00,0.01,Matches
2128,Mathis Saka,fr FRA,MF,Toulouse,fr Ligue 1,19-105,2006,1,0,8,0.1,0.00,0.00,0.00,0.00,0.00,0.00,0.00,0.00,0.00,0.00,0.00,0.00,0.00,0.00,0.00,0.00,0.00,0.00,0.00,0.00,0.00,0.00,0.00,0.00,0.00,Matches
2129,Álex Sala,es ESP,"MF,FW",Lecce,it Serie A,24-269,2001,5,2,135,1.5,0.00,0.67,0.67,0.00,0.00,0.00,0.00,0.00,0.20,0.20,0.07,0.27,2.00,4.67,6.67,0.00,0.67,0.67,0.00,0.67,0.17,0.07,0.24,0.17,0.24,Matches
2130,Ibrahim Salah,ma MAR,FW,Rennes,fr Ligue 1,24-126,2001,2,0,35,0.4,0.00,0.00,0.00,0.00,0.00,0.00,0.00,0.00,0.00,0.00,0.00,0.00,0.00,0.00,7.50,0.00,0.00,0.00,0.00,0.00,0.06,0.00,0.06,0.06,0.06,Matches
2131,Jan Salas,es ESP,MF,Mallorca,es La Liga,20-146,2005,2,0,17,0.2,0.00,0.00,0.00,0.00,0.00,0.00,0.00,0.00,0.00,0.00,0.00,0.00,0.00,20.0,0.00,0.00,0.00,0.00,0.00,0.00,0.00,0.00,0.00,0.00,0.00,Matches
2132,Kike Salas,es ESP,DF,Sevilla,es La Liga,23-255,2002,6,4,412,4.6,0.00,0.00,0.00,0.00,0.00,0.00,0.00,0.00,0.02,0.02,0.00,0.02,0.43,5.65,0.65,0.00,0.00,0.00,0.00,0.00,0.01,0.01,0.02,0.01,0.02,Matches
2133,Manolis Saliakas,gr GRE,DF,St. Pauli,de Bundesliga,29-113,1996,8,4,451,5.0,0.00,0.20,0.20,0.00,0.00,0.00,0.40,0.00,0.04,0.04,0.04,0.08,1.80,5.40,4.40,0.00,0.20,0.20,0.00,0.20,0.03,0.04,0.07,0.03,0.07,Matches
2134,William Saliba,fr FRA,DF,Arsenal,eng Premier League,24-285,2001,15,14,"1,174",13.0,0.00,0.00,0.00,0.00,0.00,0.00,0.00,0.00,0.02,0.02,0.01,0.02,0.31,3.92,0.31,0.00,0.00,0.00,0.00,0.00,0.02,0.01,0.03,0.02,0.03,Matches
2135,José Salinas,es ESP,"DF,FW",Espanyol,es La Liga,25-095,2000,8,1,141,1.6,0.00,0.00,0.00,0.00,0.00,0.00,0.63,0.00,0.00,0.00,0.06,0.06,1.88,5.00,13.1,0.00,0.00,0.00,0.00,0.00,0.00,0.07,0.07,0.00,0.07,Matches
Rk,Player,Nation,Pos,Squad,Comp,Age,Born,MP,Starts,Min,90s,Gls,Ast,G+A,G-PK,PK,PKatt,CrdY,CrdR,xG,npxG,xAG,npxG+xAG,PrgC,PrgP,PrgR,Gls,Ast,G+A,G-PK,G+A-PK,xG,xAG,xG+xAG,npxG,npxG+xAG,Matches
2136,Mbwana Samatta,tz TAN,FW,Le Havre,fr Ligue 1,33-011,1992,11,9,689,7.7,0.00,0.00,0.00,0.00,0.00,0.00,0.39,0.00,0.23,0.23,0.06,0.30,0.91,1.43,4.81,0.00,0.00,0.00,0.00,0.00,0.24,0.06,0.30,0.24,0.30,Matches
2137,Brice Samba,fr FRA,GK,Rennes,fr Ligue 1,31-253,1994,16,16,"1,44",16.0,0.00,0.00,0.00,0.00,0.00,0.00,0.19,0.00,0.00,0.00,0.01,0.01,0.00,0.00,0.00,0.00,0.00,0.00,0.00,0.00,0.00,0.00,0.00,0.00,0.00,Matches
2138,Antonio Sánchez,es ESP,"FW,MF",Mallorca,es La Liga,29-002,1997,13,5,527,5.9,0.00,0.00,0.00,0.00,0.00,0.00,0.68,0.17,0.02,0.02,0.08,0.10,0.85,2.88,3.22,0.00,0.00,0.00,0.00,0.00,0.02,0.09,0.10,0.02,0.10,Matches
2139,Juanlu Sánchez,es ESP,"DF,FW",Sevilla,es La Liga,22-141,2003,13,10,935,10.4,0.00,0.10,0.10,0.00,0.00,0.00,0.00,0.00,0.05,0.05,0.11,0.16,2.69,2.50,5.67,0.00,0.10,0.10,0.00,0.10,0.05,0.11,0.16,0.05,0.16,Matches
2140,Borja Sánchez Laborde,es ESP,MF,Oviedo,es La Liga,29-311,1996,1,0,14,0.2,0.00,0.00,0.00,0.00,0.00,0.00,0.00,0.00,0.00,0.00,0.00,0.00,0.00,0.00,5.00,0.00,0.00,0.00,0.00,0.00,0.00,0.00,0.00,0.00,0.00,Matches
2141,Robert Sánchez,es ESP,GK,Chelsea,eng Premier League,28-046,1997,19,19,"1,624",18.0,0.00,0.06,0.06,0.00,0.00,0.00,0.11,0.06,0.00,0.00,0.04,0.04,0.00,0.00,0.00,0.00,0.06,0.06,0.00,0.06,0.00,0.05,0.05,0.00,0.05,Matches
2142,Selton Sánchez,es ESP,MF,Athletic Club,es La Liga,18-317,2007,4,1,131,1.5,0.00,0.00,0.00,0.00,0.00,0.00,0.00,0.00,0.20,0.20,0.07,0.20,0.67,2.67,6.67,0.00,0.00,0.00,0.00,0.00,0.18,0.06,0.24,0.18,0.24,Matches
2143,Jadon Sancho,eng ENG,FW,Aston Villa,eng Premier League,25-284,2000,9,1,225,2.5,0.00,0.00,0.00,0.00,0.00,0.00,0.00,0.00,0.16,0.16,0.20,0.32,4.00,5.20,11.2,0.00,0.00,0.00,0.00,0.00,0.15,0.19,0.34,0.15,0.34,Matches
2144,Álex Sancris,es ESP,"MF,FW",Getafe,es La Liga,28-350,1997,13,5,595,6.6,0.00,0.15,0.15,0.00,0.00,0.00,0.45,0.15,0.05,0.05,0.11,0.15,2.27,01.06,6.67,0.00,0.15,0.15,0.00,0.15,0.05,0.10,0.15,0.05,0.15,Matches
2145,James Sands,us USA,MF,St. Pauli,de Bundesliga,25-181,2000,14,14,"1,159",12.9,0.00,0.00,0.00,0.00,0.00,0.00,0.23,0.00,0.02,0.02,0.03,0.06,0.47,3.80,2.48,0.00,0.00,0.00,0.00,0.00,0.03,0.03,0.06,0.03,0.06,Matches
2146,Nhoa Sangui,fr FRA,DF,Paris FC,fr Ligue 1,19-310,2006,9,3,373,4.1,0.00,0.00,0.00,0.00,0.00,0.00,0.00,0.00,0.02,0.02,0.17,0.20,2.44,3.17,5.12,0.00,0.00,0.00,0.00,0.00,0.03,0.16,0.19,0.03,0.19,Matches
2147,Morgan Sanson,fr FRA,MF,Nice,fr Ligue 1,31-138,1994,14,3,386,4.3,0.00,0.23,0.23,0.00,0.00,0.00,0.00,0.00,0.07,0.07,0.16,0.26,2.56,3.26,02.09,0.00,0.23,0.23,0.00,0.23,0.08,0.17,0.25,0.08,0.25,Matches
2148,Yago Santiago,es ESP,"MF,DF",Elche,es La Liga,22-263,2003,4,1,116,1.3,0.00,0.00,0.00,0.00,0.00,0.00,0.00,0.00,0.08,0.08,0.15,0.23,3.85,2.31,19.2,0.00,0.00,0.00,0.00,0.00,0.10,0.12,0.22,0.10,0.22,Matches
2149,Yellu Santiago,es ESP,MF,Hellas Verona,it Serie A,21-223,2004,2,0,6,0.1,0.00,0.00,0.00,0.00,0.00,0.00,0.00,0.00,0.00,0.00,0.00,1.00,10.0,0.00,0.00,0.00,0.00,0.00,0.00,0.00,0.34,0.54,0.87,0.34,0.87,Matches
2150,Andrey Santos,br BRA,MF,Chelsea,eng Premier League,21-245,2004,13,4,448,5.0,0.00,0.00,0.00,0.00,0.00,0.00,0.60,0.00,0.18,0.18,0.04,0.22,1.20,5.40,2.80,0.00,0.00,0.00,0.00,0.00,0.17,0.04,0.21,0.17,0.21,Matches
2151,Kauã Santos,br BRA,GK,Eint Frankfurt,de Bundesliga,22-267,2003,4,4,360,4.0,0.00,0.00,0.00,0.00,0.00,0.00,0.00,0.00,0.00,0.00,0.00,0.00,0.00,0.25,0.00,0.00,0.00,0.00,0.00,0.00,0.00,0.00,0.00,0.00,0.00,Matches
2152,Tiago Santos,pt POR,DF,Lille,fr Ligue 1,23-164,2002,3,1,121,1.3,0.00,0.00,0.00,0.00,0.00,0.00,0.00,0.00,0.00,0.00,0.00,0.00,6.15,2.31,7.69,0.00,0.00,0.00,0.00,0.00,0.01,0.02,0.03,0.01,0.03,Matches
2153,Alejo Sarco,ar ARG,FW,Leverkusen,de Bundesliga,19-362,2006,2,0,49,0.5,0.00,0.00,0.00,0.00,0.00,0.00,0.00,0.00,0.40,0.40,0.00,0.40,2.00,2.00,6.00,0.00,0.00,0.00,0.00,0.00,0.33,0.03,0.36,0.33,0.36,Matches
2154,Jeremy Sarmiento,ec ECU,"MF,FW",Cremonese,it Serie A,23-201,2002,7,0,142,1.6,0.00,0.00,0.00,0.00,0.00,0.00,0.00,0.00,0.06,0.06,0.13,0.19,5.00,5.00,1.88,0.00,0.00,0.00,0.00,0.00,0.05,0.15,0.20,0.05,0.20,Matches
2155,Amin Sarr,se SWE,FW,Hellas Verona,it Serie A,24-298,2001,16,2,433,4.8,0.00,0.00,0.00,0.00,0.00,0.00,0.00,0.00,0.10,0.10,0.10,0.21,2.29,02.08,5.63,0.00,0.00,0.00,0.00,0.00,0.10,0.11,0.21,0.10,0.21,Matches
2156,Malang Sarr,fr FRA,DF,Lens,fr Ligue 1,26-345,1999,16,16,"1,44",16.0,0.00,0.00,0.00,0.00,0.00,0.00,0.13,0.00,0.05,0.05,0.00,0.05,0.44,4.19,0.13,0.00,0.00,0.00,0.00,0.00,0.05,0.00,0.05,0.05,0.05,Matches
2157,Mamadou Sarr,sn SEN,DF,Strasbourg,fr Ligue 1,20-127,2005,13,13,"1,125",12.5,0.00,0.00,0.00,0.00,0.00,0.00,0.24,0.00,0.01,0.01,0.01,0.01,0.56,2.16,0.16,0.00,0.00,0.00,0.00,0.00,0.01,0.01,0.01,0.01,0.01,Matches
2158,Mario Sauer,sk SVK,MF,Toulouse,fr Ligue 1,21-233,2004,13,6,498,5.5,0.00,0.00,0.00,0.00,0.00,0.00,0.36,0.00,0.05,0.05,0.02,0.05,1.27,3.64,2.18,0.00,0.00,0.00,0.00,0.00,0.05,0.01,0.06,0.05,0.06,Matches
2159,Razvan Sava,ro ROU,GK,Udinese,it Serie A,23-196,2002,7,6,620,6.9,0.00,0.00,0.00,0.00,0.00,0.00,0.14,0.00,0.00,0.00,0.00,0.00,0.00,0.00,0.00,0.00,0.00,0.00,0.00,0.00,0.00,0.00,0.00,0.00,0.00,Matches
2160,Sávio,br BRA,"MF,FW",Manchester City,eng Premier League,21-268,2004,15,5,541,6.0,0.00,0.17,0.17,0.00,0.00,0.00,0.17,0.00,0.17,0.17,0.12,0.28,8.33,1.83,10.0,0.00,0.17,0.17,0.00,0.17,0.17,0.12,0.29,0.17,0.29,Matches
2161,Joe Scally,us USA,DF,Gladbach,de Bundesliga,23-003,2002,13,12,"1,076",12.0,0.00,0.17,0.17,0.00,0.00,0.00,0.42,0.00,0.03,0.03,0.07,0.10,1.42,3.17,4.00,0.00,0.17,0.17,0.00,0.17,0.03,0.06,0.10,0.03,0.10,Matches
2162,Oliver Scarles,eng ENG,DF,West Ham,eng Premier League,20-022,2005,5,5,312,3.5,0.00,0.00,0.00,0.00,0.00,0.00,0.00,0.00,0.06,0.06,0.09,0.14,0.57,1.71,2.86,0.00,0.00,0.00,0.00,0.00,0.06,0.10,0.16,0.06,0.16,Matches
2163,Fabian Schär,ch SUI,DF,Newcastle Utd,eng Premier League,34-014,1991,14,9,926,10.3,0.00,0.00,0.00,0.00,0.00,0.00,0.10,0.00,0.07,0.07,0.02,0.08,0.58,04.08,0.68,0.00,0.00,0.00,0.00,0.00,0.06,0.02,0.08,0.06,0.08,Matches
2164,Keven Schlotterbeck,de GER,DF,Augsburg,de Bundesliga,28-250,1997,10,9,845,9.4,0.00,0.11,0.11,0.00,0.00,0.00,0.53,0.11,0.04,0.04,0.07,0.12,0.21,04.04,1.81,0.00,0.11,0.11,0.00,0.11,0.04,0.07,0.11,0.04,0.11,Matches
2165,Joël Schmied,ch SUI,DF,Köln,de Bundesliga,27-102,1998,11,9,795,8.8,0.00,0.00,0.00,0.00,0.00,0.00,0.45,0.00,0.02,0.02,0.01,0.03,0.45,02.05,1.14,0.00,0.00,0.00,0.00,0.00,0.02,0.01,0.04,0.02,0.04,Matches
2166,Marvin Schwäbe,de GER,GK,Köln,de Bundesliga,30-253,1995,15,15,"1,35",15.0,0.00,0.00,0.00,0.00,0.00,0.00,0.00,0.00,0.00,0.00,0.02,0.02,0.00,0.00,0.00,0.00,0.00,0.00,0.00,0.00,0.00,0.02,0.02,0.00,0.02,Matches
2167,Simone Scuffet,it ITA,GK,Pisa,it Serie A,29-217,1996,2,2,180,2.0,0.00,0.00,0.00,0.00,0.00,0.00,0.00,0.00,0.00,0.00,0.00,0.00,0.00,0.00,0.00,0.00,0.00,0.00,0.00,0.00,0.00,0.00,0.00,0.00,0.00,Matches
2168,Sebastian Sebulonsen,no NOR,DF,Köln,de Bundesliga,25-341,2000,15,13,"1,17",13.0,0.00,0.00,0.00,0.00,0.00,0.00,0.31,0.00,0.08,0.08,0.15,0.22,1.00,1.46,4.15,0.00,0.00,0.00,0.00,0.00,0.07,0.14,0.22,0.07,0.22,Matches
2169,Jenson Seelt,nl NED,DF,Sunderland,eng Premier League,22-225,2003,2,1,134,1.5,0.00,0.00,0.00,0.00,0.00,0.00,0.00,0.00,0.00,0.00,0.00,0.00,1.33,9.33,0.00,0.00,0.00,0.00,0.00,0.00,0.00,0.00,0.00,0.00,0.00,Matches
2170,Jenson Seelt,nl NED,DF,Wolfsburg,de Bundesliga,22-225,2003,9,8,681,7.6,0.00,0.00,0.00,0.00,0.00,0.00,0.00,0.00,0.03,0.03,0.00,0.03,0.39,2.89,0.00,0.00,0.00,0.00,0.00,0.00,0.03,0.00,0.03,0.03,0.03,Matches
Rk,Player,Nation,Pos,Squad,Comp,Age,Born,MP,Starts,Min,90s,Gls,Ast,G+A,G-PK,PK,PKatt,CrdY,CrdR,xG,npxG,xAG,npxG+xAG,PrgC,PrgP,PrgR,Gls,Ast,G+A,G-PK,G+A-PK,xG,xAG,xG+xAG,npxG,npxG+xAG,Matches
2171,Alidu Seidu,gh GHA,DF,Rennes,fr Ligue 1,25-213,2000,10,5,448,5.0,0.00,0.20,0.20,0.00,0.00,0.00,0.20,0.00,0.00,0.00,0.18,0.18,2.20,6.20,3.20,0.00,0.20,0.20,0.00,0.20,0.00,0.17,0.18,0.00,0.18,Matches
2172,Nicolas Seiwald,at AUT,MF,RB Leipzig,de Bundesliga,24-244,2001,15,14,"1,243",13.8,0.00,0.07,0.07,0.00,0.00,0.00,0.00,0.00,0.03,0.03,0.07,0.09,0.36,2.83,0.65,0.00,0.07,0.07,0.00,0.07,0.03,0.07,0.10,0.03,0.10,Matches
2173,Ayumu Seko,jp JPN,MF,Le Havre,fr Ligue 1,25-210,2000,16,15,"1,365",15.2,0.00,0.00,0.00,0.00,0.00,0.00,0.20,0.00,0.04,0.04,0.03,0.07,0.13,2.76,0.66,0.00,0.00,0.00,0.00,0.00,0.04,0.03,0.07,0.04,0.07,Matches
2174,Matz Sels,be BEL,GK,Nott'ham Forest,eng Premier League,33-311,1992,15,15,"1,35",15.0,0.00,0.00,0.00,0.00,0.00,0.00,0.07,0.00,0.00,0.00,0.01,0.01,0.00,0.07,0.00,0.00,0.00,0.00,0.00,0.00,0.00,0.01,0.01,0.00,0.01,Matches
2175,Adrian Šemper,hr CRO,GK,Pisa,it Serie A,27-356,1998,15,15,"1,35",15.0,0.00,0.00,0.00,0.00,0.00,0.00,0.00,0.00,0.00,0.00,0.00,0.00,0.00,0.00,0.00,0.00,0.00,0.00,0.00,0.00,0.00,0.00,0.00,0.00,0.00,Matches
2176,Marvin Senaya,tg TOG,DF,Auxerre,fr Ligue 1,24-340,2001,12,12,"1,037",11.5,0.00,0.00,0.00,0.00,0.00,0.00,0.26,0.00,0.06,0.06,0.02,0.08,1.48,2.52,2.00,0.00,0.00,0.00,0.00,0.00,0.06,0.02,0.08,0.06,0.08,Matches
2177,Marcos Senesi,ar ARG,DF,Bournemouth,eng Premier League,28-238,1997,18,18,"1,578",17.5,0.00,0.17,0.17,0.00,0.00,0.00,0.34,0.00,0.03,0.03,0.13,0.16,0.69,6.51,0.51,0.00,0.17,0.17,0.00,0.17,0.03,0.13,0.16,0.03,0.16,Matches
2178,Nicolás Serrano,es ESP,FW,Athletic Club,es La Liga,22-304,2003,7,2,164,1.8,0.00,0.00,0.00,0.00,0.00,0.00,0.00,0.00,0.17,0.17,0.06,0.22,4.44,3.89,12.8,0.00,0.00,0.00,0.00,0.00,0.18,0.06,0.24,0.18,0.24,Matches
2179,Stephan El Shaarawy,it ITA,"MF,FW",Roma,it Serie A,33-068,1992,10,2,253,2.8,0.00,0.36,0.36,0.00,0.00,0.00,0.71,0.00,0.14,0.14,0.18,0.32,5.00,7.86,8.93,0.00,0.36,0.36,0.00,0.36,0.14,0.17,0.30,0.14,0.30,Matches
2180,Luke Shaw,eng ENG,DF,Manchester Utd,eng Premier League,30-175,1995,19,19,"1,637",18.2,0.00,0.05,0.05,0.00,0.00,0.00,0.16,0.00,0.01,0.01,0.04,0.04,1.65,4.45,1.32,0.00,0.05,0.05,0.00,0.05,0.00,0.04,0.04,0.00,0.04,Matches
2181,Kwasi Sibo,gh GHA,MF,Oviedo,es La Liga,27-193,1998,8,4,416,4.6,0.00,0.00,0.00,0.00,0.00,0.00,0.00,0.00,0.04,0.04,0.00,0.04,0.22,1.52,0.00,0.00,0.00,0.00,0.00,0.00,0.04,0.00,0.04,0.04,0.04,Matches
2182,Jamil Siebert,de GER,DF,Lecce,it Serie A,23-276,2002,2,2,168,1.9,0.00,0.00,0.00,0.00,0.00,0.00,0.00,0.00,0.00,0.00,0.00,0.00,0.00,0.53,0.53,0.00,0.00,0.00,0.00,0.00,0.00,0.00,0.00,0.00,0.00,Matches
2183,Tim Siersleben,de GER,DF,Heidenheim,de Bundesliga,25-300,2000,11,9,825,9.2,0.00,0.00,0.00,0.00,0.00,0.00,0.11,0.00,0.02,0.02,0.05,0.09,0.98,4.46,1.41,0.00,0.00,0.00,0.00,0.00,0.03,0.06,0.08,0.03,0.08,Matches
2184,Bernardo Silva,pt POR,MF,Manchester City,eng Premier League,31-146,1994,19,15,"1,316",14.6,0.00,0.14,0.14,0.00,0.00,0.00,0.27,0.00,0.02,0.02,0.14,0.16,2.12,4.66,4.11,0.00,0.14,0.14,0.00,0.14,0.02,0.15,0.16,0.02,0.16,Matches
2185,Caio Henrique Oliveira Silva,br BRA,DF,Monaco,fr Ligue 1,28-156,1997,13,10,955,10.6,0.00,0.00,0.00,0.00,0.00,0.00,0.19,0.00,0.01,0.01,0.08,0.08,1.60,5.66,4.53,0.00,0.00,0.00,0.00,0.00,0.01,0.08,0.09,0.01,0.09,Matches
2186,Fábio Silva,pt POR,"MF,FW",Dortmund,de Bundesliga,23-168,2002,9,1,129,1.4,0.00,2.14,2.14,0.00,0.00,0.00,0.71,0.00,0.07,0.07,0.50,0.57,1.43,2.86,12.9,0.00,02.09,02.09,0.00,02.09,0.06,0.49,0.56,0.06,0.56,Matches
2187,Jota Silva,pt POR,FW,Nott'ham Forest,eng Premier League,26-155,1999,1,0,12,0.1,0.00,0.00,0.00,0.00,0.00,0.00,0.00,0.00,0.00,0.00,0.00,0.00,0.00,0.00,10.0,0.00,0.00,0.00,0.00,0.00,0.00,0.00,0.00,0.00,0.00,Matches
2188,Marco Silvestri,it ITA,GK,Cremonese,it Serie A,34-307,1991,4,4,360,4.0,0.00,0.00,0.00,0.00,0.00,0.00,0.00,0.00,0.00,0.00,0.00,0.00,0.00,0.00,0.00,0.00,0.00,0.00,0.00,0.00,0.00,0.00,0.00,0.00,0.00,Matches
2189,Unai Simón,es ESP,GK,Athletic Club,es La Liga,28-206,1997,18,18,"1,62",18.0,0.00,0.00,0.00,0.00,0.00,0.00,0.00,0.00,0.00,0.00,0.00,0.00,0.00,0.00,0.00,0.00,0.00,0.00,0.00,0.00,0.00,0.00,0.00,0.00,0.00,Matches
2190,Xavi Simons,nl NED,MF,RB Leipzig,de Bundesliga,22-257,2003,1,1,90,1.0,0.00,0.00,0.00,0.00,0.00,0.00,0.00,0.00,0.00,0.00,0.00,0.00,3.00,5.00,3.00,0.00,0.00,0.00,0.00,0.00,0.00,0.03,0.03,0.00,0.03,Matches
2191,Antonio Sivera,es ESP,GK,Alavés,es La Liga,29-145,1996,17,17,"1,53",17.0,0.00,0.00,0.00,0.00,0.00,0.00,0.00,0.00,0.00,0.00,0.00,0.00,0.00,0.00,0.00,0.00,0.00,0.00,0.00,0.00,0.00,0.00,0.00,0.00,0.00,Matches
2192,Telli Siwe,fr FRA,DF,Auxerre,fr Ligue 1,21-020,2004,3,3,225,2.5,0.00,0.00,0.00,0.00,0.00,0.00,0.00,0.00,0.00,0.00,0.00,0.00,0.80,1.60,0.00,0.00,0.00,0.00,0.00,0.00,0.00,0.01,0.01,0.00,0.01,Matches
2193,Ellyes Skhiri,tn TUN,MF,Eint Frankfurt,de Bundesliga,30-238,1995,9,7,596,6.6,0.00,0.00,0.00,0.00,0.00,0.00,0.00,0.00,0.02,0.02,0.02,0.03,0.15,3.33,0.45,0.00,0.00,0.00,0.00,0.00,0.01,0.02,0.03,0.01,0.03,Matches
2194,Łukasz Skorupski,pl POL,GK,Bologna,it Serie A,34-243,1991,10,10,817,9.1,0.00,0.00,0.00,0.00,0.00,0.00,0.11,0.00,0.00,0.00,0.00,0.00,0.00,0.00,0.00,0.00,0.00,0.00,0.00,0.00,0.00,0.00,0.00,0.00,0.00,Matches
2195,Robert Skov,dk DEN,DF,Union Berlin,de Bundesliga,29-228,1996,3,3,220,2.4,0.00,0.00,0.00,0.00,0.00,0.00,0.00,0.00,0.00,0.00,0.00,0.04,3.33,1.67,0.42,0.00,0.00,0.00,0.00,0.00,0.01,0.02,0.03,0.01,0.03,Matches
2196,Adam Smith,eng ENG,DF,Bournemouth,eng Premier League,34-249,1991,10,8,523,5.8,0.00,0.17,0.17,0.00,0.00,0.00,0.17,0.00,0.00,0.00,0.07,0.07,0.34,2.59,1.55,0.00,0.17,0.17,0.00,0.17,0.00,0.07,0.07,0.00,0.07,Matches
2197,Ivan Smolčić,hr CRO,DF,Como,it Serie A,25-139,2000,12,9,775,8.6,0.00,0.00,0.00,0.00,0.00,0.00,0.70,0.00,0.06,0.06,0.12,0.17,0.47,3.72,2.33,0.00,0.00,0.00,0.00,0.00,0.05,0.12,0.18,0.05,0.18,Matches
2198,Simon Sohm,ch SUI,MF,Fiorentina,it Serie A,24-267,2001,14,9,688,7.6,0.00,0.13,0.13,0.00,0.00,0.00,0.26,0.00,0.03,0.03,0.24,0.26,2.24,3.55,3.16,0.00,0.13,0.13,0.00,0.13,0.03,0.23,0.27,0.03,0.27,Matches
2199,Alex Sola,es ESP,FW,Getafe,es La Liga,26-208,1999,1,0,13,0.1,0.00,0.00,0.00,0.00,0.00,0.00,0.00,0.00,0.00,0.00,0.00,0.00,0.00,0.00,10.0,0.00,0.00,0.00,0.00,0.00,0.00,0.00,0.00,0.00,0.00,Matches
2200,Dominic Solanke,eng ENG,FW,Tottenham,eng Premier League,28-111,1997,2,0,33,0.4,0.00,0.00,0.00,0.00,0.00,0.00,0.00,0.00,0.50,0.50,0.00,0.50,0.00,0.00,5.00,0.00,0.00,0.00,0.00,0.00,0.57,0.00,0.57,0.57,0.57,Matches
2201,Julio Soler,ar ARG,"DF,FW",Bournemouth,eng Premier League,20-321,2005,3,0,35,0.4,0.00,0.00,0.00,0.00,0.00,0.00,0.00,0.00,0.00,0.00,0.00,0.00,2.50,2.50,7.50,0.00,0.00,0.00,0.00,0.00,0.00,0.00,0.00,0.00,0.00,Matches
2202,Jhon Solis,co COL,MF,Girona,es La Liga,21-092,2004,12,3,380,4.2,0.00,0.00,0.00,0.00,0.00,0.00,0.00,0.00,0.05,0.05,0.00,0.05,1.19,2.86,0.95,0.00,0.00,0.00,0.00,0.00,0.04,0.01,0.05,0.04,0.05,Matches
2203,Hugo Solozabal,es ESP,MF,Getafe,es La Liga,22-330,2003,1,0,11,0.1,0.00,0.00,0.00,0.00,0.00,0.00,0.00,0.00,0.00,0.00,0.00,0.00,0.00,0.00,0.00,0.00,0.00,0.00,0.00,0.00,0.00,0.00,0.00,0.00,0.00,Matches
2204,Daniele Sommariva,it ITA,GK,Genoa,it Serie A,28-169,1997,2,1,176,2.0,0.00,0.00,0.00,0.00,0.00,0.00,0.00,0.00,0.00,0.00,0.00,0.00,0.00,0.00,0.00,0.00,0.00,0.00,0.00,0.00,0.00,0.00,0.00,0.00,0.00,Matches
2205,Yann Sommer,ch SUI,GK,Inter,it Serie A,37-017,1988,14,14,"1,26",14.0,0.00,0.00,0.00,0.00,0.00,0.00,0.00,0.00,0.00,0.00,0.00,0.00,0.00,0.07,0.00,0.00,0.00,0.00,0.00,0.00,0.00,0.00,0.00,0.00,0.00,Matches
Rk,Player,Nation,Pos,Squad,Comp,Age,Born,MP,Starts,Min,90s,Gls,Ast,G+A,G-PK,PK,PKatt,CrdY,CrdR,xG,npxG,xAG,npxG+xAG,PrgC,PrgP,PrgR,Gls,Ast,G+A,G-PK,G+A-PK,xG,xAG,xG+xAG,npxG,npxG+xAG,Matches
2206,David Soria,es ESP,GK,Getafe,es La Liga,32-274,1993,18,18,"1,62",18.0,0.00,0.00,0.00,0.00,0.00,0.00,0.11,0.00,0.00,0.00,0.00,0.00,0.00,0.00,0.00,0.00,0.00,0.00,0.00,0.00,0.00,0.00,0.00,0.00,0.00,Matches
2207,Borna Sosa,hr CRO,DF,Crystal Palace,eng Premier League,27-347,1998,3,0,28,0.3,0.00,0.00,0.00,0.00,0.00,0.00,0.00,0.00,0.00,0.00,0.33,0.33,3.33,6.67,10.0,0.00,0.00,0.00,0.00,0.00,0.00,0.22,0.22,0.00,0.22,Matches
2208,Hugo Sotelo,es ESP,MF,Celta Vigo,es La Liga,22-015,2003,12,9,771,8.6,0.00,0.12,0.12,0.00,0.00,0.00,0.12,0.00,0.01,0.01,0.14,0.14,1.40,6.51,0.81,0.00,0.12,0.12,0.00,0.12,0.01,0.13,0.15,0.01,0.15,Matches
2209,Florian Sotoca,fr FRA,"MF,FW",Lens,fr Ligue 1,35-070,1990,12,0,88,1.0,0.00,0.00,0.00,0.00,0.00,0.00,1.00,0.00,0.10,0.10,0.80,0.90,2.00,4.00,2.00,0.00,0.00,0.00,0.00,0.00,0.08,0.82,0.90,0.08,0.90,Matches
2210,Aboubaka Soumahoro,fr FRA,"DF,MF",Hamburger SV,de Bundesliga,20-333,2005,4,2,136,1.5,0.00,0.00,0.00,0.00,0.00,0.00,0.67,0.00,0.00,0.00,0.00,0.00,0.67,2.67,3.33,0.00,0.00,0.00,0.00,0.00,0.00,0.02,0.02,0.00,0.02,Matches
2211,Vinicius Souza,br BRA,MF,Wolfsburg,de Bundesliga,26-200,1999,12,10,793,8.8,0.00,0.00,0.00,0.00,0.00,0.00,0.11,0.00,0.01,0.01,0.01,0.01,0.34,3.86,0.80,0.00,0.00,0.00,0.00,0.00,0.01,0.01,0.01,0.01,0.01,Matches
2212,Djed Spence,eng ENG,DF,Tottenham,eng Premier League,25-147,2000,16,15,"1,253",13.9,0.00,0.00,0.00,0.00,0.00,0.00,0.14,0.00,0.04,0.04,0.05,0.09,3.53,3.96,3.96,0.00,0.00,0.00,0.00,0.00,0.04,0.05,0.09,0.04,0.09,Matches
2213,Benjamin Stambouli,fr FRA,MF,Metz,fr Ligue 1,35-143,1990,9,6,541,6.0,0.00,0.00,0.00,0.00,0.00,0.00,0.00,0.00,0.03,0.03,0.15,0.18,0.33,3.00,0.33,0.00,0.00,0.00,0.00,0.00,0.03,0.15,0.18,0.03,0.18,Matches
2214,Nicolae Stanciu,ro ROU,"MF,FW",Genoa,it Serie A,32-241,1993,3,2,172,1.9,0.00,0.00,0.00,0.00,0.00,0.00,0.00,0.00,0.21,0.21,0.05,0.26,1.58,2.11,4.21,0.00,0.00,0.00,0.00,0.00,0.23,0.05,0.27,0.23,0.27,Matches
2215,Otto Stange,de GER,MF,Hamburger SV,de Bundesliga,18-328,2007,1,0,16,0.2,0.00,0.00,0.00,0.00,0.00,0.00,0.00,0.00,0.00,0.00,0.00,0.00,5.00,0.00,10.0,0.00,0.00,0.00,0.00,0.00,0.00,0.00,0.00,0.00,0.00,Matches
2216,Carl Starfelt,se SWE,DF,Celta Vigo,es La Liga,30-216,1995,11,9,779,8.7,0.00,0.00,0.00,0.00,0.00,0.00,0.34,0.11,0.05,0.05,0.00,0.05,0.00,1.49,0.00,0.00,0.00,0.00,0.00,0.00,0.05,0.00,0.05,0.05,0.05,Matches
2217,Niklas Stark,de GER,DF,Werder Bremen,de Bundesliga,30-264,1995,7,3,301,3.3,0.00,0.00,0.00,0.00,0.00,0.00,1.52,0.61,0.00,0.00,0.00,0.00,0.00,2.42,0.00,0.00,0.00,0.00,0.00,0.00,0.01,0.00,0.01,0.01,0.01,Matches
2218,Calvin Stengs,nl NED,MF,Pisa,it Serie A,27-016,1998,2,0,13,0.1,0.00,0.00,0.00,0.00,0.00,0.00,0.00,0.00,1.00,1.00,0.00,1.00,40.0,50.0,10.0,0.00,0.00,0.00,0.00,0.00,0.54,0.00,0.54,0.54,0.54,Matches
2219,Pascal Stenzel,de GER,DF,Stuttgart,de Bundesliga,29-289,1996,2,2,106,1.2,0.00,0.00,0.00,0.00,0.00,0.00,1.67,0.00,0.25,0.25,0.00,0.25,0.83,3.33,6.67,0.00,0.00,0.00,0.00,0.00,0.26,0.00,0.26,0.26,0.26,Matches
2220,Kevin Stöger,at AUT,MF,Gladbach,de Bundesliga,32-129,1993,12,5,464,5.2,0.00,0.00,0.00,0.00,0.00,0.19,0.00,0.00,0.33,0.17,0.25,0.42,1.54,5.77,6.54,0.00,0.00,0.00,0.00,0.00,0.33,0.25,0.58,0.17,0.42,Matches
2221,John Stones,eng ENG,DF,Manchester City,eng Premier League,31-220,1994,7,4,353,3.9,0.00,0.00,0.00,0.00,0.00,0.00,0.00,0.00,0.00,0.00,0.03,0.03,0.77,3.85,1.28,0.00,0.00,0.00,0.00,0.00,0.00,0.01,0.01,0.00,0.01,Matches
2222,Pascal Struijk,nl NED,DF,Leeds United,eng Premier League,26-145,1999,17,16,"1,449",16.1,0.00,0.00,0.00,0.00,0.00,0.00,0.19,0.00,0.11,0.11,0.02,0.12,0.31,3.17,0.31,0.00,0.00,0.00,0.00,0.00,0.10,0.02,0.12,0.10,0.12,Matches
2223,Gabriel Suazo,cl CHI,"DF,MF",Sevilla,es La Liga,28-147,1997,12,11,989,11.0,0.00,0.18,0.18,0.00,0.00,0.00,0.27,0.00,0.03,0.03,0.13,0.15,1.27,04.09,05.09,0.00,0.18,0.18,0.00,0.18,0.03,0.12,0.15,0.03,0.15,Matches
2224,Luka Sučić,hr CRO,MF,Real Sociedad,es La Liga,23-117,2002,6,2,202,2.2,0.00,0.00,0.00,0.00,0.00,0.00,0.00,0.00,0.14,0.14,0.09,0.23,1.82,5.45,3.64,0.00,0.00,0.00,0.00,0.00,0.13,0.07,0.20,0.13,0.20,Matches
2225,Yukinari Sugawara,jp JPN,DF,Werder Bremen,de Bundesliga,25-189,2000,14,14,"1,241",13.8,0.00,0.22,0.22,0.00,0.00,0.00,0.07,0.00,0.09,0.09,0.05,0.15,2.17,4.64,5.51,0.00,0.22,0.22,0.00,0.22,0.10,0.05,0.15,0.10,0.15,Matches
2226,Niklas Süle,de GER,DF,Dortmund,de Bundesliga,30-122,1995,3,2,136,1.5,0.00,0.67,0.67,0.00,0.00,0.00,0.00,0.00,0.00,0.00,0.07,0.07,0.00,3.33,0.00,0.00,0.66,0.66,0.00,0.66,0.00,0.06,0.06,0.00,0.06,Matches
2227,Ibrahim Sulemana,gh GHA,MF,Bologna,it Serie A,22-226,2003,2,0,38,0.4,0.00,0.00,0.00,0.00,0.00,0.00,2.50,0.00,0.00,0.00,0.00,0.00,0.00,7.50,0.00,0.00,0.00,0.00,0.00,0.00,0.00,0.00,0.00,0.00,0.00,Matches
2228,Crysencio Summerville,nl NED,"FW,MF",West Ham,eng Premier League,24-065,2001,14,12,959,10.7,0.00,0.09,0.09,0.00,0.00,0.00,0.28,0.00,0.19,0.19,0.03,0.21,02.06,2.80,5.79,0.00,0.09,0.09,0.00,0.09,0.18,0.03,0.21,0.18,0.21,Matches
2229,Zion Suzuki,jp JPN,GK,Parma,it Serie A,23-135,2002,11,11,990,11.0,0.00,0.00,0.00,0.00,0.00,0.00,0.09,0.00,0.00,0.00,0.00,0.00,0.00,0.00,0.00,0.00,0.00,0.00,0.00,0.00,0.00,0.00,0.00,0.00,0.00,Matches
2230,Mile Svilar,rs SRB,GK,Roma,it Serie A,26-129,1999,17,17,"1,53",17.0,0.00,0.00,0.00,0.00,0.00,0.00,0.00,0.00,0.00,0.00,0.00,0.00,0.00,0.00,0.00,0.00,0.00,0.00,0.00,0.00,0.00,0.00,0.00,0.00,0.00,Matches
2231,Lamine Sy,mr MTN,DF,Auxerre,fr Ligue 1,23-146,2002,8,4,401,4.5,0.00,0.00,0.00,0.00,0.00,0.00,0.00,0.00,0.00,0.00,0.18,0.18,3.78,4.67,5.56,0.00,0.00,0.00,0.00,0.00,0.01,0.18,0.19,0.01,0.19,Matches
2232,Fodé Sylla,fr FRA,MF,Lens,fr Ligue 1,19-262,2006,2,1,63,0.7,0.00,0.00,0.00,0.00,0.00,0.00,0.00,0.00,0.00,0.00,0.00,0.00,0.00,4.29,0.00,0.00,0.00,0.00,0.00,0.00,0.00,0.00,0.00,0.00,0.00,Matches
2233,Wojciech Szczęsny,pl POL,GK,Barcelona,es La Liga,35-260,1990,6,6,540,6.0,0.00,0.00,0.00,0.00,0.00,0.00,0.00,0.00,0.00,0.00,0.00,0.00,0.00,0.00,0.00,0.00,0.00,0.00,0.00,0.00,0.00,0.00,0.00,0.00,0.00,Matches
2234,Nicolás Tagliafico,ar ARG,DF,Lyon,fr Ligue 1,33-125,1992,12,8,799,8.9,0.00,0.11,0.11,0.00,0.00,0.00,0.34,0.11,0.12,0.12,0.06,0.18,1.35,3.71,2.13,0.00,0.11,0.11,0.00,0.11,0.12,0.06,0.19,0.12,0.19,Matches
2235,Montassar Talbi,tn TUN,DF,Lorient,fr Ligue 1,27-222,1998,16,16,"1,44",16.0,0.00,0.00,0.00,0.00,0.00,0.00,0.06,0.00,0.02,0.02,0.01,0.03,0.88,2.13,0.44,0.00,0.00,0.00,0.00,0.00,0.02,0.01,0.02,0.02,0.02,Matches
2236,Adrien Tameze,cm CMR,"DF,MF",Torino,it Serie A,31-333,1994,16,9,854,9.5,0.00,0.00,0.00,0.00,0.00,0.00,0.11,0.00,0.02,0.02,0.02,0.04,01.05,3.89,01.05,0.00,0.00,0.00,0.00,0.00,0.02,0.03,0.04,0.02,0.04,Matches
2237,Axel Tapé,fr FRA,DF,Leverkusen,de Bundesliga,18-146,2007,5,2,177,2.0,0.00,0.00,0.00,0.00,0.00,0.00,0.50,0.00,0.10,0.10,0.00,0.10,1.50,1.50,3.00,0.00,0.00,0.00,0.00,0.00,0.11,0.00,0.11,0.11,0.11,Matches
2238,James Tarkowski,eng ENG,DF,Everton,eng Premier League,33-045,1992,19,19,"1,71",19.0,0.00,0.05,0.05,0.00,0.00,0.00,0.21,0.00,0.05,0.05,0.05,0.11,0.37,3.00,0.37,0.00,0.05,0.05,0.00,0.05,0.05,0.06,0.11,0.05,0.11,Matches
2239,César Tárrega,es ESP,DF,Valencia,es La Liga,23-311,2002,16,16,"1,44",16.0,0.00,0.00,0.00,0.00,0.00,0.00,0.31,0.00,0.01,0.01,0.01,0.02,0.44,2.13,0.06,0.00,0.00,0.00,0.00,0.00,0.01,0.00,0.02,0.01,0.02,Matches
2240,Tylel Tati,fr FRA,DF,Nantes,fr Ligue 1,17-349,2008,15,15,"1,323",14.7,0.00,0.00,0.00,0.00,0.00,0.00,0.27,0.00,0.00,0.00,0.00,0.00,0.61,1.70,0.00,0.00,0.00,0.00,0.00,0.00,0.00,0.00,0.00,0.00,0.00,Matches
Rk,Player,Nation,Pos,Squad,Comp,Age,Born,MP,Starts,Min,90s,Gls,Ast,G+A,G-PK,PK,PKatt,CrdY,CrdR,xG,npxG,xAG,npxG+xAG,PrgC,PrgP,PrgR,Gls,Ast,G+A,G-PK,G+A-PK,xG,xAG,xG+xAG,npxG,npxG+xAG,Matches
2241,Nuno Tavares,pt POR,DF,Lazio,it Serie A,25-342,2000,9,7,512,5.7,0.00,0.00,0.00,0.00,0.00,0.00,0.18,0.00,0.04,0.04,0.05,0.09,4.56,4.91,3.33,0.00,0.00,0.00,0.00,0.00,0.04,0.05,0.09,0.04,0.09,Matches
2242,Jackson Tchatchoua,cm CMR,"DF,MF",Wolves,eng Premier League,24-111,2001,18,8,930,10.3,0.00,0.00,0.00,0.00,0.00,0.00,0.10,0.00,0.03,0.03,0.13,0.16,1.65,1.36,5.83,0.00,0.00,0.00,0.00,0.00,0.02,0.13,0.16,0.02,0.16,Matches
2243,Aurélien Tchouaméni,fr FRA,MF,Real Madrid,es La Liga,25-341,2000,16,15,"1,305",14.5,0.00,0.00,0.00,0.00,0.00,0.00,0.28,0.00,0.08,0.08,0.15,0.23,0.97,5.45,0.97,0.00,0.00,0.00,0.00,0.00,0.08,0.15,0.23,0.08,0.23,Matches
2244,Nathan Tella,ng NGA,"MF,DF",Leverkusen,de Bundesliga,26-182,1999,8,4,394,4.4,0.00,0.45,0.45,0.00,0.00,0.00,0.45,0.00,0.23,0.23,0.32,0.55,2.95,2.50,5.91,0.00,0.46,0.46,0.00,0.46,0.23,0.32,0.56,0.23,0.56,Matches
2245,Arnau Tenas,es ESP,GK,Villarreal,es La Liga,24-218,2001,3,3,270,3.0,0.00,0.00,0.00,0.00,0.00,0.00,0.00,0.00,0.00,0.00,0.00,0.00,0.00,0.00,0.00,0.00,0.00,0.00,0.00,0.00,0.00,0.00,0.00,0.00,0.00,Matches
2246,Pietro Terracciano,it ITA,GK,Milan,it Serie A,35-301,1990,2,1,125,1.4,0.00,0.00,0.00,0.00,0.00,0.00,0.00,0.00,0.00,0.00,0.00,0.00,0.00,0.00,0.00,0.00,0.00,0.00,0.00,0.00,0.00,0.00,0.00,0.00,0.00,Matches
2247,Ramón Terrats,es ESP,"MF,FW",Espanyol,es La Liga,25-077,2000,10,3,256,2.8,0.00,0.00,0.00,0.00,0.00,0.00,0.00,0.00,0.11,0.11,0.32,0.46,0.71,01.07,6.43,0.00,0.00,0.00,0.00,0.00,0.12,0.33,0.45,0.12,0.45,Matches
2248,Jordan Teze,nl NED,"MF,DF",Monaco,fr Ligue 1,26-095,1999,15,13,"1,151",12.8,0.00,0.00,0.00,0.00,0.00,0.00,0.39,0.00,0.02,0.02,0.14,0.16,1.33,6.41,2.42,0.00,0.00,0.00,0.00,0.00,0.02,0.14,0.16,0.02,0.16,Matches
2249,Cheikh Tidiane Sabaly,sn SEN,"FW,MF",Metz,fr Ligue 1,26-305,1999,14,12,967,10.7,0.00,0.19,0.19,0.00,0.00,0.00,0.19,0.00,0.15,0.15,0.17,0.33,2.71,2.62,4.30,0.00,0.19,0.19,0.00,0.19,0.15,0.17,0.32,0.15,0.32,Matches
2250,Youri Tielemans,be BEL,MF,Aston Villa,eng Premier League,28-241,1997,13,11,954,10.6,0.00,0.28,0.28,0.00,0.00,0.00,0.00,0.00,0.07,0.07,0.18,0.25,1.32,4.72,02.08,0.00,0.28,0.28,0.00,0.28,0.06,0.18,0.25,0.06,0.25,Matches
2251,Jean-Clair Todibo,fr FRA,DF,West Ham,eng Premier League,26-004,1999,14,14,"1,16",12.9,0.00,0.08,0.08,0.00,0.00,0.00,0.23,0.00,0.00,0.00,0.02,0.03,0.62,2.40,0.23,0.00,0.08,0.08,0.00,0.08,0.00,0.03,0.03,0.00,0.03,Matches
2252,Umut Tohumcu,de GER,MF,Hoffenheim,de Bundesliga,21-145,2004,5,1,136,1.5,0.00,0.00,0.00,0.00,0.00,0.00,1.33,0.00,0.07,0.07,0.00,0.07,2.00,3.33,2.00,0.00,0.00,0.00,0.00,0.00,0.06,0.00,0.06,0.06,0.06,Matches
2253,Fikayo Tomori,eng ENG,DF,Milan,it Serie A,28-015,1997,15,14,"1,219",13.5,0.00,0.15,0.15,0.00,0.00,0.00,0.22,0.00,0.03,0.03,0.05,0.09,0.30,3.70,1.33,0.00,0.15,0.15,0.00,0.15,0.03,0.06,0.09,0.03,0.09,Matches
2254,Sandro Tonali,it ITA,MF,Newcastle Utd,eng Premier League,25-240,2000,19,16,"1,321",14.7,0.00,0.07,0.07,0.00,0.00,0.00,0.14,0.00,0.03,0.03,0.13,0.16,1.70,6.94,1.84,0.00,0.07,0.07,0.00,0.07,0.03,0.13,0.16,0.03,0.16,Matches
2255,Keke Topp,de GER,FW,Werder Bremen,de Bundesliga,21-284,2004,11,4,393,4.4,0.00,0.23,0.23,0.00,0.00,0.00,0.68,0.00,0.11,0.11,0.25,0.36,1.36,2.27,7.50,0.00,0.23,0.23,0.00,0.23,0.12,0.24,0.37,0.12,0.37,Matches
2256,Pablo Torre,es ESP,"MF,FW",Mallorca,es La Liga,22-275,2003,15,7,625,6.9,0.00,0.29,0.29,0.00,0.00,0.00,0.14,0.00,0.06,0.06,0.16,0.23,1.45,5.80,3.33,0.00,0.29,0.29,0.00,0.29,0.06,0.16,0.22,0.06,0.22,Matches
2257,Jofre Torrents,es ESP,DF,Barcelona,es La Liga,18-340,2007,3,0,50,0.6,0.00,0.00,0.00,0.00,0.00,0.00,0.00,0.00,0.00,0.00,0.00,0.00,0.00,1.67,18.3,0.00,0.00,0.00,0.00,0.00,0.00,0.00,0.00,0.00,0.00,Matches
2258,Pau Torres,es ESP,DF,Aston Villa,eng Premier League,28-352,1997,12,10,954,10.6,0.00,0.00,0.00,0.00,0.00,0.00,0.00,0.00,0.02,0.02,0.00,0.02,0.94,3.87,0.28,0.00,0.00,0.00,0.00,0.00,0.01,0.00,0.01,0.01,0.01,Matches
2259,Lucas Torró,es ESP,MF,Osasuna,es La Liga,31-168,1994,16,16,"1,16",12.9,0.00,0.08,0.08,0.00,0.00,0.00,0.31,0.00,0.05,0.05,0.04,0.09,0.16,2.79,0.93,0.00,0.08,0.08,0.00,0.08,0.05,0.04,0.09,0.05,0.09,Matches
2260,Jordan Torunarigha,de GER,DF,Hamburger SV,de Bundesliga,28-149,1997,7,7,619,6.9,0.00,0.00,0.00,0.00,0.00,0.00,0.00,0.00,0.00,0.00,0.00,0.00,0.29,3.33,0.14,0.00,0.00,0.00,0.00,0.00,0.00,0.00,0.00,0.00,0.00,Matches
2261,Alpha Touré,sn SEN,"MF,DF",Metz,fr Ligue 1,19-343,2006,16,7,745,8.3,0.00,0.00,0.00,0.00,0.00,0.00,0.36,0.00,0.04,0.04,0.04,0.07,1.33,2.17,1.81,0.00,0.00,0.00,0.00,0.00,0.03,0.04,0.07,0.03,0.07,Matches
2262,Ousmane Toure,fr FRA,DF,Lille,fr Ligue 1,20-319,2005,1,1,51,0.6,0.00,0.00,0.00,0.00,0.00,0.00,0.00,0.00,0.00,0.00,0.00,0.00,1.67,3.33,1.67,0.00,0.00,0.00,0.00,0.00,0.00,0.00,0.00,0.00,0.00,Matches
2263,Lucas Tousart,fr FRA,MF,Brest,fr Ligue 1,28-249,1997,9,2,285,3.2,0.00,0.00,0.00,0.00,0.00,0.00,0.00,0.00,0.03,0.03,0.00,0.03,0.94,3.75,0.31,0.00,0.00,0.00,0.00,0.00,0.02,0.01,0.03,0.02,0.03,Matches
2264,James Trafford,eng ENG,GK,Manchester City,eng Premier League,23-085,2002,3,3,270,3.0,0.00,0.00,0.00,0.00,0.00,0.00,0.00,0.00,0.00,0.00,0.00,0.00,0.00,0.00,0.00,0.00,0.00,0.00,0.00,0.00,0.00,0.00,0.00,0.00,0.00,Matches
2265,Adama Traoré,es ESP,FW,Fulham,eng Premier League,29-343,1996,13,1,267,3.0,0.00,0.00,0.00,0.00,0.00,0.00,0.00,0.00,0.07,0.07,0.17,0.20,4.67,1.33,9.33,0.00,0.00,0.00,0.00,0.00,0.06,0.16,0.22,0.06,0.22,Matches
2266,Hamari Traoré,ml MLI,DF,Paris FC,fr Ligue 1,33-341,1992,9,9,680,7.6,0.00,0.00,0.00,0.00,0.00,0.00,0.39,0.00,0.01,0.01,0.00,0.03,01.05,3.16,03.03,0.00,0.00,0.00,0.00,0.00,0.02,0.00,0.02,0.02,0.02,Matches
2267,Omar Traoré,de GER,DF,Heidenheim,de Bundesliga,27-333,1998,15,9,908,10.1,0.00,0.20,0.20,0.00,0.00,0.00,0.20,0.00,0.02,0.02,0.11,0.13,1.88,5.15,04.06,0.00,0.20,0.20,0.00,0.20,0.02,0.11,0.13,0.02,0.13,Matches
2268,Kevin Trapp,de GER,GK,Paris FC,fr Ligue 1,35-179,1990,5,5,450,5.0,0.00,0.00,0.00,0.00,0.00,0.00,0.00,0.00,0.00,0.00,0.00,0.00,0.00,0.00,0.00,0.00,0.00,0.00,0.00,0.00,0.00,0.00,0.00,0.00,0.00,Matches
2269,Óscar Trejo,ar ARG,MF,Rayo Vallecano,es La Liga,37-252,1988,4,0,44,0.5,0.00,0.00,0.00,0.00,0.00,0.00,4.00,0.00,0.40,0.40,0.20,0.60,6.00,12.0,6.00,0.00,0.00,0.00,0.00,0.00,0.34,0.30,0.64,0.34,0.64,Matches
2270,Mike Trésor,be BEL,"MF,FW",Burnley,eng Premier League,26-220,1999,4,0,23,0.3,0.00,0.00,0.00,0.00,0.00,0.00,0.00,0.00,0.00,0.00,0.00,0.00,0.00,3.33,0.00,0.00,0.00,0.00,0.00,0.00,0.00,0.00,0.00,0.00,0.00,Matches
2271,Christopher Trimmel,at AUT,DF,Union Berlin,de Bundesliga,38-313,1987,14,12,955,10.6,0.00,0.19,0.19,0.00,0.00,0.00,0.57,0.00,0.00,0.00,0.26,0.26,1.42,2.45,2.64,0.00,0.19,0.19,0.00,0.19,0.00,0.26,0.26,0.00,0.26,Matches
2272,Kieran Trippier,eng ENG,DF,Newcastle Utd,eng Premier League,35-106,1990,9,8,699,7.8,0.00,0.00,0.00,0.00,0.00,0.00,0.13,0.00,0.00,0.00,0.10,0.10,1.41,9.62,5.13,0.00,0.00,0.00,0.00,0.00,0.00,0.10,0.10,0.00,0.10,Matches
2273,Mariano Troilo,ar ARG,DF,Parma,it Serie A,22-195,2003,5,2,247,2.7,0.00,0.00,0.00,0.00,0.00,0.00,0.74,0.37,0.04,0.04,0.07,0.07,0.74,3.33,0.74,0.00,0.00,0.00,0.00,0.00,0.02,0.06,0.08,0.02,0.08,Matches
2274,Adrien Truffert,fr FRA,DF,Bournemouth,eng Premier League,24-044,2001,19,19,"1,669",18.5,0.00,0.05,0.05,0.00,0.00,0.00,0.16,0.00,0.02,0.02,0.06,0.09,02.05,4.32,5.62,0.00,0.05,0.05,0.00,0.05,0.02,0.07,0.09,0.02,0.09,Matches
2275,Kostas Tsimikas,gr GRE,DF,Roma,it Serie A,29-236,1996,7,3,243,2.7,0.00,0.00,0.00,0.00,0.00,0.00,0.37,0.00,0.00,0.00,0.00,0.04,0.37,2.22,7.41,0.00,0.00,0.00,0.00,0.00,0.01,0.01,0.02,0.01,0.02,Matches
Rk,Player,Nation,Pos,Squad,Comp,Age,Born,MP,Starts,Min,90s,Gls,Ast,G+A,G-PK,PK,PKatt,CrdY,CrdR,xG,npxG,xAG,npxG+xAG,PrgC,PrgP,PrgR,Gls,Ast,G+A,G-PK,G+A-PK,xG,xAG,xG+xAG,npxG,npxG+xAG,Matches
2276,Axel Tuanzebe,cd COD,DF,Burnley,eng Premier League,28-050,1997,8,8,706,7.8,0.00,0.00,0.00,0.00,0.00,0.00,0.13,0.00,0.00,0.00,0.00,0.00,0.38,02.05,0.38,0.00,0.00,0.00,0.00,0.00,0.00,0.00,0.00,0.00,0.00,Matches
2277,Kareem Tunde,es ESP,FW,Levante,es La Liga,20-137,2005,1,0,17,0.2,0.00,0.00,0.00,0.00,0.00,0.00,0.00,0.00,0.50,0.50,0.00,0.50,0.00,0.00,10.0,0.00,0.00,0.00,0.00,0.00,0.40,0.00,0.40,0.40,0.40,Matches
2278,Stefano Turati,it ITA,GK,Sassuolo,it Serie A,24-120,2001,1,1,90,1.0,0.00,0.00,0.00,0.00,0.00,0.00,0.00,0.00,0.00,0.00,0.00,0.00,0.00,0.00,0.00,0.00,0.00,0.00,0.00,0.00,0.00,0.00,0.00,0.00,0.00,Matches
2279,Beñat Turrientes,es ESP,MF,Real Sociedad,es La Liga,23-337,2002,8,3,281,3.1,0.00,0.00,0.00,0.00,0.00,0.00,0.65,0.00,0.06,0.06,0.00,0.10,0.32,3.55,0.97,0.00,0.00,0.00,0.00,0.00,0.07,0.01,0.08,0.07,0.08,Matches
2280,Christantus Uche,ng NGA,"MF,FW",Crystal Palace,eng Premier League,22-229,2003,9,0,100,1.1,0.00,0.00,0.00,0.00,0.00,0.00,0.00,0.00,0.18,0.18,0.00,0.18,1.82,0.91,11.8,0.00,0.00,0.00,0.00,0.00,0.14,0.00,0.14,0.14,0.14,Matches
2281,Destiny Udogie,it ITA,DF,Tottenham,eng Premier League,23-036,2002,10,6,609,6.8,0.00,0.15,0.15,0.00,0.00,0.00,0.15,0.00,0.01,0.01,0.06,0.07,03.09,5.44,6.62,0.00,0.15,0.15,0.00,0.15,0.02,0.06,0.08,0.02,0.08,Matches
2282,Matthieu Udol,fr FRA,DF,Lens,fr Ligue 1,29-289,1996,17,17,"1,518",16.9,0.00,0.30,0.30,0.00,0.00,0.00,0.06,0.00,0.07,0.07,0.34,0.40,02.07,3.49,4.26,0.00,0.30,0.30,0.00,0.30,0.06,0.34,0.40,0.06,0.40,Matches
2283,Manuel Ugarte,uy URU,MF,Manchester Utd,eng Premier League,24-267,2001,13,5,554,6.2,0.00,0.00,0.00,0.00,0.00,0.00,0.16,0.00,0.02,0.02,0.03,0.05,0.97,5.16,0.97,0.00,0.00,0.00,0.00,0.00,0.01,0.03,0.04,0.01,0.04,Matches
2284,Filip Ugrinic,ch SUI,MF,Valencia,es La Liga,26-363,1999,8,2,280,3.1,0.00,0.65,0.65,0.00,0.00,0.00,0.32,0.00,0.06,0.06,0.16,0.23,0.65,6.77,2.58,0.00,0.64,0.64,0.00,0.64,0.06,0.16,0.22,0.06,0.22,Matches
2285,Lukas Ullrich,de GER,DF,Gladbach,de Bundesliga,21-293,2004,11,7,644,7.2,0.00,0.00,0.00,0.00,0.00,0.00,0.14,0.00,0.03,0.03,0.08,0.10,1.67,2.64,4.44,0.00,0.00,0.00,0.00,0.00,0.02,0.08,0.10,0.02,0.10,Matches
2286,Jan Urbich,de GER,FW,Gladbach,de Bundesliga,21-194,2004,3,0,39,0.4,0.00,0.00,0.00,0.00,0.00,0.00,0.00,0.00,0.00,0.00,0.00,0.00,5.00,0.00,10.0,0.00,0.00,0.00,0.00,0.00,0.00,0.08,0.08,0.00,0.08,Matches
2287,Jonas Urbig,de GER,GK,Bayern Munich,de Bundesliga,22-148,2003,3,3,270,3.0,0.00,0.00,0.00,0.00,0.00,0.00,0.00,0.00,0.00,0.00,0.00,0.00,0.00,1.33,0.00,0.00,0.00,0.00,0.00,0.00,0.00,0.00,0.00,0.00,0.00,Matches
2288,Victor Valdepeñas,es ESP,DF,Real Madrid,es La Liga,19-075,2006,1,1,77,0.9,0.00,0.00,0.00,0.00,0.00,0.00,0.00,0.00,0.00,0.00,0.00,0.00,1.11,2.22,13.3,0.00,0.00,0.00,0.00,0.00,0.00,0.02,0.02,0.00,0.02,Matches
2289,Lautaro Valenti,ar ARG,DF,Parma,it Serie A,26-354,1999,12,11,"1,038",11.5,0.00,0.00,0.00,0.00,0.00,0.00,0.17,0.00,0.01,0.01,0.07,0.09,0.52,02.09,0.09,0.00,0.00,0.00,0.00,0.00,0.01,0.07,0.09,0.01,0.09,Matches
2290,Óscar Valentín,es ESP,MF,Rayo Vallecano,es La Liga,31-136,1994,16,12,"1,055",11.7,0.00,0.00,0.00,0.00,0.00,0.00,0.09,0.00,0.03,0.03,0.03,0.06,0.68,4.87,0.60,0.00,0.00,0.00,0.00,0.00,0.03,0.03,0.06,0.03,0.06,Matches
2291,Nicolás Valentini,ar ARG,DF,Hellas Verona,it Serie A,24-272,2001,8,5,470,5.2,0.00,0.00,0.00,0.00,0.00,0.00,0.19,0.00,0.02,0.02,0.15,0.17,0.96,03.08,0.77,0.00,0.00,0.00,0.00,0.00,0.03,0.15,0.18,0.03,0.18,Matches
2292,Emanuele Valeri,it ITA,DF,Parma,it Serie A,27-027,1998,12,10,862,9.6,0.00,0.10,0.10,0.00,0.00,0.00,0.21,0.00,0.03,0.03,0.16,0.18,2.40,2.19,4.58,0.00,0.10,0.10,0.00,0.10,0.03,0.15,0.18,0.03,0.18,Matches
2293,Martin Valjent,sk SVK,DF,Mallorca,es La Liga,30-023,1995,17,17,"1,53",17.0,0.00,0.00,0.00,0.00,0.00,0.00,0.06,0.00,0.02,0.02,0.00,0.03,0.76,2.88,0.71,0.00,0.00,0.00,0.00,0.00,0.03,0.00,0.03,0.03,0.03,Matches
2294,Álex Valle,es ESP,DF,Como,it Serie A,21-253,2004,13,11,"1,026",11.4,0.00,0.09,0.09,0.00,0.00,0.00,0.09,0.00,0.05,0.05,0.03,0.08,0.96,3.86,2.72,0.00,0.09,0.09,0.00,0.09,0.06,0.02,0.08,0.06,0.08,Matches
2295,Álvaro Vallés,es ESP,GK,Betis,es La Liga,28-162,1997,10,10,900,10.0,0.00,0.00,0.00,0.00,0.00,0.00,0.00,0.00,0.00,0.00,0.00,0.00,0.00,0.00,0.00,0.00,0.00,0.00,0.00,0.00,0.00,0.00,0.00,0.00,0.00,Matches
2296,Federico Valverde,uy URU,"MF,DF",Real Madrid,es La Liga,27-165,1998,17,15,"1,382",15.4,0.00,0.26,0.26,0.00,0.00,0.00,0.13,0.00,0.08,0.08,0.10,0.18,1.62,5.84,3.31,0.00,0.26,0.26,0.00,0.26,0.08,0.11,0.18,0.08,0.18,Matches
2297,Ignace Van Der Brempt,be BEL,DF,Como,it Serie A,23-277,2002,5,2,153,1.7,0.00,0.00,0.00,0.00,0.00,0.00,0.59,0.00,0.00,0.00,0.00,0.00,3.53,2.35,1.76,0.00,0.00,0.00,0.00,0.00,0.00,0.01,0.01,0.00,0.01,Matches
2298,Virgil van Dijk,nl NED,DF,Liverpool,eng Premier League,34-179,1991,19,19,"1,71",19.0,0.00,0.00,0.00,0.00,0.00,0.00,0.16,0.00,0.05,0.05,0.01,0.06,1.00,8.00,0.58,0.00,0.00,0.00,0.00,0.00,0.05,0.01,0.06,0.05,0.06,Matches
2299,Jari Vandeputte,be BEL,MF,Cremonese,it Serie A,29-323,1996,16,13,"1,058",11.8,0.00,0.34,0.34,0.00,0.00,0.00,0.08,0.00,0.06,0.06,0.25,0.31,1.44,05.08,3.73,0.00,0.34,0.34,0.00,0.34,0.06,0.25,0.31,0.06,0.31,Matches
2300,Vanderson,br BRA,DF,Monaco,fr Ligue 1,24-196,2001,8,5,437,4.9,0.00,0.41,0.41,0.00,0.00,0.00,0.61,0.00,0.02,0.02,0.37,0.39,2.24,4.90,6.53,0.00,0.41,0.41,0.00,0.41,0.02,0.36,0.39,0.02,0.39,Matches
2301,Charles Vanhoutte,be BEL,MF,Nice,fr Ligue 1,27-109,1998,12,11,938,10.4,0.00,0.19,0.19,0.00,0.00,0.00,0.48,0.00,0.00,0.00,0.04,0.04,0.58,5.38,1.54,0.00,0.19,0.19,0.00,0.19,0.00,0.04,0.04,0.00,0.04,Matches
2302,Nikola Vasilj,ba BIH,GK,St. Pauli,de Bundesliga,30-032,1995,15,15,"1,35",15.0,0.00,0.00,0.00,0.00,0.00,0.00,0.00,0.00,0.00,0.00,0.00,0.00,0.00,0.00,0.00,0.00,0.00,0.00,0.00,0.00,0.00,0.00,0.00,0.00,0.00,Matches
2303,Johan Vásquez,mx MEX,DF,Genoa,it Serie A,27-073,1998,17,17,"1,53",17.0,0.00,0.00,0.00,0.00,0.00,0.00,0.06,0.00,0.04,0.03,0.01,0.04,1.00,3.65,0.53,0.00,0.00,0.00,0.00,0.00,0.04,0.01,0.05,0.03,0.04,Matches
2304,José Luis García Vayá,es ESP,MF,Valencia,es La Liga,27-145,1998,15,13,"1,145",12.7,0.00,0.00,0.00,0.00,0.00,0.00,0.08,0.00,0.05,0.05,0.08,0.12,0.31,7.56,0.79,0.00,0.00,0.00,0.00,0.00,0.05,0.08,0.12,0.05,0.12,Matches
2305,Jesus Vazquez,es ESP,DF,Valencia,es La Liga,23-001,2003,11,3,466,5.2,0.00,0.00,0.00,0.00,0.00,0.00,0.00,0.00,0.04,0.04,0.04,0.08,3.27,3.46,5.77,0.00,0.00,0.00,0.00,0.00,0.04,0.04,0.08,0.04,0.08,Matches
2306,Lucas Vázquez,es ESP,DF,Leverkusen,de Bundesliga,34-186,1991,5,3,240,2.7,0.00,0.37,0.37,0.00,0.00,0.00,0.74,0.00,0.04,0.04,0.30,0.33,1.85,1.48,4.81,0.00,0.37,0.37,0.00,0.37,0.04,0.30,0.33,0.04,0.33,Matches
2307,Matías Vecino,uy URU,MF,Lazio,it Serie A,34-132,1991,10,3,389,4.3,0.00,0.00,0.00,0.00,0.00,0.00,0.23,0.00,0.07,0.07,0.02,0.09,0.23,3.72,1.40,0.00,0.00,0.00,0.00,0.00,0.07,0.03,0.10,0.07,0.10,Matches
2308,Danilo Veiga,pt POR,DF,Lecce,it Serie A,23-100,2002,15,13,"1,212",13.5,0.00,0.07,0.07,0.00,0.00,0.00,0.22,0.00,0.01,0.01,0.02,0.03,1.56,4.52,3.70,0.00,0.07,0.07,0.00,0.07,0.01,0.02,0.03,0.01,0.03,Matches
2309,Renato Veiga,pt POR,DF,Villarreal,es La Liga,22-158,2003,14,11,"1,013",11.3,0.00,0.00,0.00,0.00,0.00,0.00,0.09,0.09,0.02,0.02,0.00,0.02,0.80,3.45,0.18,0.00,0.00,0.00,0.00,0.00,0.01,0.00,0.02,0.01,0.02,Matches
2310,Unai Vencedor Paris,es ESP,MF,Levante,es La Liga,25-049,2000,10,10,672,7.5,0.00,0.00,0.00,0.00,0.00,0.00,0.27,0.13,0.00,0.00,0.12,0.12,0.27,4.27,0.27,0.00,0.00,0.00,0.00,0.00,0.00,0.13,0.13,0.00,0.13,Matches
Rk,Player,Nation,Pos,Squad,Comp,Age,Born,MP,Starts,Min,90s,Gls,Ast,G+A,G-PK,PK,PKatt,CrdY,CrdR,xG,npxG,xAG,npxG+xAG,PrgC,PrgP,PrgR,Gls,Ast,G+A,G-PK,G+A-PK,xG,xAG,xG+xAG,npxG,npxG+xAG,Matches
2311,Lorenzo Venturino,it ITA,"FW,MF",Genoa,it Serie A,19-195,2006,2,0,40,0.4,0.00,0.00,0.00,0.00,0.00,0.00,0.00,0.00,0.00,0.00,1.00,1.00,10.0,10.0,30.0,0.00,0.00,0.00,0.00,0.00,0.02,0.80,0.81,0.02,0.81,Matches
2312,Nikolas Veratschnig,at AUT,DF,Mainz 05,de Bundesliga,22-344,2003,11,2,271,3.0,0.00,0.00,0.00,0.00,0.00,0.00,0.67,0.00,0.00,0.00,0.00,0.03,2.00,3.00,6.67,0.00,0.00,0.00,0.00,0.00,0.01,0.01,0.02,0.01,0.02,Matches
2313,Bart Verbruggen,nl NED,GK,Brighton,eng Premier League,23-138,2002,19,19,"1,71",19.0,0.00,0.00,0.00,0.00,0.00,0.00,0.16,0.00,0.00,0.00,0.01,0.01,0.00,0.00,0.00,0.00,0.00,0.00,0.00,0.00,0.00,0.01,0.01,0.00,0.01,Matches
2314,Calvin Verdonk,id IDN,DF,Lille,fr Ligue 1,28-252,1997,5,2,267,3.0,0.00,0.00,0.00,0.00,0.00,0.00,0.67,0.33,0.00,0.00,0.10,0.10,1.00,9.00,4.00,0.00,0.00,0.00,0.00,0.00,0.01,0.10,0.10,0.01,0.10,Matches
2315,Antonio Vergara,it ITA,"FW,MF",Napoli,it Serie A,22-352,2003,2,0,7,0.1,0.00,0.00,0.00,0.00,0.00,0.00,0.00,0.00,0.00,0.00,0.00,0.00,0.00,0.00,0.00,0.00,0.00,0.00,0.00,0.00,0.00,0.00,0.00,0.00,0.00,Matches
2316,Arthur Vermeeren,be BEL,MF,Marseille,fr Ligue 1,20-330,2005,9,6,532,5.9,0.00,0.17,0.17,0.00,0.00,0.00,0.17,0.00,0.02,0.02,0.03,0.03,1.19,5.42,1.69,0.00,0.17,0.17,0.00,0.17,0.01,0.03,0.04,0.01,0.04,Matches
2317,Jozhua Vertrouwd,nl NED,DF,Rayo Vallecano,es La Liga,21-135,2004,4,1,207,2.3,0.00,0.00,0.00,0.00,0.00,0.00,0.00,0.00,0.00,0.00,0.04,0.09,0.00,0.43,0.87,0.00,0.00,0.00,0.00,0.00,0.02,0.06,0.09,0.02,0.09,Matches
2318,Mikel Vesga,es ESP,MF,Athletic Club,es La Liga,32-227,1993,12,1,247,2.7,0.00,0.00,0.00,0.00,0.00,0.00,0.00,0.00,0.04,0.04,0.04,0.07,1.11,8.52,2.22,0.00,0.00,0.00,0.00,0.00,0.05,0.03,0.08,0.05,0.08,Matches
2319,Guglielmo Vicario,it ITA,GK,Tottenham,eng Premier League,29-088,1996,19,19,"1,71",19.0,0.00,0.00,0.00,0.00,0.00,0.00,0.05,0.00,0.00,0.00,0.00,0.00,0.00,0.00,0.00,0.00,0.00,0.00,0.00,0.00,0.00,0.00,0.00,0.00,0.00,Matches
2320,Nacho Vidal,es ESP,DF,Oviedo,es La Liga,30-344,1995,12,12,979,10.9,0.00,0.00,0.00,0.00,0.00,0.00,0.18,0.00,0.09,0.09,0.01,0.10,1.38,1.74,2.75,0.00,0.00,0.00,0.00,0.00,0.09,0.00,0.10,0.09,0.10,Matches
2321,Julián Vignolo,ar ARG,"MF,FW",Toulouse,fr Ligue 1,19-027,2006,5,0,44,0.5,0.00,0.00,0.00,0.00,0.00,0.00,0.00,0.00,0.00,0.00,0.20,0.20,2.00,2.00,8.00,0.00,0.00,0.00,0.00,0.00,0.00,0.11,0.11,0.00,0.11,Matches
2322,Jan Virgili,es ESP,"FW,MF",Mallorca,es La Liga,19-161,2006,12,9,752,8.4,0.00,0.48,0.48,0.00,0.00,0.00,0.00,0.00,0.17,0.17,0.27,0.44,4.40,1.90,8.45,0.00,0.48,0.48,0.00,0.48,0.16,0.28,0.44,0.16,0.44,Matches
2323,Mattia Viti,it ITA,DF,Fiorentina,it Serie A,23-344,2002,10,2,265,2.9,0.00,0.00,0.00,0.00,0.00,0.00,01.03,0.34,0.00,0.00,0.00,0.00,2.76,6.90,1.38,0.00,0.00,0.00,0.00,0.00,0.00,0.00,0.00,0.00,0.00,Matches
2324,Martin Vitík,cz CZE,DF,Bologna,it Serie A,22-347,2003,6,5,450,5.0,0.00,0.00,0.00,0.00,0.00,0.00,0.20,0.00,0.04,0.04,0.04,0.08,0.60,4.80,0.20,0.00,0.00,0.00,0.00,0.00,0.03,0.04,0.07,0.03,0.07,Matches
2325,Daniel Vivian,es ESP,DF,Athletic Club,es La Liga,26-172,1999,16,15,"1,378",15.3,0.00,0.00,0.00,0.00,0.00,0.00,0.33,0.07,0.05,0.05,0.03,0.08,0.52,4.12,0.13,0.00,0.00,0.00,0.00,0.00,0.05,0.03,0.08,0.05,0.08,Matches
2326,Odysseas Vlachodimos,gr GRE,GK,Sevilla,es La Liga,31-252,1994,13,13,"1,17",13.0,0.00,0.00,0.00,0.00,0.00,0.00,0.08,0.00,0.00,0.00,0.00,0.00,0.00,0.00,0.00,0.00,0.00,0.00,0.00,0.00,0.00,0.00,0.00,0.00,0.00,Matches
2327,Aster Vranckx,be BEL,MF,Sassuolo,it Serie A,23-091,2002,10,7,507,5.6,0.00,0.00,0.00,0.00,0.00,0.00,0.18,0.00,0.00,0.00,0.02,0.02,0.54,1.79,1.61,0.00,0.00,0.00,0.00,0.00,0.01,0.02,0.03,0.01,0.03,Matches
2328,Stefan de Vrij,nl NED,DF,Inter,it Serie A,33-332,1992,3,2,181,2.0,0.00,0.00,0.00,0.00,0.00,0.00,0.00,0.00,0.05,0.05,0.00,0.05,0.50,5.00,0.00,0.00,0.00,0.00,0.00,0.00,0.05,0.01,0.06,0.05,0.06,Matches
2329,İsak Vural,tr TUR,MF,Pisa,it Serie A,19-220,2006,9,5,434,4.8,0.00,0.00,0.00,0.00,0.00,0.00,0.63,0.00,0.04,0.04,0.00,0.04,1.25,01.04,1.88,0.00,0.00,0.00,0.00,0.00,0.03,0.01,0.04,0.03,0.04,Matches
2330,Yannik Wagner,de GER,"MF,FW",Heidenheim,de Bundesliga,18-239,2007,3,0,39,0.4,0.00,0.00,0.00,0.00,0.00,0.00,0.00,0.00,0.00,0.00,1.50,1.50,0.00,2.50,12.5,0.00,0.00,0.00,0.00,0.00,0.04,1.39,1.44,0.04,1.44,Matches
2331,Elye Wahi,fr FRA,FW,Eint Frankfurt,de Bundesliga,23-001,2003,10,3,324,3.6,0.00,0.28,0.28,0.00,0.00,0.00,0.28,0.00,0.22,0.22,0.08,0.31,1.67,2.78,5.83,0.00,0.28,0.28,0.00,0.28,0.22,0.09,0.31,0.22,0.31,Matches
2332,Kyle Walker,eng ENG,"DF,MF",Burnley,eng Premier League,35-220,1990,18,18,"1,606",17.8,0.00,0.06,0.06,0.00,0.00,0.00,0.34,0.00,0.01,0.01,0.03,0.03,1.35,2.70,1.52,0.00,0.06,0.06,0.00,0.06,0.01,0.03,0.04,0.01,0.04,Matches
2333,Sebastian Walukiewicz,pl POL,DF,Sassuolo,it Serie A,25-273,2000,16,16,"1,326",14.7,0.00,0.00,0.00,0.00,0.00,0.00,0.20,0.00,0.01,0.01,0.07,0.07,1.36,3.33,1.22,0.00,0.00,0.00,0.00,0.00,0.00,0.07,0.07,0.00,0.07,Matches
2334,Aaron Wan-Bissaka,cd COD,DF,West Ham,eng Premier League,28-038,1997,12,11,"1,011",11.2,0.00,0.00,0.00,0.00,0.00,0.00,0.18,0.00,0.00,0.00,0.05,0.05,2.14,3.30,4.46,0.00,0.00,0.00,0.00,0.00,0.00,0.06,0.06,0.00,0.06,Matches
2335,James Ward-Prowse,eng ENG,MF,West Ham,eng Premier League,31-063,1994,5,5,413,4.6,0.00,0.00,0.00,0.00,0.00,0.00,0.00,0.00,0.02,0.02,0.20,0.22,0.22,4.35,1.74,0.00,0.00,0.00,0.00,0.00,0.03,0.20,0.23,0.03,0.23,Matches
2336,Tom Watson,eng ENG,"FW,MF",Brighton,eng Premier League,19-270,2006,4,0,50,0.6,0.00,0.00,0.00,0.00,0.00,0.00,0.00,0.00,0.00,0.00,0.00,0.00,5.00,1.67,5.00,0.00,0.00,0.00,0.00,0.00,0.06,0.00,0.06,0.06,0.06,Matches
2337,Tobias Weigel,de GER,FW,Heidenheim,de Bundesliga,18-252,2007,1,0,2,0.0,0,0,0,0,0,0,0,0,0.0,0.0,0.0,0.0,0,0,0,0.00,0.00,0.00,0.00,0.00,0.00,0.00,0.00,0.00,0.00,Matches
2338,Nelson Weiper,de GER,FW,Mainz 05,de Bundesliga,20-292,2005,13,3,437,4.9,0.00,0.00,0.00,0.00,0.00,0.00,0.00,0.00,0.27,0.27,0.06,0.31,01.02,1.84,6.53,0.00,0.00,0.00,0.00,0.00,0.26,0.05,0.31,0.26,0.31,Matches
2339,Timo Werner,de GER,FW,RB Leipzig,de Bundesliga,29-303,1996,3,0,14,0.2,0.00,0.00,0.00,0.00,0.00,0.00,0.00,0.00,0.00,0.00,0.00,0.00,10.0,5.00,15.0,0.00,0.00,0.00,0.00,0.00,0.00,0.00,0.00,0.00,0.00,Matches
2340,Adam Wharton,eng ENG,MF,Crystal Palace,eng Premier League,21-331,2004,17,17,"1,386",15.4,0.00,0.13,0.13,0.00,0.00,0.00,0.13,0.00,0.06,0.06,0.23,0.29,1.30,5.84,0.91,0.00,0.13,0.13,0.00,0.13,0.06,0.23,0.29,0.06,0.29,Matches
2341,Ben White,eng ENG,DF,Arsenal,eng Premier League,28-087,1997,5,4,288,3.2,0.00,0.31,0.31,0.00,0.00,0.00,0.00,0.00,0.13,0.13,0.25,0.34,1.88,6.56,3.44,0.00,0.31,0.31,0.00,0.31,0.12,0.24,0.35,0.12,0.35,Matches
2342,Mats Wieffer,nl NED,DF,Brighton,eng Premier League,26-048,1999,16,13,"1,181",13.1,0.00,0.23,0.23,0.00,0.00,0.00,0.31,0.00,0.09,0.09,0.24,0.33,1.91,5.50,3.44,0.00,0.23,0.23,0.00,0.23,0.09,0.23,0.33,0.09,0.33,Matches
2343,Joe Willock,eng ENG,MF,Newcastle Utd,eng Premier League,26-136,1999,10,2,238,2.6,0.00,0.00,0.00,0.00,0.00,0.00,0.38,0.00,0.08,0.08,0.12,0.15,5.00,4.23,5.77,0.00,0.00,0.00,0.00,0.00,0.06,0.11,0.17,0.06,0.17,Matches
2344,Jonas Wind,dk DEN,FW,Wolfsburg,de Bundesliga,26-330,1999,8,3,301,3.3,0.00,0.00,0.00,0.00,0.00,0.00,0.30,0.00,0.24,0.24,0.03,0.30,0.91,5.15,3.33,0.00,0.00,0.00,0.00,0.00,0.25,0.04,0.29,0.25,0.29,Matches
2345,Ben Winterburn,eng ENG,MF,Bournemouth,eng Premier League,21-121,2004,1,0,7,0.1,0.00,0.00,0.00,0.00,0.00,0.00,0.00,0.00,0.00,0.00,0.00,0.00,0.00,0.00,0.00,0.00,0.00,0.00,0.00,0.00,0.00,0.00,0.00,0.00,0.00,Matches
Rk,Player,Nation,Pos,Squad,Comp,Age,Born,MP,Starts,Min,90s,Gls,Ast,G+A,G-PK,PK,PKatt,CrdY,CrdR,xG,npxG,xAG,npxG+xAG,PrgC,PrgP,PrgR,Gls,Ast,G+A,G-PK,G+A-PK,xG,xAG,xG+xAG,npxG,npxG+xAG,Matches
2346,Nick Woltemade,de GER,FW,Stuttgart,de Bundesliga,23-323,2002,1,1,90,1.0,0.00,0.00,0.00,0.00,0.00,0.00,0.00,0.00,0.00,0.00,0.10,0.10,1.00,1.00,5.00,0.00,0.00,0.00,0.00,0.00,0.00,0.13,0.13,0.00,0.13,Matches
2347,Jeong Woo-yeong,kr KOR,"MF,FW",Union Berlin,de Bundesliga,26-105,1999,13,5,442,4.9,0.00,0.20,0.20,0.00,0.00,0.00,0.00,0.00,0.16,0.16,0.06,0.22,1.22,02.04,03.06,0.00,0.20,0.20,0.00,0.20,0.16,0.06,0.22,0.16,0.22,Matches
2348,Christopher Wooh,cm CMR,DF,Rennes,fr Ligue 1,24-107,2001,2,1,64,0.7,0.00,0.00,0.00,0.00,0.00,0.00,0.00,1.43,0.00,0.00,0.00,0.00,0.00,0.00,0.00,0.00,0.00,0.00,0.00,0.00,0.00,0.00,0.00,0.00,0.00,Matches
2349,Joe Worrall,eng ENG,DF,Burnley,eng Premier League,28-358,1997,6,1,157,1.7,0.00,0.00,0.00,0.00,0.00,0.00,0.00,0.00,0.00,0.00,0.00,0.00,0.00,1.18,1.18,0.00,0.00,0.00,0.00,0.00,0.00,0.00,0.00,0.00,0.00,Matches
2350,Yehor Yarmoliuk,ua UKR,MF,Brentford,eng Premier League,21-308,2004,19,17,"1,387",15.4,0.00,0.13,0.13,0.00,0.00,0.00,0.19,0.00,0.03,0.03,0.08,0.12,0.97,3.90,1.43,0.00,0.13,0.13,0.00,0.13,0.03,0.08,0.12,0.03,0.12,Matches
2351,Ryan Yates,eng ENG,MF,Nott'ham Forest,eng Premier League,28-043,1997,11,1,307,3.4,0.00,0.29,0.29,0.00,0.00,0.00,0.29,0.00,0.00,0.00,0.03,0.06,0.29,4.71,0.88,0.00,0.29,0.29,0.00,0.29,0.01,0.04,0.05,0.01,0.05,Matches
2352,Terry Yegbe,gh GHA,DF,Metz,fr Ligue 1,24-343,2001,13,12,"1,094",12.2,0.00,0.08,0.08,0.00,0.00,0.00,0.00,0.00,0.05,0.05,0.04,0.09,0.08,1.39,0.08,0.00,0.08,0.08,0.00,0.08,0.05,0.04,0.09,0.05,0.09,Matches
2353,Bertuğ Yıldırım,tr TUR,FW,Rennes,fr Ligue 1,23-175,2002,1,0,3,0.0,0,0,0,0,0,0,0,0,0.0,0.0,0.2,0.2,0,1,2,0.00,0.00,0.00,0.00,0.00,0.00,4.85,4.85,0.00,4.85,Matches
2354,Darlin Yongwa,cm CMR,DF,Lorient,fr Ligue 1,25-103,2000,14,9,794,8.8,0.00,0.00,0.00,0.00,0.00,0.00,0.23,0.11,0.02,0.02,0.11,0.15,2.50,4.66,2.27,0.00,0.00,0.00,0.00,0.00,0.03,0.11,0.14,0.03,0.14,Matches
2355,Leny Yoro,fr FRA,DF,Manchester Utd,eng Premier League,20-051,2005,19,11,"1,049",11.7,0.00,0.00,0.00,0.00,0.00,0.00,0.00,0.00,0.03,0.03,0.00,0.03,1.11,4.62,0.43,0.00,0.00,0.00,0.00,0.00,0.02,0.00,0.03,0.02,0.03,Matches
2356,Etienne Youte Kinkoue,fr FRA,"DF,MF",Le Havre,fr Ligue 1,23-354,2002,7,3,326,3.6,0.00,0.00,0.00,0.00,0.00,0.00,0.56,0.00,0.00,0.00,0.00,0.00,0.56,5.00,0.00,0.00,0.00,0.00,0.00,0.00,0.00,0.00,0.00,0.00,0.00,Matches
2357,Dan-Axel Zagadou,fr FRA,DF,Stuttgart,de Bundesliga,26-214,1999,2,2,164,1.8,0.00,0.00,0.00,0.00,0.00,0.00,0.00,0.00,0.17,0.17,0.06,0.22,1.67,5.00,0.00,0.00,0.00,0.00,0.00,0.00,0.15,0.05,0.21,0.15,0.21,Matches
2358,Stephan Zagadou,fr FRA,DF,Le Havre,fr Ligue 1,17-071,2008,1,1,64,0.7,0.00,0.00,0.00,0.00,0.00,0.00,0.00,0.00,0.00,0.00,0.00,0.00,0.00,5.71,1.43,0.00,0.00,0.00,0.00,0.00,0.00,0.00,0.00,0.00,0.00,Matches
2359,Denis Zakaria,ch SUI,MF,Monaco,fr Ligue 1,29-044,1996,7,6,527,5.9,0.00,0.17,0.17,0.00,0.00,0.00,0.34,0.17,0.00,0.00,0.20,0.20,1.36,4.24,1.19,0.00,0.17,0.17,0.00,0.17,0.00,0.21,0.21,0.00,0.21,Matches
2360,Arsen Zakharyan,ru RUS,MF,Real Sociedad,es La Liga,22-222,2003,11,1,289,3.2,0.00,0.00,0.00,0.00,0.00,0.00,0.31,0.00,0.03,0.03,0.25,0.28,2.19,5.00,7.81,0.00,0.00,0.00,0.00,0.00,0.04,0.24,0.28,0.04,0.28,Matches
2361,Alessandro Zanoli,it ITA,DF,Udinese,it Serie A,25-092,2000,14,11,936,10.4,0.00,0.10,0.10,0.00,0.00,0.00,0.10,0.00,0.00,0.00,0.09,0.09,2.31,0.96,4.52,0.00,0.10,0.10,0.00,0.10,0.00,0.08,0.08,0.00,0.08,Matches
2362,Gabriele Zappa,it ITA,DF,Cagliari,it Serie A,26-012,1999,16,14,"1,124",12.5,0.00,0.16,0.16,0.00,0.00,0.00,0.16,0.00,0.01,0.01,0.09,0.10,1.52,4.16,1.92,0.00,0.16,0.16,0.00,0.16,0.01,0.09,0.10,0.01,0.10,Matches
2363,Davide Zappacosta,it ITA,DF,Atalanta,it Serie A,33-206,1992,14,13,"1,026",11.4,0.00,0.18,0.18,0.00,0.00,0.00,0.18,0.00,0.06,0.06,0.15,0.21,2.46,04.04,7.89,0.00,0.18,0.18,0.00,0.18,0.06,0.15,0.21,0.06,0.21,Matches
2364,Bryan Zaragoza,es ESP,"FW,MF",Celta Vigo,es La Liga,24-116,2001,15,9,819,9.1,0.00,0.11,0.11,0.00,0.00,0.00,0.00,0.00,0.08,0.08,0.22,0.31,5.93,2.31,9.67,0.00,0.11,0.11,0.00,0.11,0.08,0.22,0.30,0.08,0.30,Matches
2365,Oier Zarraga,es ESP,MF,Udinese,it Serie A,26-364,1999,8,1,191,2.1,0.00,0.00,0.00,0.00,0.00,0.00,0.48,0.00,0.05,0.05,0.00,0.05,1.90,3.33,1.90,0.00,0.00,0.00,0.00,0.00,0.06,0.00,0.06,0.06,0.06,Matches
2366,Jordan Zemura,zw ZIM,DF,Udinese,it Serie A,26-050,1999,9,6,497,5.5,0.00,0.00,0.00,0.00,0.00,0.00,0.18,0.00,0.02,0.02,0.05,0.09,1.45,2.36,5.64,0.00,0.00,0.00,0.00,0.00,0.02,0.06,0.09,0.02,0.09,Matches
2367,Robin Zentner,de GER,GK,Mainz 05,de Bundesliga,31-067,1994,9,9,786,8.7,0.00,0.00,0.00,0.00,0.00,0.00,0.23,0.11,0.00,0.00,0.00,0.00,0.00,0.11,0.00,0.00,0.00,0.00,0.00,0.00,0.00,0.00,0.00,0.00,0.00,Matches
2368,Alessio Zerbin,it ITA,"DF,MF",Cremonese,it Serie A,26-306,1999,12,8,689,7.7,0.00,0.26,0.26,0.00,0.00,0.00,0.13,0.00,0.06,0.06,0.17,0.22,2.47,2.86,4.68,0.00,0.26,0.26,0.00,0.26,0.06,0.16,0.23,0.06,0.23,Matches
2369,Cedric Zesiger,ch SUI,DF,Augsburg,de Bundesliga,27-193,1998,9,5,379,4.2,0.00,0.00,0.00,0.00,0.00,0.00,0.95,0.00,0.02,0.02,0.02,0.05,0.71,5.00,0.24,0.00,0.00,0.00,0.00,0.00,0.01,0.03,0.04,0.01,0.04,Matches
2370,Michael Zetterer,de GER,GK,Eint Frankfurt,de Bundesliga,30-175,1995,11,11,990,11.0,0.00,0.00,0.00,0.00,0.00,0.00,0.00,0.00,0.00,0.00,0.00,0.00,0.00,0.27,0.00,0.00,0.00,0.00,0.00,0.00,0.00,0.00,0.00,0.00,0.00,Matches
2371,Edon Zhegrova,xk KVX,MF,Juventus,it Serie A,26-278,1999,6,0,131,1.5,0.00,0.00,0.00,0.00,0.00,0.00,0.00,0.00,0.20,0.20,0.27,0.47,6.00,10.0,19.3,0.00,0.00,0.00,0.00,0.00,0.19,0.26,0.45,0.19,0.45,Matches
2372,Oleksandr Zinchenko,ua UKR,DF,Nott'ham Forest,eng Premier League,29-019,1996,5,4,353,3.9,0.00,0.00,0.00,0.00,0.00,0.00,0.00,0.00,0.03,0.03,0.13,0.15,03.08,10.5,3.59,0.00,0.00,0.00,0.00,0.00,0.02,0.13,0.15,0.02,0.15,Matches
2373,Melvin Zinga,fr FRA,GK,Angers,fr Ligue 1,23-293,2002,1,1,90,1.0,0.00,0.00,0.00,0.00,0.00,0.00,0.00,0.00,0.00,0.00,0.00,0.00,0.00,0.00,0.00,0.00,0.00,0.00,0.00,0.00,0.00,0.00,0.00,0.00,0.00,Matches
2374,Jan Ziółkowski,pl POL,DF,Roma,it Serie A,20-212,2005,7,3,292,3.2,0.00,0.00,0.00,0.00,0.00,0.00,0.63,0.00,0.00,0.00,0.00,0.00,0.00,1.88,0.31,0.00,0.00,0.00,0.00,0.00,0.00,0.00,0.00,0.00,0.00,Matches
2375,Luck Zogbé,ci CIV,"FW,DF",Brest,fr Ligue 1,20-285,2005,3,0,4,0.0,0,0,0,0,0,0,0,0,0.0,0.0,0.0,0.0,0,0,0,0.00,0.00,0.00,0.00,0.00,0.00,0.00,0.00,0.00,0.00,Matches
2376,Nadir Zortea,it ITA,DF,Bologna,it Serie A,26-198,1999,11,8,766,8.5,0.00,0.12,0.12,0.00,0.00,0.00,0.00,0.00,0.05,0.05,0.19,0.24,3.18,4.35,4.24,0.00,0.12,0.12,0.00,0.12,0.04,0.19,0.24,0.04,0.24,Matches
2377,Yanis Zouaoui,dz ALG,DF,Le Havre,fr Ligue 1,31-177,1994,15,14,"1,232",13.7,0.00,0.07,0.07,0.00,0.00,0.00,0.29,0.00,0.04,0.04,0.11,0.15,2.34,3.80,3.36,0.00,0.07,0.07,0.00,0.07,0.04,0.11,0.15,0.04,0.15,Matches
2378,Igor Zubeldia,es ESP,DF,Real Sociedad,es La Liga,28-279,1997,14,14,"1,26",14.0,0.00,0.07,0.07,0.00,0.00,0.00,0.36,0.00,0.01,0.01,0.05,0.06,0.36,3.43,0.00,0.00,0.07,0.07,0.00,0.07,0.01,0.05,0.06,0.01,0.06,Matches
2379,Milan Đurić,ba BIH,FW,Parma,it Serie A,35-226,1990,11,0,59,0.7,0.00,0.00,0.00,0.00,0.00,0.00,0.00,0.00,0.29,0.29,0.00,0.29,0.00,0.00,1.43,0.00,0.00,0.00,0.00,0.00,0.28,0.00,0.28,0.28,0.28,Matches
2380,Marko Livaja,CRO,FW,Hajduk,HNL,32,1993,148,142,12780,142.0,0.62,0.30,0.92,0.42,0.20,0.23,0.22,0.01,0.58,0.39,0.28,0.67,2.85,4.12,7.40,0.62,0.30,0.92,0.42,0.72,0.58,0.28,0.86,0.39,0.67,Matches